2026-09-26 06:21:57 [INFO] ===========================================================
2026-09-26 06:21:57 [INFO] EVOLUTIONARY TRADING RESEARCH LAB - V2.3 DEPENDENCY VERIFIER
2026-09-26 06:21:57 [INFO] ===========================================================
2026-09-26 06:21:57 [INFO] Python interpreter: /usr/local/bin/python3
2026-09-26 06:21:57 [INFO] Python version: 3.13.14 (linux)
2026-09-26 06:21:57 [OK] Python 3.13.14 is within the fully tested runtime range (3.10 - 3.13).
2026-09-26 06:21:57 [OK] psutil verified (7.2.2).
2026-09-26 06:21:57 [OK] fastapi verified (0.141.1).
2026-09-26 06:21:57 [OK] uvicorn verified (0.54.0).
2026-09-26 06:21:57 [OK] pydantic verified (2.13.4).
2026-09-26 06:21:57 [OK] yaml verified (6.0.3).
2026-09-26 06:21:57 [OK] httpx verified (0.28.1).
2026-09-26 06:21:57 [OK] websockets verified (17.1).
2026-09-26 06:21:58 [OK] numpy verified (2.3.5).
2026-09-26 06:21:58 [OK] pandas verified (2.2.3).
2026-09-26 06:21:58 [OK] pyarrow verified (25.0.1).
2026-09-26 06:21:58 [OK] duckdb verified (1.5.5).
2026-09-26 06:21:58 [INFO] Operating system is linux. MetaTrader 5 bridge runs in high-fidelity SIMULATOR mode.
2026-09-26 06:21:58 [OK] Database verified at DATABASE/lab_state.db (user_version=3, strategies=371). Historical data preserved.
2026-09-26 06:21:58 [OK] Application main module imported successfully (FastAPI v2.3.0).
2026-09-26 06:21:58 [OK] ALL BACKEND RUNTIME DEPENDENCIES & APPLICATION ENTRYPOINTS VERIFIED.
2026-09-26 06:24:18 [INFO] ===========================================================
2026-09-26 06:24:18 [INFO] EVOLUTIONARY TRADING RESEARCH LAB - V2.3 DEPENDENCY VERIFIER
2026-09-26 06:24:18 [INFO] ===========================================================
2026-09-26 06:24:18 [INFO] Python interpreter: /usr/local/bin/python3.13
2026-09-26 06:24:18 [INFO] Python version: 3.13.14 (linux)
2026-09-26 06:24:18 [OK] Python 3.13.14 is within the fully tested runtime range (3.10 - 3.13).
2026-09-26 06:24:18 [OK] psutil verified (7.2.2).
2026-09-26 06:24:19 [OK] fastapi verified (0.141.1).
2026-09-26 06:24:19 [OK] uvicorn verified (0.54.0).
2026-09-26 06:24:19 [OK] pydantic verified (2.13.4).
2026-09-26 06:24:19 [OK] yaml verified (6.0.3).
2026-09-26 06:24:19 [OK] httpx verified (0.28.1).
2026-09-26 06:24:19 [OK] websockets verified (17.1).
2026-09-26 06:24:19 [OK] numpy verified (2.3.5).
2026-09-26 06:24:19 [OK] pandas verified (2.2.3).
2026-09-26 06:24:19 [OK] pyarrow verified (25.0.1).
2026-09-26 06:24:19 [OK] duckdb verified (1.5.5).
2026-09-26 06:24:19 [INFO] Operating system is linux. MetaTrader 5 bridge runs in high-fidelity SIMULATOR mode.
2026-09-26 06:24:19 [OK] Database verified at DATABASE/lab_state.db (user_version=3, strategies=371). Historical data preserved.
2026-09-26 06:24:19 [OK] Application main module imported successfully (FastAPI v2.3.0).
2026-09-26 06:24:19 [OK] ALL BACKEND RUNTIME DEPENDENCIES & APPLICATION ENTRYPOINTS VERIFIED.
2026-09-26 06:24:55 [INFO] ===========================================================
2026-09-26 06:24:55 [INFO] EVOLUTIONARY TRADING RESEARCH LAB - V2.3 DEPENDENCY VERIFIER
2026-09-26 06:24:55 [INFO] ===========================================================
2026-09-26 06:24:55 [INFO] Python interpreter: /usr/local/bin/python3.13
2026-09-26 06:24:55 [INFO] Python version: 3.13.14 (linux)
2026-09-26 06:24:55 [OK] Python 3.13.14 is within the fully tested runtime range (3.10 - 3.13).
2026-09-26 06:24:55 [OK] psutil verified (7.2.2).
2026-09-26 06:24:55 [OK] fastapi verified (0.141.1).
2026-09-26 06:24:55 [OK] uvicorn verified (0.54.0).
2026-09-26 06:24:55 [OK] pydantic verified (2.13.4).
2026-09-26 06:24:55 [OK] yaml verified (6.0.3).
2026-09-26 06:24:55 [OK] httpx verified (0.28.1).
2026-09-26 06:24:55 [OK] websockets verified (17.1).
2026-09-26 06:24:55 [OK] numpy verified (2.3.5).
2026-09-26 06:24:55 [OK] pandas verified (2.2.3).
2026-09-26 06:24:55 [OK] pyarrow verified (25.0.1).
2026-09-26 06:24:55 [OK] duckdb verified (1.5.5).
2026-09-26 06:24:55 [INFO] Operating system is linux. MetaTrader 5 bridge runs in high-fidelity SIMULATOR mode.
2026-09-26 06:24:55 [OK] Database verified at DATABASE/lab_state.db (user_version=3, strategies=371). Historical data preserved.
2026-09-26 06:24:56 [OK] Application main module imported successfully (FastAPI v2.3.0).
2026-09-26 06:24:56 [OK] ALL BACKEND RUNTIME DEPENDENCIES & APPLICATION ENTRYPOINTS VERIFIED.
2026-09-26 06:38:44 [INFO] ===========================================================
2026-09-26 06:38:44 [INFO] EVOLUTIONARY TRADING RESEARCH LAB - V2.3 DEPENDENCY VERIFIER
2026-09-26 06:38:44 [INFO] ===========================================================
2026-09-26 06:38:44 [INFO] Python interpreter: /usr/local/bin/python3.13
2026-09-26 06:38:44 [INFO] Python version: 3.13.14 (linux)
2026-09-26 06:38:44 [OK] Python 3.13.14 is within the fully tested runtime range (3.10 - 3.13).
2026-09-26 06:38:44 [OK] psutil verified (7.2.2).
2026-09-26 06:38:44 [OK] fastapi verified (0.141.1).
2026-09-26 06:38:44 [OK] uvicorn verified (0.54.0).
2026-09-26 06:38:44 [OK] pydantic verified (2.13.4).
2026-09-26 06:38:44 [OK] yaml verified (6.0.3).
2026-09-26 06:38:44 [OK] httpx verified (0.28.1).
2026-09-26 06:38:44 [OK] websockets verified (17.1).
2026-09-26 06:38:44 [OK] numpy verified (2.3.5).
2026-09-26 06:38:45 [OK] pandas verified (2.2.3).
2026-09-26 06:38:45 [OK] pyarrow verified (25.0.1).
2026-09-26 06:38:45 [OK] duckdb verified (1.5.5).
2026-09-26 06:38:45 [INFO] Operating system is linux. MetaTrader 5 bridge runs in high-fidelity SIMULATOR mode.
2026-09-26 06:38:45 [OK] Database verified at DATABASE/lab_state.db (user_version=3, strategies=371). Historical data preserved.
2026-09-26 06:38:45 [OK] Application main module imported successfully (FastAPI v2.3.0).
2026-09-26 06:38:45 [OK] ALL BACKEND RUNTIME DEPENDENCIES & APPLICATION ENTRYPOINTS VERIFIED.
2026-09-26 06:39:04 [INFO] ===========================================================
2026-09-26 06:39:04 [INFO] EVOLUTIONARY TRADING RESEARCH LAB - V2.3 DEPENDENCY VERIFIER
2026-09-26 06:39:04 [INFO] ===========================================================
2026-09-26 06:39:04 [INFO] Python interpreter: /usr/local/bin/python3.13
2026-09-26 06:39:04 [INFO] Python version: 3.13.14 (linux)
2026-09-26 06:39:04 [OK] Python 3.13.14 is within the fully tested runtime range (3.10 - 3.13).
2026-09-26 06:39:04 [OK] psutil verified (7.2.2).
2026-09-26 06:39:05 [OK] fastapi verified (0.141.1).
2026-09-26 06:39:05 [OK] uvicorn verified (0.54.0).
2026-09-26 06:39:05 [OK] pydantic verified (2.13.4).
2026-09-26 06:39:05 [OK] yaml verified (6.0.3).
2026-09-26 06:39:05 [OK] httpx verified (0.28.1).
2026-09-26 06:39:05 [OK] websockets verified (17.1).
2026-09-26 06:39:05 [OK] numpy verified (2.3.5).
2026-09-26 06:39:05 [OK] pandas verified (2.2.3).
2026-09-26 06:39:05 [OK] pyarrow verified (25.0.1).
2026-09-26 06:39:05 [OK] duckdb verified (1.5.5).
2026-09-26 06:39:05 [INFO] Operating system is linux. MetaTrader 5 bridge runs in high-fidelity SIMULATOR mode.
2026-09-26 06:39:05 [OK] Database verified at DATABASE/lab_state.db (user_version=3, strategies=371). Historical data preserved.
2026-09-26 06:39:06 [OK] Application main module imported successfully (FastAPI v2.3.0).
2026-09-26 06:39:06 [OK] ALL BACKEND RUNTIME DEPENDENCIES & APPLICATION ENTRYPOINTS VERIFIED.
2026-09-26 06:39:46 [INFO] ===========================================================
2026-09-26 06:39:46 [INFO] EVOLUTIONARY TRADING RESEARCH LAB - V2.3 DEPENDENCY VERIFIER
2026-09-26 06:39:46 [INFO] ===========================================================
2026-09-26 06:39:46 [INFO] Python interpreter: /usr/local/bin/python3.13
2026-09-26 06:39:46 [INFO] Python version: 3.13.14 (linux)
2026-09-26 06:39:46 [OK] Python 3.13.14 is within the fully tested runtime range (3.10 - 3.13).
2026-09-26 06:39:46 [OK] psutil verified (7.2.2).
2026-09-26 06:39:47 [OK] fastapi verified (0.141.1).
2026-09-26 06:39:47 [OK] uvicorn verified (0.54.0).
2026-09-26 06:39:47 [OK] pydantic verified (2.13.4).
2026-09-26 06:39:47 [OK] yaml verified (6.0.3).
2026-09-26 06:39:47 [OK] httpx verified (0.28.1).
2026-09-26 06:39:47 [OK] websockets verified (17.1).
2026-09-26 06:39:47 [OK] numpy verified (2.3.5).
2026-09-26 06:39:47 [OK] pandas verified (2.2.3).
2026-09-26 06:39:47 [OK] pyarrow verified (25.0.1).
2026-09-26 06:39:47 [OK] duckdb verified (1.5.5).
2026-09-26 06:39:47 [INFO] Operating system is linux. MetaTrader 5 bridge runs in high-fidelity SIMULATOR mode.
2026-09-26 06:39:47 [OK] Database verified at DATABASE/lab_state.db (user_version=3, strategies=371). Historical data preserved.
2026-09-26 06:39:47 [OK] Application main module imported successfully (FastAPI v2.3.0).
2026-09-26 06:39:47 [OK] ALL BACKEND RUNTIME DEPENDENCIES & APPLICATION ENTRYPOINTS VERIFIED.
2026-09-26 07:00:30 [INFO] ===========================================================
2026-09-26 07:00:30 [INFO] EVOLUTIONARY TRADING RESEARCH LAB - V2.3 DEPENDENCY VERIFIER
2026-09-26 07:00:30 [INFO] ===========================================================
2026-09-26 07:00:30 [INFO] Python interpreter: /usr/local/bin/python3.13
2026-09-26 07:00:30 [INFO] Python version: 3.13.14 (linux)
2026-09-26 07:00:30 [OK] Python 3.13.14 is within the fully tested runtime range (3.10 - 3.13).
2026-09-26 07:00:30 [OK] psutil verified (7.2.2).
2026-09-26 07:00:30 [OK] fastapi verified (0.141.1).
2026-09-26 07:00:30 [OK] uvicorn verified (0.54.0).
2026-09-26 07:00:30 [OK] pydantic verified (2.13.4).
2026-09-26 07:00:30 [OK] yaml verified (6.0.3).
2026-09-26 07:00:30 [OK] httpx verified (0.28.1).
2026-09-26 07:00:30 [OK] websockets verified (17.1).
2026-09-26 07:00:31 [OK] numpy verified (2.3.5).
2026-09-26 07:00:31 [OK] pandas verified (2.2.3).
2026-09-26 07:00:31 [OK] pyarrow verified (25.0.1).
2026-09-26 07:00:31 [OK] duckdb verified (1.5.5).
2026-09-26 07:00:31 [INFO] Operating system is linux. MetaTrader 5 bridge runs in high-fidelity SIMULATOR mode.
2026-09-26 07:00:31 [OK] Database verified at DATABASE/lab_state.db (user_version=3, strategies=371). Historical data preserved.
2026-09-26 07:00:31 [OK] Application main module imported successfully (FastAPI v2.4.0).
2026-09-26 07:00:31 [OK] ALL BACKEND RUNTIME DEPENDENCIES & APPLICATION ENTRYPOINTS VERIFIED.
2026-09-26 07:00:50 [INFO] ===========================================================
2026-09-26 07:00:50 [INFO] EVOLUTIONARY TRADING RESEARCH LAB - V2.3 DEPENDENCY VERIFIER
2026-09-26 07:00:50 [INFO] ===========================================================
2026-09-26 07:00:50 [INFO] Python interpreter: /usr/local/bin/python3.13
2026-09-26 07:00:50 [INFO] Python version: 3.13.14 (linux)
2026-09-26 07:00:50 [OK] Python 3.13.14 is within the fully tested runtime range (3.10 - 3.13).
2026-09-26 07:00:50 [OK] psutil verified (7.2.2).
2026-09-26 07:00:51 [OK] fastapi verified (0.141.1).
2026-09-26 07:00:51 [OK] uvicorn verified (0.54.0).
2026-09-26 07:00:51 [OK] pydantic verified (2.13.4).
2026-09-26 07:00:51 [OK] yaml verified (6.0.3).
2026-09-26 07:00:51 [OK] httpx verified (0.28.1).
2026-09-26 07:00:51 [OK] websockets verified (17.1).
2026-09-26 07:00:51 [OK] numpy verified (2.3.5).
2026-09-26 07:00:51 [OK] pandas verified (2.2.3).
2026-09-26 07:00:51 [OK] pyarrow verified (25.0.1).
2026-09-26 07:00:51 [OK] duckdb verified (1.5.5).
2026-09-26 07:00:51 [INFO] Operating system is linux. MetaTrader 5 bridge runs in high-fidelity SIMULATOR mode.
2026-09-26 07:00:51 [OK] Database verified at DATABASE/lab_state.db (user_version=3, strategies=371). Historical data preserved.
2026-09-26 07:00:51 [OK] Application main module imported successfully (FastAPI v2.4.0).
2026-09-26 07:00:51 [OK] ALL BACKEND RUNTIME DEPENDENCIES & APPLICATION ENTRYPOINTS VERIFIED.
2026-09-26 07:16:52 [INFO] ===========================================================
2026-09-26 07:16:52 [INFO] EVOLUTIONARY TRADING RESEARCH LAB - V2.3 DEPENDENCY VERIFIER
2026-09-26 07:16:52 [INFO] ===========================================================
2026-09-26 07:16:52 [INFO] Python interpreter: /usr/local/bin/python3.13
2026-09-26 07:16:52 [INFO] Python version: 3.13.14 (linux)
2026-09-26 07:16:52 [OK] Python 3.13.14 is within the fully tested runtime range (3.10 - 3.13).
2026-09-26 07:16:52 [OK] psutil verified (7.2.2).
2026-09-26 07:16:52 [OK] fastapi verified (0.141.1).
2026-09-26 07:16:52 [OK] uvicorn verified (0.54.0).
2026-09-26 07:16:52 [OK] pydantic verified (2.13.4).
2026-09-26 07:16:52 [OK] yaml verified (6.0.3).
2026-09-26 07:16:52 [OK] httpx verified (0.28.1).
2026-09-26 07:16:52 [OK] websockets verified (17.1).
2026-09-26 07:16:52 [OK] numpy verified (2.3.5).
2026-09-26 07:16:52 [OK] pandas verified (2.2.3).
2026-09-26 07:16:52 [OK] pyarrow verified (25.0.1).
2026-09-26 07:16:52 [OK] duckdb verified (1.5.5).
2026-09-26 07:16:52 [INFO] Operating system is linux. MetaTrader 5 bridge runs in high-fidelity SIMULATOR mode.
2026-09-26 07:16:52 [OK] Database verified at DATABASE/lab_state.db (user_version=3, strategies=371). Historical data preserved.
2026-09-26 07:16:53 [OK] Application main module imported successfully (FastAPI v2.4.0).
2026-09-26 07:16:53 [OK] ALL BACKEND RUNTIME DEPENDENCIES & APPLICATION ENTRYPOINTS VERIFIED.
2026-09-26 07:17:19 [INFO] ===========================================================
2026-09-26 07:17:19 [INFO] EVOLUTIONARY TRADING RESEARCH LAB - V2.3 DEPENDENCY VERIFIER
2026-09-26 07:17:19 [INFO] ===========================================================
2026-09-26 07:17:19 [INFO] Python interpreter: /usr/local/bin/python3.13
2026-09-26 07:17:19 [INFO] Python version: 3.13.14 (linux)
2026-09-26 07:17:19 [OK] Python 3.13.14 is within the fully tested runtime range (3.10 - 3.13).
2026-09-26 07:17:19 [OK] psutil verified (7.2.2).
2026-09-26 07:17:19 [OK] fastapi verified (0.141.1).
2026-09-26 07:17:19 [OK] uvicorn verified (0.54.0).
2026-09-26 07:17:19 [OK] pydantic verified (2.13.4).
2026-09-26 07:17:19 [OK] yaml verified (6.0.3).
2026-09-26 07:17:19 [OK] httpx verified (0.28.1).
2026-09-26 07:17:19 [OK] websockets verified (17.1).
2026-09-26 07:17:20 [OK] numpy verified (2.3.5).
2026-09-26 07:17:20 [OK] pandas verified (2.2.3).
2026-09-26 07:17:20 [OK] pyarrow verified (25.0.1).
2026-09-26 07:17:20 [OK] duckdb verified (1.5.5).
2026-09-26 07:17:20 [INFO] Operating system is linux. MetaTrader 5 bridge runs in high-fidelity SIMULATOR mode.
2026-09-26 07:17:20 [OK] Database verified at DATABASE/lab_state.db (user_version=3, strategies=371). Historical data preserved.
2026-09-26 07:17:20 [OK] Application main module imported successfully (FastAPI v2.4.0).
2026-09-26 07:17:20 [OK] ALL BACKEND RUNTIME DEPENDENCIES & APPLICATION ENTRYPOINTS VERIFIED.
2026-09-26 07:18:23 [INFO] ===========================================================
2026-09-26 07:18:23 [INFO] EVOLUTIONARY TRADING RESEARCH LAB - V2.3 DEPENDENCY VERIFIER
2026-09-26 07:18:23 [INFO] ===========================================================
2026-09-26 07:18:23 [INFO] Python interpreter: /usr/local/bin/python3.13
2026-09-26 07:18:23 [INFO] Python version: 3.13.14 (linux)
2026-09-26 07:18:23 [OK] Python 3.13.14 is within the fully tested runtime range (3.10 - 3.13).
2026-09-26 07:18:23 [OK] psutil verified (7.2.2).
2026-09-26 07:18:24 [OK] fastapi verified (0.141.1).
2026-09-26 07:18:24 [OK] uvicorn verified (0.54.0).
2026-09-26 07:18:24 [OK] pydantic verified (2.13.4).
2026-09-26 07:18:24 [OK] yaml verified (6.0.3).
2026-09-26 07:18:24 [OK] httpx verified (0.28.1).
2026-09-26 07:18:24 [OK] websockets verified (17.1).
2026-09-26 07:18:24 [OK] numpy verified (2.3.5).
2026-09-26 07:18:24 [OK] pandas verified (2.2.3).
2026-09-26 07:18:24 [OK] pyarrow verified (25.0.1).
2026-09-26 07:18:24 [OK] duckdb verified (1.5.5).
2026-09-26 07:18:24 [INFO] Operating system is linux. MetaTrader 5 bridge runs in high-fidelity SIMULATOR mode.
2026-09-26 07:18:24 [OK] Database verified at DATABASE/lab_state.db (user_version=3, strategies=371). Historical data preserved.
2026-09-26 07:18:24 [OK] Application main module imported successfully (FastAPI v2.4.0).
2026-09-26 07:18:24 [OK] ALL BACKEND RUNTIME DEPENDENCIES & APPLICATION ENTRYPOINTS VERIFIED.
2026-09-26 07:18:40 [INFO] ===========================================================
2026-09-26 07:18:40 [INFO] EVOLUTIONARY TRADING RESEARCH LAB - V2.3 DEPENDENCY VERIFIER
2026-09-26 07:18:40 [INFO] ===========================================================
2026-09-26 07:18:40 [INFO] Python interpreter: /usr/local/bin/python3.13
2026-09-26 07:18:40 [INFO] Python version: 3.13.14 (linux)
2026-09-26 07:18:40 [OK] Python 3.13.14 is within the fully tested runtime range (3.10 - 3.13).
2026-09-26 07:18:40 [OK] psutil verified (7.2.2).
2026-09-26 07:18:41 [OK] fastapi verified (0.141.1).
2026-09-26 07:18:41 [OK] uvicorn verified (0.54.0).
2026-09-26 07:18:41 [OK] pydantic verified (2.13.4).
2026-09-26 07:18:41 [OK] yaml verified (6.0.3).
2026-09-26 07:18:41 [OK] httpx verified (0.28.1).
2026-09-26 07:18:41 [OK] websockets verified (17.1).
2026-09-26 07:18:41 [OK] numpy verified (2.3.5).
2026-09-26 07:18:41 [OK] pandas verified (2.2.3).
2026-09-26 07:18:41 [OK] pyarrow verified (25.0.1).
2026-09-26 07:18:41 [OK] duckdb verified (1.5.5).
2026-09-26 07:18:41 [INFO] Operating system is linux. MetaTrader 5 bridge runs in high-fidelity SIMULATOR mode.
2026-09-26 07:18:41 [OK] Database verified at DATABASE/lab_state.db (user_version=3, strategies=371). Historical data preserved.
2026-09-26 07:18:41 [OK] Application main module imported successfully (FastAPI v2.4.0).
2026-09-26 07:18:41 [OK] ALL BACKEND RUNTIME DEPENDENCIES & APPLICATION ENTRYPOINTS VERIFIED.
2026-09-26 07:31:28 [INFO] ===========================================================
2026-09-26 07:31:28 [INFO] EVOLUTIONARY TRADING RESEARCH LAB - V2.3 DEPENDENCY VERIFIER
2026-09-26 07:31:28 [INFO] ===========================================================
2026-09-26 07:31:28 [INFO] Python interpreter: /usr/local/bin/python3.13
2026-09-26 07:31:28 [INFO] Python version: 3.13.14 (linux)
2026-09-26 07:31:28 [OK] Python 3.13.14 is within the fully tested runtime range (3.10 - 3.13).
2026-09-26 07:31:28 [OK] psutil verified (7.2.2).
2026-09-26 07:31:28 [OK] fastapi verified (0.141.1).
2026-09-26 07:31:28 [OK] uvicorn verified (0.54.0).
2026-09-26 07:31:28 [OK] pydantic verified (2.13.4).
2026-09-26 07:31:28 [OK] yaml verified (6.0.3).
2026-09-26 07:31:28 [OK] httpx verified (0.28.1).
2026-09-26 07:31:28 [OK] websockets verified (17.1).
2026-09-26 07:31:28 [OK] numpy verified (2.3.5).
2026-09-26 07:31:29 [OK] pandas verified (2.2.3).
2026-09-26 07:31:29 [OK] pyarrow verified (25.0.1).
2026-09-26 07:31:29 [OK] duckdb verified (1.5.5).
2026-09-26 07:31:29 [INFO] Operating system is linux. MetaTrader 5 bridge runs in high-fidelity SIMULATOR mode.
2026-09-26 07:31:29 [OK] Database verified at DATABASE/lab_state.db (user_version=3, strategies=371). Historical data preserved.
2026-09-26 07:31:29 [OK] Application main module imported successfully (FastAPI v2.4.0).
2026-09-26 07:31:29 [OK] ALL BACKEND RUNTIME DEPENDENCIES & APPLICATION ENTRYPOINTS VERIFIED.
2026-09-26 07:32:03 [INFO] ===========================================================
2026-09-26 07:32:03 [INFO] EVOLUTIONARY TRADING RESEARCH LAB - V2.3 DEPENDENCY VERIFIER
2026-09-26 07:32:03 [INFO] ===========================================================
2026-09-26 07:32:03 [INFO] Python interpreter: /usr/local/bin/python3.13
2026-09-26 07:32:03 [INFO] Python version: 3.13.14 (linux)
2026-09-26 07:32:03 [OK] Python 3.13.14 is within the fully tested runtime range (3.10 - 3.13).
2026-09-26 07:32:03 [OK] psutil verified (7.2.2).
2026-09-26 07:32:04 [OK] fastapi verified (0.141.1).
2026-09-26 07:32:04 [OK] uvicorn verified (0.54.0).
2026-09-26 07:32:04 [OK] pydantic verified (2.13.4).
2026-09-26 07:32:04 [OK] yaml verified (6.0.3).
2026-09-26 07:32:04 [OK] httpx verified (0.28.1).
2026-09-26 07:32:04 [OK] websockets verified (17.1).
2026-09-26 07:32:04 [OK] numpy verified (2.3.5).
2026-09-26 07:32:04 [OK] pandas verified (2.2.3).
2026-09-26 07:32:04 [OK] pyarrow verified (25.0.1).
2026-09-26 07:32:04 [OK] duckdb verified (1.5.5).
2026-09-26 07:32:04 [INFO] Operating system is linux. MetaTrader 5 bridge runs in high-fidelity SIMULATOR mode.
2026-09-26 07:32:04 [OK] Database verified at DATABASE/lab_state.db (user_version=3, strategies=371). Historical data preserved.
2026-09-26 07:32:04 [OK] Application main module imported successfully (FastAPI v2.4.0).
2026-09-26 07:32:04 [OK] ALL BACKEND RUNTIME DEPENDENCIES & APPLICATION ENTRYPOINTS VERIFIED.
2026-09-26 09:32:37 [INFO] ===========================================================
2026-09-26 09:32:37 [INFO] EVOLUTIONARY TRADING RESEARCH LAB - V2.3 DEPENDENCY VERIFIER
2026-09-26 09:32:37 [INFO] ===========================================================
2026-09-26 09:32:37 [INFO] Python interpreter: /usr/local/bin/python3.13
2026-09-26 09:32:37 [INFO] Python version: 3.13.14 (linux)
2026-09-26 09:32:37 [OK] Python 3.13.14 is within the fully tested runtime range (3.10 - 3.13).
2026-09-26 09:32:37 [OK] psutil verified (7.2.2).
2026-09-26 09:32:37 [WARN] fastapi import failed: No module named 'fastapi'
2026-09-26 09:32:37 [ACTION] Attempting automatic self-repair: pip install fastapi>=0.110...
2026-09-26 09:32:37 [INFO] Executing: /usr/local/bin/python3.13 -m pip install fastapi>=0.110
2026-09-26 09:32:39 [OK] fastapi installed, repaired, and verified (0.141.1).
2026-09-26 09:32:39 [WARN] uvicorn import failed: No module named 'uvicorn'
2026-09-26 09:32:39 [ACTION] Attempting automatic self-repair: pip install uvicorn[standard]>=0.29...
2026-09-26 09:32:39 [INFO] Executing: /usr/local/bin/python3.13 -m pip install uvicorn[standard]>=0.29
2026-09-26 09:32:41 [OK] uvicorn installed, repaired, and verified (0.54.0).
2026-09-26 09:32:41 [OK] pydantic verified (2.13.4).
2026-09-26 09:32:41 [OK] yaml verified (6.0.3).
2026-09-26 09:32:41 [OK] httpx verified (0.28.1).
2026-09-26 09:32:41 [OK] websockets verified (17.1).
2026-09-26 09:32:41 [OK] numpy verified (2.3.5).
2026-09-26 09:32:41 [OK] pandas verified (2.2.3).
2026-09-26 09:32:41 [WARN] pyarrow import failed: No module named 'pyarrow'
2026-09-26 09:32:41 [ACTION] Attempting automatic self-repair: pip install pyarrow>=15.0...
2026-09-26 09:32:41 [INFO] Executing: /usr/local/bin/python3.13 -m pip install pyarrow>=15.0
2026-09-26 09:32:44 [OK] pyarrow installed, repaired, and verified (25.0.1).
2026-09-26 09:32:44 [WARN] duckdb import failed: No module named 'duckdb'
2026-09-26 09:32:44 [ACTION] Attempting automatic self-repair: pip install duckdb>=0.10...
2026-09-26 09:32:44 [INFO] Executing: /usr/local/bin/python3.13 -m pip install duckdb>=0.10
2026-09-26 09:32:46 [OK] duckdb installed, repaired, and verified (1.5.5).
2026-09-26 09:32:46 [INFO] Operating system is linux. MetaTrader 5 bridge runs in high-fidelity SIMULATOR mode.
2026-09-26 09:32:46 [OK] Database verified at DATABASE/lab_state.db (user_version=3, strategies=371). Historical data preserved.
2026-09-26 09:32:46 [OK] Application main module imported successfully (FastAPI v2.4.0).
2026-09-26 09:32:46 [OK] ALL BACKEND RUNTIME DEPENDENCIES & APPLICATION ENTRYPOINTS VERIFIED.
2026-09-26 09:33:10 [INFO] ===========================================================
2026-09-26 09:33:10 [INFO] EVOLUTIONARY TRADING RESEARCH LAB - V2.3 DEPENDENCY VERIFIER
2026-09-26 09:33:10 [INFO] ===========================================================
2026-09-26 09:33:10 [INFO] Python interpreter: /usr/local/bin/python3.13
2026-09-26 09:33:10 [INFO] Python version: 3.13.14 (linux)
2026-09-26 09:33:10 [OK] Python 3.13.14 is within the fully tested runtime range (3.10 - 3.13).
2026-09-26 09:33:10 [OK] psutil verified (7.2.2).
2026-09-26 09:33:11 [OK] fastapi verified (0.141.1).
2026-09-26 09:33:11 [OK] uvicorn verified (0.54.0).
2026-09-26 09:33:11 [OK] pydantic verified (2.13.4).
2026-09-26 09:33:11 [OK] yaml verified (6.0.3).
2026-09-26 09:33:11 [OK] httpx verified (0.28.1).
2026-09-26 09:33:11 [OK] websockets verified (17.1).
2026-09-26 09:33:11 [OK] numpy verified (2.3.5).
2026-09-26 09:33:11 [OK] pandas verified (2.2.3).
2026-09-26 09:33:11 [OK] pyarrow verified (25.0.1).
2026-09-26 09:33:11 [OK] duckdb verified (1.5.5).
2026-09-26 09:33:11 [INFO] Operating system is linux. MetaTrader 5 bridge runs in high-fidelity SIMULATOR mode.
2026-09-26 09:33:11 [OK] Database verified at DATABASE/lab_state.db (user_version=3, strategies=371). Historical data preserved.
2026-09-26 09:33:11 [OK] Application main module imported successfully (FastAPI v2.4.0).
2026-09-26 09:33:11 [OK] ALL BACKEND RUNTIME DEPENDENCIES & APPLICATION ENTRYPOINTS VERIFIED.
2026-09-26 09:49:11 [INFO] ===========================================================
2026-09-26 09:49:11 [INFO] EVOLUTIONARY TRADING RESEARCH LAB - V2.3 DEPENDENCY VERIFIER
2026-09-26 09:49:11 [INFO] ===========================================================
2026-09-26 09:49:11 [INFO] Python interpreter: /usr/local/bin/python3
2026-09-26 09:49:11 [INFO] Python version: 3.13.14 (linux)
2026-09-26 09:49:11 [OK] Python 3.13.14 is within the fully tested runtime range (3.10 - 3.13).
2026-09-26 09:49:11 [OK] psutil verified (7.2.2).
2026-09-26 09:49:12 [OK] fastapi verified (0.141.1).
2026-09-26 09:49:12 [OK] uvicorn verified (0.54.0).
2026-09-26 09:49:12 [OK] pydantic verified (2.13.4).
2026-09-26 09:49:12 [OK] yaml verified (6.0.3).
2026-09-26 09:49:12 [OK] httpx verified (0.28.1).
2026-09-26 09:49:12 [OK] websockets verified (17.1).
2026-09-26 09:49:12 [OK] numpy verified (2.3.5).
2026-09-26 09:49:12 [OK] pandas verified (2.2.3).
2026-09-26 09:49:12 [OK] pyarrow verified (25.0.1).
2026-09-26 09:49:12 [OK] duckdb verified (1.5.5).
2026-09-26 09:49:12 [INFO] Operating system is linux. MetaTrader 5 bridge runs in high-fidelity SIMULATOR mode.
2026-09-26 09:49:12 [OK] Database verified at DATABASE/lab_state.db (user_version=3, strategies=371). Historical data preserved.
2026-09-26 09:49:12 [OK] Application main module imported successfully (FastAPI v2.4.0).
2026-09-26 09:49:12 [OK] ALL BACKEND RUNTIME DEPENDENCIES & APPLICATION ENTRYPOINTS VERIFIED.
2026-09-26 09:53:32 [INFO] ===========================================================
2026-09-26 09:53:32 [INFO] EVOLUTIONARY TRADING RESEARCH LAB - V2.3 DEPENDENCY VERIFIER
2026-09-26 09:53:32 [INFO] ===========================================================
2026-09-26 09:53:32 [INFO] Python interpreter: /usr/local/bin/python3
2026-09-26 09:53:32 [INFO] Python version: 3.13.14 (linux)
2026-09-26 09:53:32 [OK] Python 3.13.14 is within the fully tested runtime range (3.10 - 3.13).
2026-09-26 09:53:32 [OK] psutil verified (7.2.2).
2026-09-26 09:53:32 [OK] fastapi verified (0.141.1).
2026-09-26 09:53:32 [OK] uvicorn verified (0.54.0).
2026-09-26 09:53:32 [OK] pydantic verified (2.13.4).
2026-09-26 09:53:32 [OK] yaml verified (6.0.3).
2026-09-26 09:53:32 [OK] httpx verified (0.28.1).
2026-09-26 09:53:32 [OK] websockets verified (17.1).
2026-09-26 09:53:32 [OK] numpy verified (2.3.5).
2026-09-26 09:53:33 [OK] pandas verified (2.2.3).
2026-09-26 09:53:33 [OK] pyarrow verified (25.0.1).
2026-09-26 09:53:33 [OK] duckdb verified (1.5.5).
2026-09-26 09:53:33 [INFO] Operating system is linux. MetaTrader 5 bridge runs in high-fidelity SIMULATOR mode.
2026-09-26 09:53:33 [OK] Database verified at DATABASE/lab_state.db (user_version=3, strategies=371). Historical data preserved.
2026-09-26 09:53:33 [OK] Application main module imported successfully (FastAPI v2.4.0).
2026-09-26 09:53:33 [OK] ALL BACKEND RUNTIME DEPENDENCIES & APPLICATION ENTRYPOINTS VERIFIED.
2026-09-26 09:55:21 [INFO] ===========================================================
2026-09-26 09:55:21 [INFO] EVOLUTIONARY TRADING RESEARCH LAB - V2.3 DEPENDENCY VERIFIER
2026-09-26 09:55:21 [INFO] ===========================================================
2026-09-26 09:55:21 [INFO] Python interpreter: /usr/local/bin/python3
2026-09-26 09:55:21 [INFO] Python version: 3.13.14 (linux)
2026-09-26 09:55:21 [OK] Python 3.13.14 is within the fully tested runtime range (3.10 - 3.13).
2026-09-26 09:55:21 [OK] psutil verified (7.2.2).
2026-09-26 09:55:22 [OK] fastapi verified (0.141.1).
2026-09-26 09:55:22 [OK] uvicorn verified (0.54.0).
2026-09-26 09:55:22 [OK] pydantic verified (2.13.4).
2026-09-26 09:55:22 [OK] yaml verified (6.0.3).
2026-09-26 09:55:22 [OK] httpx verified (0.28.1).
2026-09-26 09:55:22 [OK] websockets verified (17.1).
2026-09-26 09:55:22 [OK] numpy verified (2.3.5).
2026-09-26 09:55:22 [OK] pandas verified (2.2.3).
2026-09-26 09:55:22 [OK] pyarrow verified (25.0.1).
2026-09-26 09:55:22 [OK] duckdb verified (1.5.5).
2026-09-26 09:55:22 [INFO] Operating system is linux. MetaTrader 5 bridge runs in high-fidelity SIMULATOR mode.
2026-09-26 09:55:22 [OK] Database verified at DATABASE/lab_state.db (user_version=3, strategies=371). Historical data preserved.
2026-09-26 09:55:22 [OK] Application main module imported successfully (FastAPI v2.4.0).
2026-09-26 09:55:22 [OK] ALL BACKEND RUNTIME DEPENDENCIES & APPLICATION ENTRYPOINTS VERIFIED.
2026-09-26 10:45:03 [INFO] ===========================================================
2026-09-26 10:45:03 [INFO] EVOLUTIONARY TRADING RESEARCH LAB - V2.3 DEPENDENCY VERIFIER
2026-09-26 10:45:03 [INFO] ===========================================================
2026-09-26 10:45:03 [INFO] Python interpreter: /usr/local/bin/python3
2026-09-26 10:45:03 [INFO] Python version: 3.13.14 (linux)
2026-09-26 10:45:03 [OK] Python 3.13.14 is within the fully tested runtime range (3.10 - 3.13).
2026-09-26 10:45:03 [OK] psutil verified (7.2.2).
2026-09-26 10:45:04 [OK] fastapi verified (0.141.1).
2026-09-26 10:45:04 [OK] uvicorn verified (0.54.0).
2026-09-26 10:45:04 [OK] pydantic verified (2.13.4).
2026-09-26 10:45:04 [OK] yaml verified (6.0.3).
2026-09-26 10:45:04 [OK] httpx verified (0.28.1).
2026-09-26 10:45:04 [OK] websockets verified (17.1).
2026-09-26 10:45:04 [OK] numpy verified (2.3.5).
2026-09-26 10:45:04 [OK] pandas verified (2.2.3).
2026-09-26 10:45:04 [OK] pyarrow verified (25.0.1).
2026-09-26 10:45:04 [OK] duckdb verified (1.5.5).
2026-09-26 10:45:04 [INFO] Operating system is linux. MetaTrader 5 bridge runs in high-fidelity SIMULATOR mode.
2026-09-26 10:45:04 [OK] Database verified at DATABASE/lab_state.db (user_version=3, strategies=371). Historical data preserved.
2026-09-26 10:45:05 [OK] Application main module imported successfully (FastAPI v2.4.0).
2026-09-26 10:45:05 [OK] ALL BACKEND RUNTIME DEPENDENCIES & APPLICATION ENTRYPOINTS VERIFIED.
2026-09-26 10:45:51 [INFO] ===========================================================
2026-09-26 10:45:51 [INFO] EVOLUTIONARY TRADING RESEARCH LAB - V2.3 DEPENDENCY VERIFIER
2026-09-26 10:45:51 [INFO] ===========================================================
2026-09-26 10:45:51 [INFO] Python interpreter: /usr/local/bin/python3
2026-09-26 10:45:51 [INFO] Python version: 3.13.14 (linux)
2026-09-26 10:45:51 [OK] Python 3.13.14 is within the fully tested runtime range (3.10 - 3.13).
2026-09-26 10:45:51 [OK] psutil verified (7.2.2).
2026-09-26 10:45:52 [OK] fastapi verified (0.141.1).
2026-09-26 10:45:52 [OK] uvicorn verified (0.54.0).
2026-09-26 10:45:52 [OK] pydantic verified (2.13.4).
2026-09-26 10:45:52 [OK] yaml verified (6.0.3).
2026-09-26 10:45:52 [OK] httpx verified (0.28.1).
2026-09-26 10:45:52 [OK] websockets verified (17.1).
2026-09-26 10:45:52 [OK] numpy verified (2.3.5).
2026-09-26 10:45:52 [OK] pandas verified (2.2.3).
2026-09-26 10:45:52 [OK] pyarrow verified (25.0.1).
2026-09-26 10:45:52 [OK] duckdb verified (1.5.5).
2026-09-26 10:45:52 [INFO] Operating system is linux. MetaTrader 5 bridge runs in high-fidelity SIMULATOR mode.
2026-09-26 10:45:52 [OK] Database verified at DATABASE/lab_state.db (user_version=3, strategies=371). Historical data preserved.
2026-09-26 10:45:53 [OK] Application main module imported successfully (FastAPI v2.4.0).
2026-09-26 10:45:53 [OK] ALL BACKEND RUNTIME DEPENDENCIES & APPLICATION ENTRYPOINTS VERIFIED.
2026-09-26 10:46:34 [INFO] ===========================================================
2026-09-26 10:46:34 [INFO] EVOLUTIONARY TRADING RESEARCH LAB - V2.3 DEPENDENCY VERIFIER
2026-09-26 10:46:34 [INFO] ===========================================================
2026-09-26 10:46:34 [INFO] Python interpreter: /usr/local/bin/python3
2026-09-26 10:46:34 [INFO] Python version: 3.13.14 (linux)
2026-09-26 10:46:34 [OK] Python 3.13.14 is within the fully tested runtime range (3.10 - 3.13).
2026-09-26 10:46:34 [OK] psutil verified (7.2.2).
2026-09-26 10:46:34 [OK] fastapi verified (0.141.1).
2026-09-26 10:46:34 [OK] uvicorn verified (0.54.0).
2026-09-26 10:46:34 [OK] pydantic verified (2.13.4).
2026-09-26 10:46:34 [OK] yaml verified (6.0.3).
2026-09-26 10:46:34 [OK] httpx verified (0.28.1).
2026-09-26 10:46:34 [OK] websockets verified (17.1).
2026-09-26 10:46:34 [OK] numpy verified (2.3.5).
2026-09-26 10:46:35 [OK] pandas verified (2.2.3).
2026-09-26 10:46:35 [OK] pyarrow verified (25.0.1).
2026-09-26 10:46:35 [OK] duckdb verified (1.5.5).
2026-09-26 10:46:35 [INFO] Operating system is linux. MetaTrader 5 bridge runs in high-fidelity SIMULATOR mode.
2026-09-26 10:46:35 [OK] Database verified at DATABASE/lab_state.db (user_version=3, strategies=371). Historical data preserved.
2026-09-26 10:46:35 [OK] Application main module imported successfully (FastAPI v2.4.0).
2026-09-26 10:46:35 [OK] ALL BACKEND RUNTIME DEPENDENCIES & APPLICATION ENTRYPOINTS VERIFIED.
2026-09-26 10:47:06 [INFO] ===========================================================
2026-09-26 10:47:06 [INFO] EVOLUTIONARY TRADING RESEARCH LAB - V2.3 DEPENDENCY VERIFIER
2026-09-26 10:47:06 [INFO] ===========================================================
2026-09-26 10:47:06 [INFO] Python interpreter: /usr/local/bin/python3
2026-09-26 10:47:06 [INFO] Python version: 3.13.14 (linux)
2026-09-26 10:47:06 [OK] Python 3.13.14 is within the fully tested runtime range (3.10 - 3.13).
2026-09-26 10:47:06 [OK] psutil verified (7.2.2).
2026-09-26 10:47:07 [OK] fastapi verified (0.141.1).
2026-09-26 10:47:07 [OK] uvicorn verified (0.54.0).
2026-09-26 10:47:07 [OK] pydantic verified (2.13.4).
2026-09-26 10:47:07 [OK] yaml verified (6.0.3).
2026-09-26 10:47:07 [OK] httpx verified (0.28.1).
2026-09-26 10:47:07 [OK] websockets verified (17.1).
2026-09-26 10:47:07 [OK] numpy verified (2.3.5).
2026-09-26 10:47:07 [OK] pandas verified (2.2.3).
2026-09-26 10:47:07 [OK] pyarrow verified (25.0.1).
2026-09-26 10:47:07 [OK] duckdb verified (1.5.5).
2026-09-26 10:47:07 [INFO] Operating system is linux. MetaTrader 5 bridge runs in high-fidelity SIMULATOR mode.
2026-09-26 10:47:07 [OK] Database verified at DATABASE/lab_state.db (user_version=3, strategies=371). Historical data preserved.
2026-09-26 10:47:08 [OK] Application main module imported successfully (FastAPI v2.4.0).
2026-09-26 10:47:08 [OK] ALL BACKEND RUNTIME DEPENDENCIES & APPLICATION ENTRYPOINTS VERIFIED.
2026-09-26 10:54:39 [INFO] ===========================================================
2026-09-26 10:54:39 [INFO] EVOLUTIONARY TRADING RESEARCH LAB - V2.3 DEPENDENCY VERIFIER
2026-09-26 10:54:39 [INFO] ===========================================================
2026-09-26 10:54:39 [INFO] Python interpreter: /usr/local/bin/python3
2026-09-26 10:54:39 [INFO] Python version: 3.13.14 (linux)
2026-09-26 10:54:39 [OK] Python 3.13.14 is within the fully tested runtime range (3.10 - 3.13).
2026-09-26 10:54:39 [OK] psutil verified (7.2.2).
2026-09-26 10:54:39 [OK] fastapi verified (0.141.1).
2026-09-26 10:54:39 [OK] uvicorn verified (0.54.0).
2026-09-26 10:54:39 [OK] pydantic verified (2.13.4).
2026-09-26 10:54:40 [OK] yaml verified (6.0.3).
2026-09-26 10:54:40 [OK] httpx verified (0.28.1).
2026-09-26 10:54:40 [OK] websockets verified (17.1).
2026-09-26 10:54:40 [OK] numpy verified (2.3.5).
2026-09-26 10:54:40 [OK] pandas verified (2.2.3).
2026-09-26 10:54:40 [OK] pyarrow verified (25.0.1).
2026-09-26 10:54:40 [OK] duckdb verified (1.5.5).
2026-09-26 10:54:40 [INFO] Operating system is linux. MetaTrader 5 bridge runs in high-fidelity SIMULATOR mode.
2026-09-26 10:54:40 [OK] Database verified at DATABASE/lab_state.db (user_version=3, strategies=371). Historical data preserved.
2026-09-26 10:54:40 [OK] Application main module imported successfully (FastAPI v2.4.0).
2026-09-26 10:54:40 [OK] ALL BACKEND RUNTIME DEPENDENCIES & APPLICATION ENTRYPOINTS VERIFIED.
2026-09-26 10:55:08 [INFO] ===========================================================
2026-09-26 10:55:08 [INFO] EVOLUTIONARY TRADING RESEARCH LAB - V2.3 DEPENDENCY VERIFIER
2026-09-26 10:55:08 [INFO] ===========================================================
2026-09-26 10:55:08 [INFO] Python interpreter: /usr/local/bin/python3
2026-09-26 10:55:08 [INFO] Python version: 3.13.14 (linux)
2026-09-26 10:55:08 [OK] Python 3.13.14 is within the fully tested runtime range (3.10 - 3.13).
2026-09-26 10:55:08 [OK] psutil verified (7.2.2).
2026-09-26 10:55:09 [OK] fastapi verified (0.141.1).
2026-09-26 10:55:09 [OK] uvicorn verified (0.54.0).
2026-09-26 10:55:09 [OK] pydantic verified (2.13.4).
2026-09-26 10:55:09 [OK] yaml verified (6.0.3).
2026-09-26 10:55:09 [OK] httpx verified (0.28.1).
2026-09-26 10:55:09 [OK] websockets verified (17.1).
2026-09-26 10:55:09 [OK] numpy verified (2.3.5).
2026-09-26 10:55:09 [OK] pandas verified (2.2.3).
2026-09-26 10:55:09 [OK] pyarrow verified (25.0.1).
2026-09-26 10:55:09 [OK] duckdb verified (1.5.5).
2026-09-26 10:55:09 [INFO] Operating system is linux. MetaTrader 5 bridge runs in high-fidelity SIMULATOR mode.
2026-09-26 10:55:09 [OK] Database verified at DATABASE/lab_state.db (user_version=3, strategies=371). Historical data preserved.
2026-09-26 10:55:09 [OK] Application main module imported successfully (FastAPI v2.4.0).
2026-09-26 10:55:09 [OK] ALL BACKEND RUNTIME DEPENDENCIES & APPLICATION ENTRYPOINTS VERIFIED.
2026-09-26 11:57:27 [INFO] ===========================================================
2026-09-26 11:57:27 [INFO] EVOLUTIONARY TRADING RESEARCH LAB - V2.3 DEPENDENCY VERIFIER
2026-09-26 11:57:27 [INFO] ===========================================================
2026-09-26 11:57:27 [INFO] Python interpreter: /usr/local/bin/python3.13
2026-09-26 11:57:27 [INFO] Python version: 3.13.14 (linux)
2026-09-26 11:57:27 [OK] Python 3.13.14 is within the fully tested runtime range (3.10 - 3.13).
2026-09-26 11:57:27 [OK] psutil verified (7.2.2).
2026-09-26 11:57:27 [OK] fastapi verified (0.141.1).
2026-09-26 11:57:27 [OK] uvicorn verified (0.54.0).
2026-09-26 11:57:27 [OK] pydantic verified (2.13.4).
2026-09-26 11:57:27 [OK] yaml verified (6.0.3).
2026-09-26 11:57:27 [OK] httpx verified (0.28.1).
2026-09-26 11:57:27 [WARN] websockets import failed: No module named 'websockets'
2026-09-26 11:57:27 [ACTION] Attempting automatic self-repair: pip install websockets>=12.0...
2026-09-26 11:57:27 [INFO] Executing: /usr/local/bin/python3.13 -m pip install websockets>=12.0
2026-09-26 11:57:28 [OK] websockets installed, repaired, and verified (17.1).
2026-09-26 11:57:28 [OK] numpy verified (2.3.5).
2026-09-26 11:57:28 [OK] pandas verified (2.2.3).
2026-09-26 11:57:28 [OK] pyarrow verified (25.0.1).
2026-09-26 11:57:28 [WARN] duckdb import failed: No module named 'duckdb'
2026-09-26 11:57:28 [ACTION] Attempting automatic self-repair: pip install duckdb>=0.10...
2026-09-26 11:57:28 [INFO] Executing: /usr/local/bin/python3.13 -m pip install duckdb>=0.10
2026-09-26 11:57:30 [OK] duckdb installed, repaired, and verified (1.5.5).
2026-09-26 11:57:30 [INFO] Operating system is linux. MetaTrader 5 bridge runs in high-fidelity SIMULATOR mode.
2026-09-26 11:57:30 [OK] Database verified at DATABASE/lab_state.db (user_version=3, strategies=371). Historical data preserved.
2026-09-26 11:57:30 [OK] Application main module imported successfully (FastAPI v2.4.0).
2026-09-26 11:57:30 [OK] ALL BACKEND RUNTIME DEPENDENCIES & APPLICATION ENTRYPOINTS VERIFIED.
2026-09-26 11:57:55 [INFO] ===========================================================
2026-09-26 11:57:55 [INFO] EVOLUTIONARY TRADING RESEARCH LAB - V2.3 DEPENDENCY VERIFIER
2026-09-26 11:57:55 [INFO] ===========================================================
2026-09-26 11:57:55 [INFO] Python interpreter: /usr/local/bin/python3.13
2026-09-26 11:57:55 [INFO] Python version: 3.13.14 (linux)
2026-09-26 11:57:55 [OK] Python 3.13.14 is within the fully tested runtime range (3.10 - 3.13).
2026-09-26 11:57:55 [OK] psutil verified (7.2.2).
2026-09-26 11:57:56 [OK] fastapi verified (0.141.1).
2026-09-26 11:57:56 [OK] uvicorn verified (0.54.0).
2026-09-26 11:57:56 [OK] pydantic verified (2.13.4).
2026-09-26 11:57:56 [OK] yaml verified (6.0.3).
2026-09-26 11:57:56 [OK] httpx verified (0.28.1).
2026-09-26 11:57:56 [OK] websockets verified (17.1).
2026-09-26 11:57:56 [OK] numpy verified (2.3.5).
2026-09-26 11:57:56 [OK] pandas verified (2.2.3).
2026-09-26 11:57:56 [OK] pyarrow verified (25.0.1).
2026-09-26 11:57:56 [OK] duckdb verified (1.5.5).
2026-09-26 11:57:56 [INFO] Operating system is linux. MetaTrader 5 bridge runs in high-fidelity SIMULATOR mode.
2026-09-26 11:57:56 [OK] Database verified at DATABASE/lab_state.db (user_version=3, strategies=371). Historical data preserved.
2026-09-26 11:57:56 [OK] Application main module imported successfully (FastAPI v2.4.0).
2026-09-26 11:57:56 [OK] ALL BACKEND RUNTIME DEPENDENCIES & APPLICATION ENTRYPOINTS VERIFIED.
2026-09-26 12:05:59 [INFO] ===========================================================
2026-09-26 12:05:59 [INFO] EVOLUTIONARY TRADING RESEARCH LAB - V2.3 DEPENDENCY VERIFIER
2026-09-26 12:05:59 [INFO] ===========================================================
2026-09-26 12:05:59 [INFO] Python interpreter: /usr/local/bin/python3.13
2026-09-26 12:05:59 [INFO] Python version: 3.13.14 (linux)
2026-09-26 12:05:59 [OK] Python 3.13.14 is within the fully tested runtime range (3.10 - 3.13).
2026-09-26 12:05:59 [OK] psutil verified (7.2.2).
2026-09-26 12:06:00 [OK] fastapi verified (0.141.1).
2026-09-26 12:06:00 [OK] uvicorn verified (0.54.0).
2026-09-26 12:06:00 [OK] pydantic verified (2.13.4).
2026-09-26 12:06:00 [OK] yaml verified (6.0.3).
2026-09-26 12:06:00 [OK] httpx verified (0.28.1).
2026-09-26 12:06:00 [OK] websockets verified (17.1).
2026-09-26 12:06:00 [OK] numpy verified (2.3.5).
2026-09-26 12:06:00 [OK] pandas verified (2.2.3).
2026-09-26 12:06:00 [OK] pyarrow verified (25.0.1).
2026-09-26 12:06:00 [OK] duckdb verified (1.5.5).
2026-09-26 12:06:00 [INFO] Operating system is linux. MetaTrader 5 bridge runs in high-fidelity SIMULATOR mode.
2026-09-26 12:06:00 [OK] Database verified at DATABASE/lab_state.db (user_version=3, strategies=371). Historical data preserved.
2026-09-26 12:06:00 [OK] Application main module imported successfully (FastAPI v2.4.0).
2026-09-26 12:06:00 [OK] ALL BACKEND RUNTIME DEPENDENCIES & APPLICATION ENTRYPOINTS VERIFIED.
2026-09-26 12:10:03 [INFO] ===========================================================
2026-09-26 12:10:03 [INFO] EVOLUTIONARY TRADING RESEARCH LAB - V2.3 DEPENDENCY VERIFIER
2026-09-26 12:10:03 [INFO] ===========================================================
2026-09-26 12:10:03 [INFO] Python interpreter: /usr/local/bin/python3.13
2026-09-26 12:10:03 [INFO] Python version: 3.13.14 (linux)
2026-09-26 12:10:03 [OK] Python 3.13.14 is within the fully tested runtime range (3.10 - 3.13).
2026-09-26 12:10:03 [OK] psutil verified (7.2.2).
2026-09-26 12:10:04 [OK] fastapi verified (0.141.1).
2026-09-26 12:10:04 [OK] uvicorn verified (0.54.0).
2026-09-26 12:10:04 [OK] pydantic verified (2.13.4).
2026-09-26 12:10:04 [OK] yaml verified (6.0.3).
2026-09-26 12:10:04 [OK] httpx verified (0.28.1).
2026-09-26 12:10:04 [OK] websockets verified (17.1).
2026-09-26 12:10:04 [OK] numpy verified (2.3.5).
2026-09-26 12:10:04 [OK] pandas verified (2.2.3).
2026-09-26 12:10:04 [OK] pyarrow verified (25.0.1).
2026-09-26 12:10:04 [OK] duckdb verified (1.5.5).
2026-09-26 12:10:04 [INFO] Operating system is linux. MetaTrader 5 bridge runs in high-fidelity SIMULATOR mode.
2026-09-26 12:10:04 [OK] Database verified at DATABASE/lab_state.db (user_version=3, strategies=371). Historical data preserved.
2026-09-26 12:10:04 [OK] Application main module imported successfully (FastAPI v2.4.0).
2026-09-26 12:10:04 [OK] ALL BACKEND RUNTIME DEPENDENCIES & APPLICATION ENTRYPOINTS VERIFIED.
2026-09-26 12:21:57 [INFO] ===========================================================
2026-09-26 12:21:57 [INFO] EVOLUTIONARY TRADING RESEARCH LAB - V2.3 DEPENDENCY VERIFIER
2026-09-26 12:21:57 [INFO] ===========================================================
2026-09-26 12:21:57 [INFO] Python interpreter: /usr/local/bin/python3.13
2026-09-26 12:21:57 [INFO] Python version: 3.13.14 (linux)
2026-09-26 12:21:57 [OK] Python 3.13.14 is within the fully tested runtime range (3.10 - 3.13).
2026-09-26 12:21:57 [OK] psutil verified (7.2.2).
2026-09-26 12:21:58 [OK] fastapi verified (0.141.1).
2026-09-26 12:21:58 [OK] uvicorn verified (0.54.0).
2026-09-26 12:21:58 [OK] pydantic verified (2.13.4).
2026-09-26 12:21:58 [OK] yaml verified (6.0.3).
2026-09-26 12:21:58 [OK] httpx verified (0.28.1).
2026-09-26 12:21:58 [OK] websockets verified (17.1).
2026-09-26 12:21:58 [OK] numpy verified (2.3.5).
2026-09-26 12:21:58 [OK] pandas verified (2.2.3).
2026-09-26 12:21:58 [OK] pyarrow verified (25.0.1).
2026-09-26 12:21:58 [OK] duckdb verified (1.5.5).
2026-09-26 12:21:58 [INFO] Operating system is linux. MetaTrader 5 bridge runs in high-fidelity SIMULATOR mode.
2026-09-26 12:21:58 [OK] Database verified at DATABASE/lab_state.db (user_version=3, strategies=371). Historical data preserved.
2026-09-26 12:21:58 [OK] Application main module imported successfully (FastAPI v2.4.0).
2026-09-26 12:21:58 [OK] ALL BACKEND RUNTIME DEPENDENCIES & APPLICATION ENTRYPOINTS VERIFIED.
2026-09-26 12:25:20 [INFO] ===========================================================
2026-09-26 12:25:20 [INFO] EVOLUTIONARY TRADING RESEARCH LAB - V2.3 DEPENDENCY VERIFIER
2026-09-26 12:25:20 [INFO] ===========================================================
2026-09-26 12:25:20 [INFO] Python interpreter: /usr/local/bin/python3.13
2026-09-26 12:25:20 [INFO] Python version: 3.13.14 (linux)
2026-09-26 12:25:20 [OK] Python 3.13.14 is within the fully tested runtime range (3.10 - 3.13).
2026-09-26 12:25:20 [OK] psutil verified (7.2.2).
2026-09-26 12:25:20 [OK] fastapi verified (0.141.1).
2026-09-26 12:25:20 [OK] uvicorn verified (0.54.0).
2026-09-26 12:25:20 [OK] pydantic verified (2.13.4).
2026-09-26 12:25:20 [OK] yaml verified (6.0.3).
2026-09-26 12:25:20 [OK] httpx verified (0.28.1).
2026-09-26 12:25:20 [OK] websockets verified (17.1).
2026-09-26 12:25:20 [OK] numpy verified (2.3.5).
2026-09-26 12:25:20 [OK] pandas verified (2.2.3).
2026-09-26 12:25:20 [OK] pyarrow verified (25.0.1).
2026-09-26 12:25:21 [OK] duckdb verified (1.5.5).
2026-09-26 12:25:21 [INFO] Operating system is linux. MetaTrader 5 bridge runs in high-fidelity SIMULATOR mode.
2026-09-26 12:25:21 [OK] Database verified at DATABASE/lab_state.db (user_version=3, strategies=371). Historical data preserved.
2026-09-26 12:25:21 [OK] Application main module imported successfully (FastAPI v2.4.0).
2026-09-26 12:25:21 [OK] ALL BACKEND RUNTIME DEPENDENCIES & APPLICATION ENTRYPOINTS VERIFIED.
2026-09-26 13:00:14 [INFO] ===========================================================
2026-09-26 13:00:14 [INFO] EVOLUTIONARY TRADING RESEARCH LAB - V2.3 DEPENDENCY VERIFIER
2026-09-26 13:00:14 [INFO] ===========================================================
2026-09-26 13:00:14 [INFO] Python interpreter: /usr/local/bin/python3.13
2026-09-26 13:00:14 [INFO] Python version: 3.13.14 (linux)
2026-09-26 13:00:14 [OK] Python 3.13.14 is within the fully tested runtime range (3.10 - 3.13).
2026-09-26 13:00:14 [OK] psutil verified (7.2.2).
2026-09-26 13:00:14 [OK] fastapi verified (0.141.1).
2026-09-26 13:00:14 [OK] uvicorn verified (0.54.0).
2026-09-26 13:00:14 [OK] pydantic verified (2.13.4).
2026-09-26 13:00:14 [OK] yaml verified (6.0.3).
2026-09-26 13:00:14 [OK] httpx verified (0.28.1).
2026-09-26 13:00:14 [OK] websockets verified (17.1).
2026-09-26 13:00:14 [OK] numpy verified (2.3.5).
2026-09-26 13:00:14 [OK] pandas verified (2.2.3).
2026-09-26 13:00:14 [OK] pyarrow verified (25.0.1).
2026-09-26 13:00:15 [OK] duckdb verified (1.5.5).
2026-09-26 13:00:15 [INFO] Operating system is linux. MetaTrader 5 bridge runs in high-fidelity SIMULATOR mode.
2026-09-26 13:00:15 [OK] Database verified at DATABASE/lab_state.db (user_version=3, strategies=371). Historical data preserved.
2026-09-26 13:00:15 [OK] Application main module imported successfully (FastAPI v2.4.0).
2026-09-26 13:00:15 [OK] ALL BACKEND RUNTIME DEPENDENCIES & APPLICATION ENTRYPOINTS VERIFIED.
2026-09-26 13:00:45 [INFO] ===========================================================
2026-09-26 13:00:45 [INFO] EVOLUTIONARY TRADING RESEARCH LAB - V2.3 DEPENDENCY VERIFIER
2026-09-26 13:00:45 [INFO] ===========================================================
2026-09-26 13:00:45 [INFO] Python interpreter: /usr/local/bin/python3.13
2026-09-26 13:00:45 [INFO] Python version: 3.13.14 (linux)
2026-09-26 13:00:45 [OK] Python 3.13.14 is within the fully tested runtime range (3.10 - 3.13).
2026-09-26 13:00:45 [OK] psutil verified (7.2.2).
2026-09-26 13:00:45 [OK] fastapi verified (0.141.1).
2026-09-26 13:00:45 [OK] uvicorn verified (0.54.0).
2026-09-26 13:00:45 [OK] pydantic verified (2.13.4).
2026-09-26 13:00:45 [OK] yaml verified (6.0.3).
2026-09-26 13:00:45 [OK] httpx verified (0.28.1).
2026-09-26 13:00:45 [OK] websockets verified (17.1).
2026-09-26 13:00:45 [OK] numpy verified (2.3.5).
2026-09-26 13:00:46 [OK] pandas verified (2.2.3).
2026-09-26 13:00:46 [OK] pyarrow verified (25.0.1).
2026-09-26 13:00:46 [OK] duckdb verified (1.5.5).
2026-09-26 13:00:46 [INFO] Operating system is linux. MetaTrader 5 bridge runs in high-fidelity SIMULATOR mode.
2026-09-26 13:00:46 [OK] Database verified at DATABASE/lab_state.db (user_version=3, strategies=371). Historical data preserved.
2026-09-26 13:00:46 [OK] Application main module imported successfully (FastAPI v2.4.0).
2026-09-26 13:00:46 [OK] ALL BACKEND RUNTIME DEPENDENCIES & APPLICATION ENTRYPOINTS VERIFIED.
2026-09-26 13:01:19 [INFO] ===========================================================
2026-09-26 13:01:19 [INFO] EVOLUTIONARY TRADING RESEARCH LAB - V2.3 DEPENDENCY VERIFIER
2026-09-26 13:01:19 [INFO] ===========================================================
2026-09-26 13:01:19 [INFO] Python interpreter: /usr/local/bin/python3.13
2026-09-26 13:01:19 [INFO] Python version: 3.13.14 (linux)
2026-09-26 13:01:19 [OK] Python 3.13.14 is within the fully tested runtime range (3.10 - 3.13).
2026-09-26 13:01:19 [OK] psutil verified (7.2.2).
2026-09-26 13:01:19 [OK] fastapi verified (0.141.1).
2026-09-26 13:01:19 [OK] uvicorn verified (0.54.0).
2026-09-26 13:01:19 [OK] pydantic verified (2.13.4).
2026-09-26 13:01:19 [OK] yaml verified (6.0.3).
2026-09-26 13:01:19 [OK] httpx verified (0.28.1).
2026-09-26 13:01:19 [OK] websockets verified (17.1).
2026-09-26 13:01:19 [OK] numpy verified (2.3.5).
2026-09-26 13:01:20 [OK] pandas verified (2.2.3).
2026-09-26 13:01:20 [OK] pyarrow verified (25.0.1).
2026-09-26 13:01:20 [OK] duckdb verified (1.5.5).
2026-09-26 13:01:20 [INFO] Operating system is linux. MetaTrader 5 bridge runs in high-fidelity SIMULATOR mode.
2026-09-26 13:01:20 [OK] Database verified at DATABASE/lab_state.db (user_version=3, strategies=371). Historical data preserved.
2026-09-26 13:01:20 [OK] Application main module imported successfully (FastAPI v2.4.0).
2026-09-26 13:01:20 [OK] ALL BACKEND RUNTIME DEPENDENCIES & APPLICATION ENTRYPOINTS VERIFIED.
2026-09-26 13:04:54 [INFO] ===========================================================
2026-09-26 13:04:54 [INFO] EVOLUTIONARY TRADING RESEARCH LAB - V2.3 DEPENDENCY VERIFIER
2026-09-26 13:04:54 [INFO] ===========================================================
2026-09-26 13:04:54 [INFO] Python interpreter: /usr/local/bin/python3.13
2026-09-26 13:04:54 [INFO] Python version: 3.13.14 (linux)
2026-09-26 13:04:54 [OK] Python 3.13.14 is within the fully tested runtime range (3.10 - 3.13).
2026-09-26 13:04:54 [OK] psutil verified (7.2.2).
2026-09-26 13:04:54 [OK] fastapi verified (0.141.1).
2026-09-26 13:04:54 [OK] uvicorn verified (0.54.0).
2026-09-26 13:04:54 [OK] pydantic verified (2.13.4).
2026-09-26 13:04:54 [OK] yaml verified (6.0.3).
2026-09-26 13:04:54 [OK] httpx verified (0.28.1).
2026-09-26 13:04:54 [OK] websockets verified (17.1).
2026-09-26 13:04:54 [OK] numpy verified (2.3.5).
2026-09-26 13:04:55 [OK] pandas verified (2.2.3).
2026-09-26 13:04:55 [OK] pyarrow verified (25.0.1).
2026-09-26 13:04:55 [OK] duckdb verified (1.5.5).
2026-09-26 13:04:55 [INFO] Operating system is linux. MetaTrader 5 bridge runs in high-fidelity SIMULATOR mode.
2026-09-26 13:04:55 [OK] Database verified at DATABASE/lab_state.db (user_version=3, strategies=371). Historical data preserved.
2026-09-26 13:04:55 [OK] Application main module imported successfully (FastAPI v2.4.0).
2026-09-26 13:04:55 [OK] ALL BACKEND RUNTIME DEPENDENCIES & APPLICATION ENTRYPOINTS VERIFIED.
2026-09-26 13:05:22 [INFO] ===========================================================
2026-09-26 13:05:22 [INFO] EVOLUTIONARY TRADING RESEARCH LAB - V2.3 DEPENDENCY VERIFIER
2026-09-26 13:05:22 [INFO] ===========================================================
2026-09-26 13:05:22 [INFO] Python interpreter: /usr/local/bin/python3.13
2026-09-26 13:05:22 [INFO] Python version: 3.13.14 (linux)
2026-09-26 13:05:22 [OK] Python 3.13.14 is within the fully tested runtime range (3.10 - 3.13).
2026-09-26 13:05:22 [OK] psutil verified (7.2.2).
2026-09-26 13:05:22 [OK] fastapi verified (0.141.1).
2026-09-26 13:05:22 [OK] uvicorn verified (0.54.0).
2026-09-26 13:05:22 [OK] pydantic verified (2.13.4).
2026-09-26 13:05:22 [OK] yaml verified (6.0.3).
2026-09-26 13:05:22 [OK] httpx verified (0.28.1).
2026-09-26 13:05:22 [OK] websockets verified (17.1).
2026-09-26 13:05:22 [OK] numpy verified (2.3.5).
2026-09-26 13:05:23 [OK] pandas verified (2.2.3).
2026-09-26 13:05:23 [OK] pyarrow verified (25.0.1).
2026-09-26 13:05:23 [OK] duckdb verified (1.5.5).
2026-09-26 13:05:23 [INFO] Operating system is linux. MetaTrader 5 bridge runs in high-fidelity SIMULATOR mode.
2026-09-26 13:05:23 [OK] Database verified at DATABASE/lab_state.db (user_version=3, strategies=371). Historical data preserved.
2026-09-26 13:05:23 [OK] Application main module imported successfully (FastAPI v2.4.0).
2026-09-26 13:05:23 [OK] ALL BACKEND RUNTIME DEPENDENCIES & APPLICATION ENTRYPOINTS VERIFIED.
2026-09-26 13:05:53 [INFO] ===========================================================
2026-09-26 13:05:53 [INFO] EVOLUTIONARY TRADING RESEARCH LAB - V2.3 DEPENDENCY VERIFIER
2026-09-26 13:05:53 [INFO] ===========================================================
2026-09-26 13:05:53 [INFO] Python interpreter: /usr/local/bin/python3.13
2026-09-26 13:05:53 [INFO] Python version: 3.13.14 (linux)
2026-09-26 13:05:53 [OK] Python 3.13.14 is within the fully tested runtime range (3.10 - 3.13).
2026-09-26 13:05:53 [OK] psutil verified (7.2.2).
2026-09-26 13:05:53 [OK] fastapi verified (0.141.1).
2026-09-26 13:05:53 [OK] uvicorn verified (0.54.0).
2026-09-26 13:05:53 [OK] pydantic verified (2.13.4).
2026-09-26 13:05:54 [OK] yaml verified (6.0.3).
2026-09-26 13:05:54 [OK] httpx verified (0.28.1).
2026-09-26 13:05:54 [OK] websockets verified (17.1).
2026-09-26 13:05:54 [OK] numpy verified (2.3.5).
2026-09-26 13:05:54 [OK] pandas verified (2.2.3).
2026-09-26 13:05:54 [OK] pyarrow verified (25.0.1).
2026-09-26 13:05:54 [OK] duckdb verified (1.5.5).
2026-09-26 13:05:54 [INFO] Operating system is linux. MetaTrader 5 bridge runs in high-fidelity SIMULATOR mode.
2026-09-26 13:05:54 [OK] Database verified at DATABASE/lab_state.db (user_version=3, strategies=371). Historical data preserved.
2026-09-26 13:05:54 [OK] Application main module imported successfully (FastAPI v2.4.0).
2026-09-26 13:05:54 [OK] ALL BACKEND RUNTIME DEPENDENCIES & APPLICATION ENTRYPOINTS VERIFIED.
2026-09-26 13:33:29 [INFO] ===========================================================
2026-09-26 13:33:29 [INFO] EVOLUTIONARY TRADING RESEARCH LAB - V2.3 DEPENDENCY VERIFIER
2026-09-26 13:33:29 [INFO] ===========================================================
2026-09-26 13:33:29 [INFO] Python interpreter: /usr/local/bin/python3.13
2026-09-26 13:33:29 [INFO] Python version: 3.13.14 (linux)
2026-09-26 13:33:29 [OK] Python 3.13.14 is within the fully tested runtime range (3.10 - 3.13).
2026-09-26 13:33:29 [OK] psutil verified (7.2.2).
2026-09-26 13:33:29 [OK] fastapi verified (0.141.1).
2026-09-26 13:33:29 [OK] uvicorn verified (0.54.0).
2026-09-26 13:33:29 [OK] pydantic verified (2.13.4).
2026-09-26 13:33:29 [OK] yaml verified (6.0.3).
2026-09-26 13:33:29 [OK] httpx verified (0.28.1).
2026-09-26 13:33:29 [OK] websockets verified (17.1).
2026-09-26 13:33:29 [OK] numpy verified (2.3.5).
2026-09-26 13:33:29 [OK] pandas verified (2.2.3).
2026-09-26 13:33:29 [OK] pyarrow verified (25.0.1).
2026-09-26 13:33:29 [OK] duckdb verified (1.5.5).
2026-09-26 13:33:29 [INFO] Operating system is linux. MetaTrader 5 bridge runs in high-fidelity SIMULATOR mode.
2026-09-26 13:33:29 [OK] Database verified at DATABASE/lab_state.db (user_version=3, strategies=371). Historical data preserved.
2026-09-26 13:33:30 [OK] Application main module imported successfully (FastAPI v2.4.0).
2026-09-26 13:33:30 [OK] ALL BACKEND RUNTIME DEPENDENCIES & APPLICATION ENTRYPOINTS VERIFIED.
2026-09-26 13:42:09 [INFO] ===========================================================
2026-09-26 13:42:09 [INFO] EVOLUTIONARY TRADING RESEARCH LAB - V2.3 DEPENDENCY VERIFIER
2026-09-26 13:42:09 [INFO] ===========================================================
2026-09-26 13:42:09 [INFO] Python interpreter: /usr/local/bin/python3.13
2026-09-26 13:42:09 [INFO] Python version: 3.13.14 (linux)
2026-09-26 13:42:09 [OK] Python 3.13.14 is within the fully tested runtime range (3.10 - 3.13).
2026-09-26 13:42:09 [OK] psutil verified (7.2.2).
2026-09-26 13:42:09 [OK] fastapi verified (0.141.1).
2026-09-26 13:42:10 [OK] uvicorn verified (0.54.0).
2026-09-26 13:42:10 [OK] pydantic verified (2.13.4).
2026-09-26 13:42:10 [OK] yaml verified (6.0.3).
2026-09-26 13:42:10 [OK] httpx verified (0.28.1).
2026-09-26 13:42:10 [OK] websockets verified (17.1).
2026-09-26 13:42:10 [OK] numpy verified (2.3.5).
2026-09-26 13:42:10 [OK] pandas verified (2.2.3).
2026-09-26 13:42:10 [OK] pyarrow verified (25.0.1).
2026-09-26 13:42:10 [OK] duckdb verified (1.5.5).
2026-09-26 13:42:10 [INFO] Operating system is linux. MetaTrader 5 bridge runs in high-fidelity SIMULATOR mode.
2026-09-26 13:42:10 [OK] Database verified at DATABASE/lab_state.db (user_version=3, strategies=371). Historical data preserved.
2026-09-26 13:42:10 [OK] Application main module imported successfully (FastAPI v2.4.0).
2026-09-26 13:42:10 [OK] ALL BACKEND RUNTIME DEPENDENCIES & APPLICATION ENTRYPOINTS VERIFIED.
2026-09-26 13:43:26 [INFO] ===========================================================
2026-09-26 13:43:26 [INFO] EVOLUTIONARY TRADING RESEARCH LAB - V2.3 DEPENDENCY VERIFIER
2026-09-26 13:43:26 [INFO] ===========================================================
2026-09-26 13:43:26 [INFO] Python interpreter: /usr/local/bin/python3.13
2026-09-26 13:43:26 [INFO] Python version: 3.13.14 (linux)
2026-09-26 13:43:26 [OK] Python 3.13.14 is within the fully tested runtime range (3.10 - 3.13).
2026-09-26 13:43:26 [OK] psutil verified (7.2.2).
2026-09-26 13:43:26 [OK] fastapi verified (0.141.1).
2026-09-26 13:43:26 [OK] uvicorn verified (0.54.0).
2026-09-26 13:43:26 [OK] pydantic verified (2.13.4).
2026-09-26 13:43:26 [OK] yaml verified (6.0.3).
2026-09-26 13:43:26 [OK] httpx verified (0.28.1).
2026-09-26 13:43:26 [OK] websockets verified (17.1).
2026-09-26 13:43:26 [OK] numpy verified (2.3.5).
2026-09-26 13:43:27 [OK] pandas verified (2.2.3).
2026-09-26 13:43:27 [OK] pyarrow verified (25.0.1).
2026-09-26 13:43:27 [OK] duckdb verified (1.5.5).
2026-09-26 13:43:27 [INFO] Operating system is linux. MetaTrader 5 bridge runs in high-fidelity SIMULATOR mode.
2026-09-26 13:43:27 [OK] Database verified at DATABASE/lab_state.db (user_version=3, strategies=371). Historical data preserved.
2026-09-26 13:43:27 [OK] Application main module imported successfully (FastAPI v2.4.0).
2026-09-26 13:43:27 [OK] ALL BACKEND RUNTIME DEPENDENCIES & APPLICATION ENTRYPOINTS VERIFIED.
2026-09-26 13:45:22 [INFO] ===========================================================
2026-09-26 13:45:22 [INFO] EVOLUTIONARY TRADING RESEARCH LAB - V2.3 DEPENDENCY VERIFIER
2026-09-26 13:45:22 [INFO] ===========================================================
2026-09-26 13:45:22 [INFO] Python interpreter: /usr/local/bin/python3.13
2026-09-26 13:45:22 [INFO] Python version: 3.13.14 (linux)
2026-09-26 13:45:22 [OK] Python 3.13.14 is within the fully tested runtime range (3.10 - 3.13).
2026-09-26 13:45:22 [OK] psutil verified (7.2.2).
2026-09-26 13:45:23 [OK] fastapi verified (0.141.1).
2026-09-26 13:45:23 [OK] uvicorn verified (0.54.0).
2026-09-26 13:45:23 [OK] pydantic verified (2.13.4).
2026-09-26 13:45:23 [OK] yaml verified (6.0.3).
2026-09-26 13:45:23 [OK] httpx verified (0.28.1).
2026-09-26 13:45:23 [OK] websockets verified (17.1).
2026-09-26 13:45:23 [OK] numpy verified (2.3.5).
2026-09-26 13:45:23 [OK] pandas verified (2.2.3).
2026-09-26 13:45:23 [OK] pyarrow verified (25.0.1).
2026-09-26 13:45:23 [OK] duckdb verified (1.5.5).
2026-09-26 13:45:23 [INFO] Operating system is linux. MetaTrader 5 bridge runs in high-fidelity SIMULATOR mode.
2026-09-26 13:45:23 [OK] Database verified at DATABASE/lab_state.db (user_version=3, strategies=371). Historical data preserved.
2026-09-26 13:45:23 [OK] Application main module imported successfully (FastAPI v2.4.0).
2026-09-26 13:45:23 [OK] ALL BACKEND RUNTIME DEPENDENCIES & APPLICATION ENTRYPOINTS VERIFIED.
2026-09-26 13:46:55 [INFO] ===========================================================
2026-09-26 13:46:55 [INFO] EVOLUTIONARY TRADING RESEARCH LAB - V2.3 DEPENDENCY VERIFIER
2026-09-26 13:46:55 [INFO] ===========================================================
2026-09-26 13:46:55 [INFO] Python interpreter: /usr/local/bin/python3.13
2026-09-26 13:46:55 [INFO] Python version: 3.13.14 (linux)
2026-09-26 13:46:55 [OK] Python 3.13.14 is within the fully tested runtime range (3.10 - 3.13).
2026-09-26 13:46:55 [OK] psutil verified (7.2.2).
2026-09-26 13:46:55 [OK] fastapi verified (0.141.1).
2026-09-26 13:46:56 [OK] uvicorn verified (0.54.0).
2026-09-26 13:46:56 [OK] pydantic verified (2.13.4).
2026-09-26 13:46:56 [OK] yaml verified (6.0.3).
2026-09-26 13:46:56 [OK] httpx verified (0.28.1).
2026-09-26 13:46:56 [OK] websockets verified (17.1).
2026-09-26 13:46:56 [OK] numpy verified (2.3.5).
2026-09-26 13:46:56 [OK] pandas verified (2.2.3).
2026-09-26 13:46:56 [OK] pyarrow verified (25.0.1).
2026-09-26 13:46:56 [OK] duckdb verified (1.5.5).
2026-09-26 13:46:56 [INFO] Operating system is linux. MetaTrader 5 bridge runs in high-fidelity SIMULATOR mode.
2026-09-26 13:46:56 [OK] Database verified at DATABASE/lab_state.db (user_version=3, strategies=371). Historical data preserved.
2026-09-26 13:46:56 [OK] Application main module imported successfully (FastAPI v2.4.0).
2026-09-26 13:46:56 [OK] ALL BACKEND RUNTIME DEPENDENCIES & APPLICATION ENTRYPOINTS VERIFIED.
2026-09-26 13:48:02 [INFO] ===========================================================
2026-09-26 13:48:02 [INFO] EVOLUTIONARY TRADING RESEARCH LAB - V2.3 DEPENDENCY VERIFIER
2026-09-26 13:48:02 [INFO] ===========================================================
2026-09-26 13:48:02 [INFO] Python interpreter: /usr/local/bin/python3.13
2026-09-26 13:48:02 [INFO] Python version: 3.13.14 (linux)
2026-09-26 13:48:02 [OK] Python 3.13.14 is within the fully tested runtime range (3.10 - 3.13).
2026-09-26 13:48:02 [OK] psutil verified (7.2.2).
2026-09-26 13:48:02 [OK] fastapi verified (0.141.1).
2026-09-26 13:48:03 [OK] uvicorn verified (0.54.0).
2026-09-26 13:48:03 [OK] pydantic verified (2.13.4).
2026-09-26 13:48:03 [OK] yaml verified (6.0.3).
2026-09-26 13:48:03 [OK] httpx verified (0.28.1).
2026-09-26 13:48:03 [OK] websockets verified (17.1).
2026-09-26 13:48:03 [OK] numpy verified (2.3.5).
2026-09-26 13:48:03 [OK] pandas verified (2.2.3).
2026-09-26 13:48:03 [OK] pyarrow verified (25.0.1).
2026-09-26 13:48:03 [OK] duckdb verified (1.5.5).
2026-09-26 13:48:03 [INFO] Operating system is linux. MetaTrader 5 bridge runs in high-fidelity SIMULATOR mode.
2026-09-26 13:48:03 [OK] Database verified at DATABASE/lab_state.db (user_version=3, strategies=371). Historical data preserved.
2026-09-26 13:48:03 [OK] Application main module imported successfully (FastAPI v2.4.0).
2026-09-26 13:48:03 [OK] ALL BACKEND RUNTIME DEPENDENCIES & APPLICATION ENTRYPOINTS VERIFIED.
2026-09-26 14:32:22 [INFO] ===========================================================
2026-09-26 14:32:22 [INFO] EVOLUTIONARY TRADING RESEARCH LAB - V2.3 DEPENDENCY VERIFIER
2026-09-26 14:32:22 [INFO] ===========================================================
2026-09-26 14:32:22 [INFO] Python interpreter: /usr/local/bin/python3
2026-09-26 14:32:22 [INFO] Python version: 3.13.14 (linux)
2026-09-26 14:32:22 [OK] Python 3.13.14 is within the fully tested runtime range (3.10 - 3.13).
2026-09-26 14:32:22 [OK] psutil verified (7.2.2).
2026-09-26 14:32:22 [OK] fastapi verified (0.141.1).
2026-09-26 14:32:22 [OK] uvicorn verified (0.54.0).
2026-09-26 14:32:22 [OK] pydantic verified (2.13.4).
2026-09-26 14:32:22 [OK] yaml verified (6.0.3).
2026-09-26 14:32:22 [OK] httpx verified (0.28.1).
2026-09-26 14:32:22 [WARN] websockets import failed: No module named 'websockets'
2026-09-26 14:32:22 [ACTION] Attempting automatic self-repair: pip install websockets>=12.0...
2026-09-26 14:32:22 [INFO] Executing: /usr/local/bin/python3 -m pip install websockets>=12.0
2026-09-26 14:32:23 [OK] websockets installed, repaired, and verified (17.1).
2026-09-26 14:32:23 [OK] numpy verified (2.3.5).
2026-09-26 14:32:24 [OK] pandas verified (2.2.3).
2026-09-26 14:32:24 [OK] pyarrow verified (25.0.1).
2026-09-26 14:32:24 [WARN] duckdb import failed: No module named 'duckdb'
2026-09-26 14:32:24 [ACTION] Attempting automatic self-repair: pip install duckdb>=0.10...
2026-09-26 14:32:24 [INFO] Executing: /usr/local/bin/python3 -m pip install duckdb>=0.10
2026-09-26 14:32:25 [OK] duckdb installed, repaired, and verified (1.5.5).
2026-09-26 14:32:25 [INFO] Operating system is linux. MetaTrader 5 bridge runs in high-fidelity SIMULATOR mode.
2026-09-26 14:32:25 [OK] Database verified at DATABASE/lab_state.db (user_version=3, strategies=371). Historical data preserved.
2026-09-26 14:32:25 [OK] Application main module imported successfully (FastAPI v2.4.0).
2026-09-26 14:32:25 [OK] ALL BACKEND RUNTIME DEPENDENCIES & APPLICATION ENTRYPOINTS VERIFIED.
2026-09-26 14:33:33 [INFO] ===========================================================
2026-09-26 14:33:33 [INFO] EVOLUTIONARY TRADING RESEARCH LAB - V2.3 DEPENDENCY VERIFIER
2026-09-26 14:33:33 [INFO] ===========================================================
2026-09-26 14:33:33 [INFO] Python interpreter: /usr/local/bin/python3
2026-09-26 14:33:33 [INFO] Python version: 3.13.14 (linux)
2026-09-26 14:33:33 [OK] Python 3.13.14 is within the fully tested runtime range (3.10 - 3.13).
2026-09-26 14:33:33 [OK] psutil verified (7.2.2).
2026-09-26 14:33:33 [OK] fastapi verified (0.141.1).
2026-09-26 14:33:33 [OK] uvicorn verified (0.54.0).
2026-09-26 14:33:33 [OK] pydantic verified (2.13.4).
2026-09-26 14:33:33 [OK] yaml verified (6.0.3).
2026-09-26 14:33:33 [OK] httpx verified (0.28.1).
2026-09-26 14:33:33 [OK] websockets verified (17.1).
2026-09-26 14:33:33 [OK] numpy verified (2.3.5).
2026-09-26 14:33:34 [OK] pandas verified (2.2.3).
2026-09-26 14:33:34 [OK] pyarrow verified (25.0.1).
2026-09-26 14:33:34 [OK] duckdb verified (1.5.5).
2026-09-26 14:33:34 [INFO] Operating system is linux. MetaTrader 5 bridge runs in high-fidelity SIMULATOR mode.
2026-09-26 14:33:34 [OK] Database verified at DATABASE/lab_state.db (user_version=3, strategies=371). Historical data preserved.
2026-09-26 14:33:34 [OK] Application main module imported successfully (FastAPI v2.4.0).
2026-09-26 14:33:34 [OK] ALL BACKEND RUNTIME DEPENDENCIES & APPLICATION ENTRYPOINTS VERIFIED.
2026-09-26 14:35:20 [INFO] ===========================================================
2026-09-26 14:35:20 [INFO] EVOLUTIONARY TRADING RESEARCH LAB - V2.3 DEPENDENCY VERIFIER
2026-09-26 14:35:20 [INFO] ===========================================================
2026-09-26 14:35:20 [INFO] Python interpreter: /usr/local/bin/python3
2026-09-26 14:35:20 [INFO] Python version: 3.13.14 (linux)
2026-09-26 14:35:20 [OK] Python 3.13.14 is within the fully tested runtime range (3.10 - 3.13).
2026-09-26 14:35:20 [OK] psutil verified (7.2.2).
2026-09-26 14:35:20 [OK] fastapi verified (0.141.1).
2026-09-26 14:35:20 [OK] uvicorn verified (0.54.0).
2026-09-26 14:35:20 [OK] pydantic verified (2.13.4).
2026-09-26 14:35:20 [OK] yaml verified (6.0.3).
2026-09-26 14:35:21 [OK] httpx verified (0.28.1).
2026-09-26 14:35:21 [OK] websockets verified (17.1).
2026-09-26 14:35:21 [OK] numpy verified (2.3.5).
2026-09-26 14:35:21 [OK] pandas verified (2.2.3).
2026-09-26 14:35:21 [OK] pyarrow verified (25.0.1).
2026-09-26 14:35:21 [OK] duckdb verified (1.5.5).
2026-09-26 14:35:21 [INFO] Operating system is linux. MetaTrader 5 bridge runs in high-fidelity SIMULATOR mode.
2026-09-26 14:35:21 [OK] Database verified at DATABASE/lab_state.db (user_version=3, strategies=371). Historical data preserved.
2026-09-26 14:35:21 [OK] Application main module imported successfully (FastAPI v2.4.0).
2026-09-26 14:35:21 [OK] ALL BACKEND RUNTIME DEPENDENCIES & APPLICATION ENTRYPOINTS VERIFIED.
2026-09-26 14:56:35 [INFO] ===========================================================
2026-09-26 14:56:35 [INFO] EVOLUTIONARY TRADING RESEARCH LAB - V2.3 DEPENDENCY VERIFIER
2026-09-26 14:56:35 [INFO] ===========================================================
2026-09-26 14:56:35 [INFO] Python interpreter: /usr/local/bin/python3
2026-09-26 14:56:35 [INFO] Python version: 3.13.14 (linux)
2026-09-26 14:56:35 [OK] Python 3.13.14 is within the fully tested runtime range (3.10 - 3.13).
2026-09-26 14:56:35 [OK] psutil verified (7.2.2).
2026-09-26 14:56:35 [OK] fastapi verified (0.141.1).
2026-09-26 14:56:35 [OK] uvicorn verified (0.54.0).
2026-09-26 14:56:35 [OK] pydantic verified (2.13.4).
2026-09-26 14:56:35 [OK] yaml verified (6.0.3).
2026-09-26 14:56:35 [OK] httpx verified (0.28.1).
2026-09-26 14:56:35 [WARN] websockets import failed: No module named 'websockets'
2026-09-26 14:56:35 [ACTION] Attempting automatic self-repair: pip install websockets>=12.0...
2026-09-26 14:56:35 [INFO] Executing: /usr/local/bin/python3 -m pip install websockets>=12.0
2026-09-26 14:56:36 [OK] websockets installed, repaired, and verified (17.1).
2026-09-26 14:56:37 [OK] numpy verified (2.3.5).
2026-09-26 14:56:37 [OK] pandas verified (2.2.3).
2026-09-26 14:56:37 [OK] pyarrow verified (25.0.1).
2026-09-26 14:56:37 [WARN] duckdb import failed: No module named 'duckdb'
2026-09-26 14:56:37 [ACTION] Attempting automatic self-repair: pip install duckdb>=0.10...
2026-09-26 14:56:37 [INFO] Executing: /usr/local/bin/python3 -m pip install duckdb>=0.10
2026-09-26 14:56:38 [OK] duckdb installed, repaired, and verified (1.5.5).
2026-09-26 14:56:38 [INFO] Operating system is linux. MetaTrader 5 bridge runs in high-fidelity SIMULATOR mode.
2026-09-26 14:56:38 [OK] Database verified at DATABASE/lab_state.db (user_version=3, strategies=371). Historical data preserved.
2026-09-26 14:56:39 [OK] Application main module imported successfully (FastAPI v2.4.0).
2026-09-26 14:56:39 [OK] ALL BACKEND RUNTIME DEPENDENCIES & APPLICATION ENTRYPOINTS VERIFIED.
2026-09-26 14:57:03 [INFO] ===========================================================
2026-09-26 14:57:03 [INFO] EVOLUTIONARY TRADING RESEARCH LAB - V2.3 DEPENDENCY VERIFIER
2026-09-26 14:57:03 [INFO] ===========================================================
2026-09-26 14:57:03 [INFO] Python interpreter: /usr/local/bin/python3
2026-09-26 14:57:03 [INFO] Python version: 3.13.14 (linux)
2026-09-26 14:57:03 [OK] Python 3.13.14 is within the fully tested runtime range (3.10 - 3.13).
2026-09-26 14:57:03 [OK] psutil verified (7.2.2).
2026-09-26 14:57:03 [OK] fastapi verified (0.141.1).
2026-09-26 14:57:03 [OK] uvicorn verified (0.54.0).
2026-09-26 14:57:03 [OK] pydantic verified (2.13.4).
2026-09-26 14:57:03 [OK] yaml verified (6.0.3).
2026-09-26 14:57:04 [OK] httpx verified (0.28.1).
2026-09-26 14:57:04 [OK] websockets verified (17.1).
2026-09-26 14:57:04 [OK] numpy verified (2.3.5).
2026-09-26 14:57:04 [OK] pandas verified (2.2.3).
2026-09-26 14:57:04 [OK] pyarrow verified (25.0.1).
2026-09-26 14:57:04 [OK] duckdb verified (1.5.5).
2026-09-26 14:57:04 [INFO] Operating system is linux. MetaTrader 5 bridge runs in high-fidelity SIMULATOR mode.
2026-09-26 14:57:04 [OK] Database verified at DATABASE/lab_state.db (user_version=3, strategies=371). Historical data preserved.
2026-09-26 14:57:04 [OK] Application main module imported successfully (FastAPI v2.4.0).
2026-09-26 14:57:04 [OK] ALL BACKEND RUNTIME DEPENDENCIES & APPLICATION ENTRYPOINTS VERIFIED.
2026-09-26 15:00:27 [INFO] ===========================================================
2026-09-26 15:00:27 [INFO] EVOLUTIONARY TRADING RESEARCH LAB - V2.3 DEPENDENCY VERIFIER
2026-09-26 15:00:27 [INFO] ===========================================================
2026-09-26 15:00:27 [INFO] Python interpreter: /usr/local/bin/python3
2026-09-26 15:00:27 [INFO] Python version: 3.13.14 (linux)
2026-09-26 15:00:27 [OK] Python 3.13.14 is within the fully tested runtime range (3.10 - 3.13).
2026-09-26 15:00:27 [OK] psutil verified (7.2.2).
2026-09-26 15:00:27 [OK] fastapi verified (0.141.1).
2026-09-26 15:00:27 [OK] uvicorn verified (0.54.0).
2026-09-26 15:00:27 [OK] pydantic verified (2.13.4).
2026-09-26 15:00:27 [OK] yaml verified (6.0.3).
2026-09-26 15:00:27 [OK] httpx verified (0.28.1).
2026-09-26 15:00:27 [OK] websockets verified (17.1).
2026-09-26 15:00:28 [OK] numpy verified (2.3.5).
2026-09-26 15:00:28 [OK] pandas verified (2.2.3).
2026-09-26 15:00:28 [OK] pyarrow verified (25.0.1).
2026-09-26 15:00:28 [OK] duckdb verified (1.5.5).
2026-09-26 15:00:28 [INFO] Operating system is linux. MetaTrader 5 bridge runs in high-fidelity SIMULATOR mode.
2026-09-26 15:00:28 [OK] Database verified at DATABASE/lab_state.db (user_version=3, strategies=371). Historical data preserved.
2026-09-26 15:00:28 [OK] Application main module imported successfully (FastAPI v2.4.0).
2026-09-26 15:00:28 [OK] ALL BACKEND RUNTIME DEPENDENCIES & APPLICATION ENTRYPOINTS VERIFIED.
2026-09-26 15:57:20 [INFO] ===========================================================
2026-09-26 15:57:20 [INFO] EVOLUTIONARY TRADING RESEARCH LAB - V2.3 DEPENDENCY VERIFIER
2026-09-26 15:57:20 [INFO] ===========================================================
2026-09-26 15:57:20 [INFO] Python interpreter: /usr/local/bin/python3.13
2026-09-26 15:57:20 [INFO] Python version: 3.13.14 (linux)
2026-09-26 15:57:20 [OK] Python 3.13.14 is within the fully tested runtime range (3.10 - 3.13).
2026-09-26 15:57:20 [OK] psutil verified (7.2.2).
2026-09-26 15:57:20 [OK] fastapi verified (0.141.1).
2026-09-26 15:57:20 [OK] uvicorn verified (0.54.0).
2026-09-26 15:57:20 [OK] pydantic verified (2.13.4).
2026-09-26 15:57:20 [OK] yaml verified (6.0.3).
2026-09-26 15:57:20 [OK] httpx verified (0.28.1).
2026-09-26 15:57:20 [WARN] websockets import failed: No module named 'websockets'
2026-09-26 15:57:20 [ACTION] Attempting automatic self-repair: pip install websockets>=12.0...
2026-09-26 15:57:20 [INFO] Executing: /usr/local/bin/python3.13 -m pip install websockets>=12.0
2026-09-26 15:57:21 [OK] websockets installed, repaired, and verified (17.1).
2026-09-26 15:57:21 [OK] numpy verified (2.3.5).
2026-09-26 15:57:21 [OK] pandas verified (2.2.3).
2026-09-26 15:57:21 [OK] pyarrow verified (25.0.1).
2026-09-26 15:57:21 [WARN] duckdb import failed: No module named 'duckdb'
2026-09-26 15:57:21 [ACTION] Attempting automatic self-repair: pip install duckdb>=0.10...
2026-09-26 15:57:21 [INFO] Executing: /usr/local/bin/python3.13 -m pip install duckdb>=0.10
2026-09-26 15:57:24 [OK] duckdb installed, repaired, and verified (1.5.5).
2026-09-26 15:57:24 [INFO] Operating system is linux. MetaTrader 5 bridge runs in high-fidelity SIMULATOR mode.
2026-09-26 15:57:24 [OK] Database verified at DATABASE/lab_state.db (user_version=3, strategies=371). Historical data preserved.
2026-09-26 15:57:24 [OK] Application main module imported successfully (FastAPI v2.4.0).
2026-09-26 15:57:24 [OK] ALL BACKEND RUNTIME DEPENDENCIES & APPLICATION ENTRYPOINTS VERIFIED.
2026-09-26 15:57:51 [INFO] ===========================================================
2026-09-26 15:57:51 [INFO] EVOLUTIONARY TRADING RESEARCH LAB - V2.3 DEPENDENCY VERIFIER
2026-09-26 15:57:51 [INFO] ===========================================================
2026-09-26 15:57:51 [INFO] Python interpreter: /usr/local/bin/python3.13
2026-09-26 15:57:51 [INFO] Python version: 3.13.14 (linux)
2026-09-26 15:57:51 [OK] Python 3.13.14 is within the fully tested runtime range (3.10 - 3.13).
2026-09-26 15:57:51 [OK] psutil verified (7.2.2).
2026-09-26 15:57:51 [OK] fastapi verified (0.141.1).
2026-09-26 15:57:51 [OK] uvicorn verified (0.54.0).
2026-09-26 15:57:51 [OK] pydantic verified (2.13.4).
2026-09-26 15:57:51 [OK] yaml verified (6.0.3).
2026-09-26 15:57:51 [OK] httpx verified (0.28.1).
2026-09-26 15:57:51 [OK] websockets verified (17.1).
2026-09-26 15:57:51 [OK] numpy verified (2.3.5).
2026-09-26 15:57:52 [OK] pandas verified (2.2.3).
2026-09-26 15:57:52 [OK] pyarrow verified (25.0.1).
2026-09-26 15:57:52 [OK] duckdb verified (1.5.5).
2026-09-26 15:57:52 [INFO] Operating system is linux. MetaTrader 5 bridge runs in high-fidelity SIMULATOR mode.
2026-09-26 15:57:52 [OK] Database verified at DATABASE/lab_state.db (user_version=3, strategies=371). Historical data preserved.
2026-09-26 15:57:52 [OK] Application main module imported successfully (FastAPI v2.4.0).
2026-09-26 15:57:52 [OK] ALL BACKEND RUNTIME DEPENDENCIES & APPLICATION ENTRYPOINTS VERIFIED.
2026-09-26 15:59:09 [INFO] ===========================================================
2026-09-26 15:59:09 [INFO] EVOLUTIONARY TRADING RESEARCH LAB - V2.3 DEPENDENCY VERIFIER
2026-09-26 15:59:09 [INFO] ===========================================================
2026-09-26 15:59:09 [INFO] Python interpreter: /usr/local/bin/python3.13
2026-09-26 15:59:09 [INFO] Python version: 3.13.14 (linux)
2026-09-26 15:59:09 [OK] Python 3.13.14 is within the fully tested runtime range (3.10 - 3.13).
2026-09-26 15:59:09 [OK] psutil verified (7.2.2).
2026-09-26 15:59:10 [OK] fastapi verified (0.141.1).
2026-09-26 15:59:10 [OK] uvicorn verified (0.54.0).
2026-09-26 15:59:10 [OK] pydantic verified (2.13.4).
2026-09-26 15:59:10 [OK] yaml verified (6.0.3).
2026-09-26 15:59:10 [OK] httpx verified (0.28.1).
2026-09-26 15:59:10 [OK] websockets verified (17.1).
2026-09-26 15:59:10 [OK] numpy verified (2.3.5).
2026-09-26 15:59:10 [OK] pandas verified (2.2.3).
2026-09-26 15:59:10 [OK] pyarrow verified (25.0.1).
2026-09-26 15:59:10 [OK] duckdb verified (1.5.5).
2026-09-26 15:59:10 [INFO] Operating system is linux. MetaTrader 5 bridge runs in high-fidelity SIMULATOR mode.
2026-09-26 15:59:10 [OK] Database verified at DATABASE/lab_state.db (user_version=3, strategies=371). Historical data preserved.
2026-09-26 15:59:10 [OK] Application main module imported successfully (FastAPI v2.4.0).
2026-09-26 15:59:10 [OK] ALL BACKEND RUNTIME DEPENDENCIES & APPLICATION ENTRYPOINTS VERIFIED.
2026-09-26 16:44:45 [INFO] ===========================================================
2026-09-26 16:44:45 [INFO] EVOLUTIONARY TRADING RESEARCH LAB - V2.3 DEPENDENCY VERIFIER
2026-09-26 16:44:45 [INFO] ===========================================================
2026-09-26 16:44:45 [INFO] Python interpreter: /usr/local/bin/python3.13
2026-09-26 16:44:45 [INFO] Python version: 3.13.14 (linux)
2026-09-26 16:44:45 [OK] Python 3.13.14 is within the fully tested runtime range (3.10 - 3.13).
2026-09-26 16:44:45 [OK] psutil verified (7.2.2).
2026-09-26 16:44:46 [OK] fastapi verified (0.141.1).
2026-09-26 16:44:46 [OK] uvicorn verified (0.54.0).
2026-09-26 16:44:46 [OK] pydantic verified (2.13.4).
2026-09-26 16:44:46 [OK] yaml verified (6.0.3).
2026-09-26 16:44:46 [OK] httpx verified (0.28.1).
2026-09-26 16:44:46 [WARN] websockets import failed: No module named 'websockets'
2026-09-26 16:44:46 [ACTION] Attempting automatic self-repair: pip install websockets>=12.0...
2026-09-26 16:44:46 [INFO] Executing: /usr/local/bin/python3.13 -m pip install websockets>=12.0
2026-09-26 16:44:47 [OK] websockets installed, repaired, and verified (17.1).
2026-09-26 16:44:47 [OK] numpy verified (2.3.5).
2026-09-26 16:44:47 [OK] pandas verified (2.2.3).
2026-09-26 16:44:47 [OK] pyarrow verified (25.0.1).
2026-09-26 16:44:47 [WARN] duckdb import failed: No module named 'duckdb'
2026-09-26 16:44:47 [ACTION] Attempting automatic self-repair: pip install duckdb>=0.10...
2026-09-26 16:44:47 [INFO] Executing: /usr/local/bin/python3.13 -m pip install duckdb>=0.10
2026-09-26 16:44:48 [OK] duckdb installed, repaired, and verified (1.5.5).
2026-09-26 16:44:48 [INFO] Operating system is linux. MetaTrader 5 bridge runs in high-fidelity SIMULATOR mode.
2026-09-26 16:44:48 [OK] Database verified at DATABASE/lab_state.db (user_version=3, strategies=371). Historical data preserved.
2026-09-26 16:44:48 [OK] Application main module imported successfully (FastAPI v2.4.0).
2026-09-26 16:44:48 [OK] ALL BACKEND RUNTIME DEPENDENCIES & APPLICATION ENTRYPOINTS VERIFIED.
2026-09-26 16:49:48 [INFO] ===========================================================
2026-09-26 16:49:48 [INFO] EVOLUTIONARY TRADING RESEARCH LAB - V2.3 DEPENDENCY VERIFIER
2026-09-26 16:49:48 [INFO] ===========================================================
2026-09-26 16:49:48 [INFO] Python interpreter: /usr/local/bin/python3.13
2026-09-26 16:49:48 [INFO] Python version: 3.13.14 (linux)
2026-09-26 16:49:48 [OK] Python 3.13.14 is within the fully tested runtime range (3.10 - 3.13).
2026-09-26 16:49:48 [OK] psutil verified (7.2.2).
2026-09-26 16:49:48 [OK] fastapi verified (0.141.1).
2026-09-26 16:49:48 [OK] uvicorn verified (0.54.0).
2026-09-26 16:49:48 [OK] pydantic verified (2.13.4).
2026-09-26 16:49:48 [OK] yaml verified (6.0.3).
2026-09-26 16:49:49 [OK] httpx verified (0.28.1).
2026-09-26 16:49:49 [OK] websockets verified (17.1).
2026-09-26 16:49:49 [OK] numpy verified (2.3.5).
2026-09-26 16:49:49 [OK] pandas verified (2.2.3).
2026-09-26 16:49:49 [OK] pyarrow verified (25.0.1).
2026-09-26 16:49:49 [OK] duckdb verified (1.5.5).
2026-09-26 16:49:49 [INFO] Operating system is linux. MetaTrader 5 bridge runs in high-fidelity SIMULATOR mode.
2026-09-26 16:49:49 [OK] Database verified at DATABASE/lab_state.db (user_version=3, strategies=371). Historical data preserved.
2026-09-26 16:49:49 [OK] Application main module imported successfully (FastAPI v2.4.0).
2026-09-26 16:49:49 [OK] ALL BACKEND RUNTIME DEPENDENCIES & APPLICATION ENTRYPOINTS VERIFIED.
2026-09-26 16:50:40 [INFO] ===========================================================
2026-09-26 16:50:40 [INFO] EVOLUTIONARY TRADING RESEARCH LAB - V2.3 DEPENDENCY VERIFIER
2026-09-26 16:50:40 [INFO] ===========================================================
2026-09-26 16:50:40 [INFO] Python interpreter: /usr/local/bin/python3.13
2026-09-26 16:50:40 [INFO] Python version: 3.13.14 (linux)
2026-09-26 16:50:40 [OK] Python 3.13.14 is within the fully tested runtime range (3.10 - 3.13).
2026-09-26 16:50:40 [OK] psutil verified (7.2.2).
2026-09-26 16:50:41 [OK] fastapi verified (0.141.1).
2026-09-26 16:50:41 [OK] uvicorn verified (0.54.0).
2026-09-26 16:50:41 [OK] pydantic verified (2.13.4).
2026-09-26 16:50:41 [OK] yaml verified (6.0.3).
2026-09-26 16:50:41 [OK] httpx verified (0.28.1).
2026-09-26 16:50:41 [OK] websockets verified (17.1).
2026-09-26 16:50:41 [OK] numpy verified (2.3.5).
2026-09-26 16:50:41 [OK] pandas verified (2.2.3).
2026-09-26 16:50:41 [OK] pyarrow verified (25.0.1).
2026-09-26 16:50:41 [OK] duckdb verified (1.5.5).
2026-09-26 16:50:41 [INFO] Operating system is linux. MetaTrader 5 bridge runs in high-fidelity SIMULATOR mode.
2026-09-26 16:50:41 [OK] Database verified at DATABASE/lab_state.db (user_version=3, strategies=371). Historical data preserved.
2026-09-26 16:50:41 [OK] Application main module imported successfully (FastAPI v2.4.0).
2026-09-26 16:50:41 [OK] ALL BACKEND RUNTIME DEPENDENCIES & APPLICATION ENTRYPOINTS VERIFIED.
2026-09-27 05:50:29 [INFO] ===========================================================
2026-09-27 05:50:29 [INFO] EVOLUTIONARY TRADING RESEARCH LAB - V2.3 DEPENDENCY VERIFIER
2026-09-27 05:50:29 [INFO] ===========================================================
2026-09-27 05:50:29 [INFO] Python interpreter: /usr/local/bin/python3.13
2026-09-27 05:50:29 [INFO] Python version: 3.13.14 (linux)
2026-09-27 05:50:29 [OK] Python 3.13.14 is within the fully tested runtime range (3.10 - 3.13).
2026-09-27 05:50:29 [OK] psutil verified (7.2.2).
2026-09-27 05:50:30 [OK] fastapi verified (0.141.1).
2026-09-27 05:50:30 [OK] uvicorn verified (0.54.0).
2026-09-27 05:50:30 [OK] pydantic verified (2.13.4).
2026-09-27 05:50:30 [OK] yaml verified (6.0.3).
2026-09-27 05:50:30 [OK] httpx verified (0.28.1).
2026-09-27 05:50:30 [OK] websockets verified (17.1).
2026-09-27 05:50:30 [OK] numpy verified (2.3.5).
2026-09-27 05:50:30 [OK] pandas verified (2.2.3).
2026-09-27 05:50:30 [OK] pyarrow verified (25.0.1).
2026-09-27 05:50:30 [OK] duckdb verified (1.5.5).
2026-09-27 05:50:30 [INFO] Operating system is linux. MetaTrader 5 bridge runs in high-fidelity SIMULATOR mode.
2026-09-27 05:50:30 [OK] Database verified at DATABASE/lab_state.db (user_version=3, strategies=371). Historical data preserved.
2026-09-27 05:50:30 [OK] Application main module imported successfully (FastAPI v2.4.0).
2026-09-27 05:50:30 [OK] ALL BACKEND RUNTIME DEPENDENCIES & APPLICATION ENTRYPOINTS VERIFIED.
2026-09-27 06:15:31 [INFO] ===========================================================
2026-09-27 06:15:31 [INFO] EVOLUTIONARY TRADING RESEARCH LAB - V2.3 DEPENDENCY VERIFIER
2026-09-27 06:15:31 [INFO] ===========================================================
2026-09-27 06:15:31 [INFO] Python interpreter: /usr/local/bin/python3.13
2026-09-27 06:15:31 [INFO] Python version: 3.13.14 (linux)
2026-09-27 06:15:31 [OK] Python 3.13.14 is within the fully tested runtime range (3.10 - 3.13).
2026-09-27 06:15:31 [OK] psutil verified (7.2.2).
2026-09-27 06:15:32 [OK] fastapi verified (0.141.1).
2026-09-27 06:15:32 [OK] uvicorn verified (0.54.0).
2026-09-27 06:15:32 [OK] pydantic verified (2.13.4).
2026-09-27 06:15:32 [OK] yaml verified (6.0.3).
2026-09-27 06:15:32 [OK] httpx verified (0.28.1).
2026-09-27 06:15:32 [OK] websockets verified (17.1).
2026-09-27 06:15:32 [OK] numpy verified (2.3.5).
2026-09-27 06:15:32 [OK] pandas verified (2.2.3).
2026-09-27 06:15:32 [OK] pyarrow verified (25.0.1).
2026-09-27 06:15:32 [OK] duckdb verified (1.5.5).
2026-09-27 06:15:32 [INFO] Operating system is linux. MetaTrader 5 bridge runs in high-fidelity SIMULATOR mode.
2026-09-27 06:15:32 [OK] Database verified at DATABASE/lab_state.db (user_version=3, strategies=371). Historical data preserved.
2026-09-27 06:15:32 [OK] Application main module imported successfully (FastAPI v2.4.0).
2026-09-27 06:15:32 [OK] ALL BACKEND RUNTIME DEPENDENCIES & APPLICATION ENTRYPOINTS VERIFIED.
2026-09-27 06:16:32 [INFO] ===========================================================
2026-09-27 06:16:32 [INFO] EVOLUTIONARY TRADING RESEARCH LAB - V2.3 DEPENDENCY VERIFIER
2026-09-27 06:16:32 [INFO] ===========================================================
2026-09-27 06:16:32 [INFO] Python interpreter: /usr/local/bin/python3.13
2026-09-27 06:16:32 [INFO] Python version: 3.13.14 (linux)
2026-09-27 06:16:32 [OK] Python 3.13.14 is within the fully tested runtime range (3.10 - 3.13).
2026-09-27 06:16:32 [OK] psutil verified (7.2.2).
2026-09-27 06:16:33 [OK] fastapi verified (0.141.1).
2026-09-27 06:16:33 [OK] uvicorn verified (0.54.0).
2026-09-27 06:16:33 [OK] pydantic verified (2.13.4).
2026-09-27 06:16:33 [OK] yaml verified (6.0.3).
2026-09-27 06:16:33 [OK] httpx verified (0.28.1).
2026-09-27 06:16:33 [OK] websockets verified (17.1).
2026-09-27 06:16:33 [OK] numpy verified (2.3.5).
2026-09-27 06:16:33 [OK] pandas verified (2.2.3).
2026-09-27 06:16:33 [OK] pyarrow verified (25.0.1).
2026-09-27 06:16:33 [OK] duckdb verified (1.5.5).
2026-09-27 06:16:33 [INFO] Operating system is linux. MetaTrader 5 bridge runs in high-fidelity SIMULATOR mode.
2026-09-27 06:16:33 [OK] Database verified at DATABASE/lab_state.db (user_version=3, strategies=371). Historical data preserved.
2026-09-27 06:16:33 [OK] Application main module imported successfully (FastAPI v2.4.0).
2026-09-27 06:16:33 [OK] ALL BACKEND RUNTIME DEPENDENCIES & APPLICATION ENTRYPOINTS VERIFIED.
2026-09-27 06:17:00 [INFO] ===========================================================
2026-09-27 06:17:00 [INFO] EVOLUTIONARY TRADING RESEARCH LAB - V2.3 DEPENDENCY VERIFIER
2026-09-27 06:17:00 [INFO] ===========================================================
2026-09-27 06:17:00 [INFO] Python interpreter: /usr/local/bin/python3.13
2026-09-27 06:17:00 [INFO] Python version: 3.13.14 (linux)
2026-09-27 06:17:00 [OK] Python 3.13.14 is within the fully tested runtime range (3.10 - 3.13).
2026-09-27 06:17:00 [OK] psutil verified (7.2.2).
2026-09-27 06:17:00 [OK] fastapi verified (0.141.1).
2026-09-27 06:17:01 [OK] uvicorn verified (0.54.0).
2026-09-27 06:17:01 [OK] pydantic verified (2.13.4).
2026-09-27 06:17:01 [OK] yaml verified (6.0.3).
2026-09-27 06:17:01 [OK] httpx verified (0.28.1).
2026-09-27 06:17:01 [OK] websockets verified (17.1).
2026-09-27 06:17:01 [OK] numpy verified (2.3.5).
2026-09-27 06:17:01 [OK] pandas verified (2.2.3).
2026-09-27 06:17:01 [OK] pyarrow verified (25.0.1).
2026-09-27 06:17:01 [OK] duckdb verified (1.5.5).
2026-09-27 06:17:01 [INFO] Operating system is linux. MetaTrader 5 bridge runs in high-fidelity SIMULATOR mode.
2026-09-27 06:17:01 [OK] Database verified at DATABASE/lab_state.db (user_version=3, strategies=371). Historical data preserved.
2026-09-27 06:17:01 [OK] Application main module imported successfully (FastAPI v2.4.0).
2026-09-27 06:17:01 [OK] ALL BACKEND RUNTIME DEPENDENCIES & APPLICATION ENTRYPOINTS VERIFIED.
2026-09-27 06:17:35 [INFO] ===========================================================
2026-09-27 06:17:35 [INFO] EVOLUTIONARY TRADING RESEARCH LAB - V2.3 DEPENDENCY VERIFIER
2026-09-27 06:17:35 [INFO] ===========================================================
2026-09-27 06:17:35 [INFO] Python interpreter: /usr/local/bin/python3.13
2026-09-27 06:17:35 [INFO] Python version: 3.13.14 (linux)
2026-09-27 06:17:35 [OK] Python 3.13.14 is within the fully tested runtime range (3.10 - 3.13).
2026-09-27 06:17:35 [OK] psutil verified (7.2.2).
2026-09-27 06:17:35 [OK] fastapi verified (0.141.1).
2026-09-27 06:17:35 [OK] uvicorn verified (0.54.0).
2026-09-27 06:17:35 [OK] pydantic verified (2.13.4).
2026-09-27 06:17:35 [OK] yaml verified (6.0.3).
2026-09-27 06:17:35 [OK] httpx verified (0.28.1).
2026-09-27 06:17:35 [OK] websockets verified (17.1).
2026-09-27 06:17:35 [OK] numpy verified (2.3.5).
2026-09-27 06:17:36 [OK] pandas verified (2.2.3).
2026-09-27 06:17:36 [OK] pyarrow verified (25.0.1).
2026-09-27 06:17:36 [OK] duckdb verified (1.5.5).
2026-09-27 06:17:36 [INFO] Operating system is linux. MetaTrader 5 bridge runs in high-fidelity SIMULATOR mode.
2026-09-27 06:17:36 [OK] Database verified at DATABASE/lab_state.db (user_version=3, strategies=371). Historical data preserved.
2026-09-27 06:17:36 [OK] Application main module imported successfully (FastAPI v2.4.0).
2026-09-27 06:17:36 [OK] ALL BACKEND RUNTIME DEPENDENCIES & APPLICATION ENTRYPOINTS VERIFIED.
2026-09-27 06:17:55 [INFO] ===========================================================
2026-09-27 06:17:55 [INFO] EVOLUTIONARY TRADING RESEARCH LAB - V2.3 DEPENDENCY VERIFIER
2026-09-27 06:17:55 [INFO] ===========================================================
2026-09-27 06:17:55 [INFO] Python interpreter: /usr/local/bin/python3.13
2026-09-27 06:17:55 [INFO] Python version: 3.13.14 (linux)
2026-09-27 06:17:55 [OK] Python 3.13.14 is within the fully tested runtime range (3.10 - 3.13).
2026-09-27 06:17:55 [OK] psutil verified (7.2.2).
2026-09-27 06:17:55 [OK] fastapi verified (0.141.1).
2026-09-27 06:17:55 [OK] uvicorn verified (0.54.0).
2026-09-27 06:17:55 [OK] pydantic verified (2.13.4).
2026-09-27 06:17:55 [OK] yaml verified (6.0.3).
2026-09-27 06:17:55 [OK] httpx verified (0.28.1).
2026-09-27 06:17:55 [OK] websockets verified (17.1).
2026-09-27 06:17:55 [OK] numpy verified (2.3.5).
2026-09-27 06:17:56 [OK] pandas verified (2.2.3).
2026-09-27 06:17:56 [OK] pyarrow verified (25.0.1).
2026-09-27 06:17:56 [OK] duckdb verified (1.5.5).
2026-09-27 06:17:56 [INFO] Operating system is linux. MetaTrader 5 bridge runs in high-fidelity SIMULATOR mode.
2026-09-27 06:17:56 [OK] Database verified at DATABASE/lab_state.db (user_version=3, strategies=371). Historical data preserved.
2026-09-27 06:17:56 [OK] Application main module imported successfully (FastAPI v2.4.0).
2026-09-27 06:17:56 [OK] ALL BACKEND RUNTIME DEPENDENCIES & APPLICATION ENTRYPOINTS VERIFIED.
2026-09-27 06:18:29 [INFO] ===========================================================
2026-09-27 06:18:29 [INFO] EVOLUTIONARY TRADING RESEARCH LAB - V2.3 DEPENDENCY VERIFIER
2026-09-27 06:18:29 [INFO] ===========================================================
2026-09-27 06:18:29 [INFO] Python interpreter: /usr/local/bin/python3.13
2026-09-27 06:18:29 [INFO] Python version: 3.13.14 (linux)
2026-09-27 06:18:29 [OK] Python 3.13.14 is within the fully tested runtime range (3.10 - 3.13).
2026-09-27 06:18:29 [OK] psutil verified (7.2.2).
2026-09-27 06:18:29 [OK] fastapi verified (0.141.1).
2026-09-27 06:18:29 [OK] uvicorn verified (0.54.0).
2026-09-27 06:18:29 [OK] pydantic verified (2.13.4).
2026-09-27 06:18:29 [OK] yaml verified (6.0.3).
2026-09-27 06:18:29 [OK] httpx verified (0.28.1).
2026-09-27 06:18:29 [OK] websockets verified (17.1).
2026-09-27 06:18:29 [OK] numpy verified (2.3.5).
2026-09-27 06:18:29 [OK] pandas verified (2.2.3).
2026-09-27 06:18:29 [OK] pyarrow verified (25.0.1).
2026-09-27 06:18:29 [OK] duckdb verified (1.5.5).
2026-09-27 06:18:29 [INFO] Operating system is linux. MetaTrader 5 bridge runs in high-fidelity SIMULATOR mode.
2026-09-27 06:18:29 [OK] Database verified at DATABASE/lab_state.db (user_version=3, strategies=371). Historical data preserved.
2026-09-27 06:18:29 [OK] Application main module imported successfully (FastAPI v2.4.0).
2026-09-27 06:18:29 [OK] ALL BACKEND RUNTIME DEPENDENCIES & APPLICATION ENTRYPOINTS VERIFIED.
2026-09-27 08:20:37 [INFO] ===========================================================
2026-09-27 08:20:37 [INFO] EVOLUTIONARY TRADING RESEARCH LAB - V2.3 DEPENDENCY VERIFIER
2026-09-27 08:20:37 [INFO] ===========================================================
2026-09-27 08:20:37 [INFO] Python interpreter: /usr/local/bin/python3.13
2026-09-27 08:20:37 [INFO] Python version: 3.13.14 (linux)
2026-09-27 08:20:37 [OK] Python 3.13.14 is within the fully tested runtime range (3.10 - 3.13).
2026-09-27 08:20:37 [OK] psutil verified (7.2.2).
2026-09-27 08:20:37 [OK] fastapi verified (0.141.1).
2026-09-27 08:20:37 [OK] uvicorn verified (0.54.0).
2026-09-27 08:20:37 [OK] pydantic verified (2.13.4).
2026-09-27 08:20:37 [OK] yaml verified (6.0.3).
2026-09-27 08:20:37 [OK] httpx verified (0.28.1).
2026-09-27 08:20:37 [OK] websockets verified (17.1).
2026-09-27 08:20:37 [OK] numpy verified (2.3.5).
2026-09-27 08:20:38 [OK] pandas verified (2.2.3).
2026-09-27 08:20:38 [OK] pyarrow verified (25.0.1).
2026-09-27 08:20:38 [WARN] duckdb import failed: No module named 'duckdb'
2026-09-27 08:20:38 [ACTION] Attempting automatic self-repair: pip install duckdb>=0.10...
2026-09-27 08:20:38 [INFO] Executing: /usr/local/bin/python3.13 -m pip install duckdb>=0.10
2026-09-27 08:20:39 [OK] duckdb installed, repaired, and verified (1.5.5).
2026-09-27 08:20:39 [INFO] Operating system is linux. MetaTrader 5 bridge runs in high-fidelity SIMULATOR mode.
2026-09-27 08:20:39 [OK] Database verified at DATABASE/lab_state.db (user_version=3, strategies=0). Historical data preserved.
2026-09-27 08:20:39 [OK] Application main module imported successfully (FastAPI v2.4.0).
2026-09-27 08:20:39 [OK] ALL BACKEND RUNTIME DEPENDENCIES & APPLICATION ENTRYPOINTS VERIFIED.
2026-09-27 09:06:23 [INFO] ===========================================================
2026-09-27 09:06:23 [INFO] EVOLUTIONARY TRADING RESEARCH LAB - V2.3 DEPENDENCY VERIFIER
2026-09-27 09:06:23 [INFO] ===========================================================
2026-09-27 09:06:23 [INFO] Python interpreter: /usr/local/bin/python3.13
2026-09-27 09:06:23 [INFO] Python version: 3.13.14 (linux)
2026-09-27 09:06:23 [OK] Python 3.13.14 is within the fully tested runtime range (3.10 - 3.13).
2026-09-27 09:06:23 [OK] psutil verified (7.2.2).
2026-09-27 09:06:24 [OK] fastapi verified (0.141.1).
2026-09-27 09:06:24 [OK] uvicorn verified (0.54.0).
2026-09-27 09:06:24 [OK] pydantic verified (2.13.4).
2026-09-27 09:06:24 [OK] yaml verified (6.0.3).
2026-09-27 09:06:24 [OK] httpx verified (0.28.1).
2026-09-27 09:06:24 [OK] websockets verified (17.1).
2026-09-27 09:06:24 [OK] numpy verified (2.3.5).
2026-09-27 09:06:24 [OK] pandas verified (2.2.3).
2026-09-27 09:06:24 [OK] pyarrow verified (25.0.1).
2026-09-27 09:06:24 [OK] duckdb verified (1.5.5).
2026-09-27 09:06:24 [INFO] Operating system is linux. MetaTrader 5 bridge runs in high-fidelity SIMULATOR mode.
2026-09-27 09:06:24 [OK] Database verified at DATABASE/lab_state.db (user_version=3, strategies=371). Historical data preserved.
2026-09-27 09:06:24 [OK] Application main module imported successfully (FastAPI v2.4.0).
2026-09-27 09:06:24 [OK] ALL BACKEND RUNTIME DEPENDENCIES & APPLICATION ENTRYPOINTS VERIFIED.
2026-09-27 10:21:22 [INFO] ===========================================================
2026-09-27 10:21:22 [INFO] EVOLUTIONARY TRADING RESEARCH LAB - V2.3 DEPENDENCY VERIFIER
2026-09-27 10:21:22 [INFO] ===========================================================
2026-09-27 10:21:22 [INFO] Python interpreter: /usr/local/bin/python3.13
2026-09-27 10:21:22 [INFO] Python version: 3.13.14 (linux)
2026-09-27 10:21:22 [OK] Python 3.13.14 is within the fully tested runtime range (3.10 - 3.13).
2026-09-27 10:21:22 [OK] psutil verified (7.2.2).
2026-09-27 10:21:23 [OK] fastapi verified (0.141.1).
2026-09-27 10:21:23 [OK] uvicorn verified (0.54.0).
2026-09-27 10:21:23 [OK] pydantic verified (2.13.4).
2026-09-27 10:21:23 [OK] yaml verified (6.0.3).
2026-09-27 10:21:23 [OK] httpx verified (0.28.1).
2026-09-27 10:21:23 [OK] websockets verified (17.1).
2026-09-27 10:21:23 [OK] numpy verified (2.3.5).
2026-09-27 10:21:23 [OK] pandas verified (2.2.3).
2026-09-27 10:21:23 [OK] pyarrow verified (25.0.1).
2026-09-27 10:21:23 [OK] duckdb verified (1.5.5).
2026-09-27 10:21:23 [INFO] Operating system is linux. MetaTrader 5 bridge runs in high-fidelity SIMULATOR mode.
2026-09-27 10:21:23 [OK] Database verified at DATABASE/lab_state.db (user_version=3, strategies=371). Historical data preserved.
2026-09-27 10:21:23 [OK] Application main module imported successfully (FastAPI v2.71).
2026-09-27 10:21:23 [OK] ALL BACKEND RUNTIME DEPENDENCIES & APPLICATION ENTRYPOINTS VERIFIED.
2026-09-27 10:25:20 [INFO] ===========================================================
2026-09-27 10:25:20 [INFO] EVOLUTIONARY TRADING RESEARCH LAB - V2.3 DEPENDENCY VERIFIER
2026-09-27 10:25:20 [INFO] ===========================================================
2026-09-27 10:25:20 [INFO] Python interpreter: /usr/local/bin/python3.13
2026-09-27 10:25:20 [INFO] Python version: 3.13.14 (linux)
2026-09-27 10:25:20 [OK] Python 3.13.14 is within the fully tested runtime range (3.10 - 3.13).
2026-09-27 10:25:20 [OK] psutil verified (7.2.2).
2026-09-27 10:25:20 [OK] fastapi verified (0.141.1).
2026-09-27 10:25:20 [OK] uvicorn verified (0.54.0).
2026-09-27 10:25:20 [OK] pydantic verified (2.13.4).
2026-09-27 10:25:20 [OK] yaml verified (6.0.3).
2026-09-27 10:25:20 [OK] httpx verified (0.28.1).
2026-09-27 10:25:20 [OK] websockets verified (17.1).
2026-09-27 10:25:20 [OK] numpy verified (2.3.5).
2026-09-27 10:25:21 [OK] pandas verified (2.2.3).
2026-09-27 10:25:21 [OK] pyarrow verified (25.0.1).
2026-09-27 10:25:21 [OK] duckdb verified (1.5.5).
2026-09-27 10:25:21 [INFO] Operating system is linux. MetaTrader 5 bridge runs in high-fidelity SIMULATOR mode.
2026-09-27 10:25:21 [OK] Database verified at DATABASE/lab_state.db (user_version=3, strategies=371). Historical data preserved.
2026-09-27 10:25:21 [OK] Application main module imported successfully (FastAPI v2.71).
2026-09-27 10:25:21 [OK] ALL BACKEND RUNTIME DEPENDENCIES & APPLICATION ENTRYPOINTS VERIFIED.
2026-09-27 10:26:28 [INFO] ===========================================================
2026-09-27 10:26:28 [INFO] EVOLUTIONARY TRADING RESEARCH LAB - V2.3 DEPENDENCY VERIFIER
2026-09-27 10:26:28 [INFO] ===========================================================
2026-09-27 10:26:28 [INFO] Python interpreter: /usr/local/bin/python3.13
2026-09-27 10:26:28 [INFO] Python version: 3.13.14 (linux)
2026-09-27 10:26:28 [OK] Python 3.13.14 is within the fully tested runtime range (3.10 - 3.13).
2026-09-27 10:26:28 [OK] psutil verified (7.2.2).
2026-09-27 10:26:28 [OK] fastapi verified (0.141.1).
2026-09-27 10:26:29 [OK] uvicorn verified (0.54.0).
2026-09-27 10:26:29 [OK] pydantic verified (2.13.4).
2026-09-27 10:26:29 [OK] yaml verified (6.0.3).
2026-09-27 10:26:29 [OK] httpx verified (0.28.1).
2026-09-27 10:26:29 [OK] websockets verified (17.1).
2026-09-27 10:26:29 [OK] numpy verified (2.3.5).
2026-09-27 10:26:29 [OK] pandas verified (2.2.3).
2026-09-27 10:26:29 [OK] pyarrow verified (25.0.1).
2026-09-27 10:26:29 [OK] duckdb verified (1.5.5).
2026-09-27 10:26:29 [INFO] Operating system is linux. MetaTrader 5 bridge runs in high-fidelity SIMULATOR mode.
2026-09-27 10:26:29 [OK] Database verified at DATABASE/lab_state.db (user_version=3, strategies=371). Historical data preserved.
2026-09-27 10:26:29 [OK] Application main module imported successfully (FastAPI v2.71).
2026-09-27 10:26:29 [OK] ALL BACKEND RUNTIME DEPENDENCIES & APPLICATION ENTRYPOINTS VERIFIED.
2026-09-27 10:28:26 [INFO] ===========================================================
2026-09-27 10:28:26 [INFO] EVOLUTIONARY TRADING RESEARCH LAB - V2.3 DEPENDENCY VERIFIER
2026-09-27 10:28:26 [INFO] ===========================================================
2026-09-27 10:28:26 [INFO] Python interpreter: /usr/local/bin/python3.13
2026-09-27 10:28:26 [INFO] Python version: 3.13.14 (linux)
2026-09-27 10:28:26 [OK] Python 3.13.14 is within the fully tested runtime range (3.10 - 3.13).
2026-09-27 10:28:26 [OK] psutil verified (7.2.2).
2026-09-27 10:28:26 [OK] fastapi verified (0.141.1).
2026-09-27 10:28:26 [OK] uvicorn verified (0.54.0).
2026-09-27 10:28:26 [OK] pydantic verified (2.13.4).
2026-09-27 10:28:26 [OK] yaml verified (6.0.3).
2026-09-27 10:28:26 [OK] httpx verified (0.28.1).
2026-09-27 10:28:26 [OK] websockets verified (17.1).
2026-09-27 10:28:27 [OK] numpy verified (2.3.5).
2026-09-27 10:28:27 [OK] pandas verified (2.2.3).
2026-09-27 10:28:27 [OK] pyarrow verified (25.0.1).
2026-09-27 10:28:27 [OK] duckdb verified (1.5.5).
2026-09-27 10:28:27 [INFO] Operating system is linux. MetaTrader 5 bridge runs in high-fidelity SIMULATOR mode.
2026-09-27 10:28:27 [OK] Database verified at DATABASE/lab_state.db (user_version=3, strategies=371). Historical data preserved.
2026-09-27 10:28:27 [OK] Application main module imported successfully (FastAPI v2.71).
2026-09-27 10:28:27 [OK] ALL BACKEND RUNTIME DEPENDENCIES & APPLICATION ENTRYPOINTS VERIFIED.
2026-09-27 10:30:30 [INFO] ===========================================================
2026-09-27 10:30:30 [INFO] EVOLUTIONARY TRADING RESEARCH LAB - V2.3 DEPENDENCY VERIFIER
2026-09-27 10:30:30 [INFO] ===========================================================
2026-09-27 10:30:30 [INFO] Python interpreter: /usr/local/bin/python3.13
2026-09-27 10:30:30 [INFO] Python version: 3.13.14 (linux)
2026-09-27 10:30:30 [OK] Python 3.13.14 is within the fully tested runtime range (3.10 - 3.13).
2026-09-27 10:30:30 [OK] psutil verified (7.2.2).
2026-09-27 10:30:31 [OK] fastapi verified (0.141.1).
2026-09-27 10:30:31 [OK] uvicorn verified (0.54.0).
2026-09-27 10:30:31 [OK] pydantic verified (2.13.4).
2026-09-27 10:30:31 [OK] yaml verified (6.0.3).
2026-09-27 10:30:31 [OK] httpx verified (0.28.1).
2026-09-27 10:30:31 [OK] websockets verified (17.1).
2026-09-27 10:30:31 [OK] numpy verified (2.3.5).
2026-09-27 10:30:31 [OK] pandas verified (2.2.3).
2026-09-27 10:30:31 [OK] pyarrow verified (25.0.1).
2026-09-27 10:30:31 [OK] duckdb verified (1.5.5).
2026-09-27 10:30:31 [INFO] Operating system is linux. MetaTrader 5 bridge runs in high-fidelity SIMULATOR mode.
2026-09-27 10:30:31 [OK] Database verified at DATABASE/lab_state.db (user_version=3, strategies=371). Historical data preserved.
2026-09-27 10:30:31 [OK] Application main module imported successfully (FastAPI v2.71).
2026-09-27 10:30:31 [OK] ALL BACKEND RUNTIME DEPENDENCIES & APPLICATION ENTRYPOINTS VERIFIED.
2026-09-27 10:30:46 [INFO] ===========================================================
2026-09-27 10:30:46 [INFO] EVOLUTIONARY TRADING RESEARCH LAB - V2.3 DEPENDENCY VERIFIER
2026-09-27 10:30:46 [INFO] ===========================================================
2026-09-27 10:30:46 [INFO] Python interpreter: /usr/local/bin/python3.13
2026-09-27 10:30:46 [INFO] Python version: 3.13.14 (linux)
2026-09-27 10:30:46 [OK] Python 3.13.14 is within the fully tested runtime range (3.10 - 3.13).
2026-09-27 10:30:46 [OK] psutil verified (7.2.2).
2026-09-27 10:30:47 [OK] fastapi verified (0.141.1).
2026-09-27 10:30:47 [OK] uvicorn verified (0.54.0).
2026-09-27 10:30:47 [OK] pydantic verified (2.13.4).
2026-09-27 10:30:47 [OK] yaml verified (6.0.3).
2026-09-27 10:30:47 [OK] httpx verified (0.28.1).
2026-09-27 10:30:47 [OK] websockets verified (17.1).
2026-09-27 10:30:47 [OK] numpy verified (2.3.5).
2026-09-27 10:30:47 [OK] pandas verified (2.2.3).
2026-09-27 10:30:47 [OK] pyarrow verified (25.0.1).
2026-09-27 10:30:47 [OK] duckdb verified (1.5.5).
2026-09-27 10:30:47 [INFO] Operating system is linux. MetaTrader 5 bridge runs in high-fidelity SIMULATOR mode.
2026-09-27 10:30:47 [OK] Database verified at DATABASE/lab_state.db (user_version=3, strategies=371). Historical data preserved.
2026-09-27 10:30:47 [OK] Application main module imported successfully (FastAPI v2.71).
2026-09-27 10:30:47 [OK] ALL BACKEND RUNTIME DEPENDENCIES & APPLICATION ENTRYPOINTS VERIFIED.
2026-09-27 10:31:51 [INFO] ===========================================================
2026-09-27 10:31:51 [INFO] EVOLUTIONARY TRADING RESEARCH LAB - V2.3 DEPENDENCY VERIFIER
2026-09-27 10:31:51 [INFO] ===========================================================
2026-09-27 10:31:51 [INFO] Python interpreter: /usr/local/bin/python3.13
2026-09-27 10:31:51 [INFO] Python version: 3.13.14 (linux)
2026-09-27 10:31:51 [OK] Python 3.13.14 is within the fully tested runtime range (3.10 - 3.13).
2026-09-27 10:31:51 [OK] psutil verified (7.2.2).
2026-09-27 10:31:52 [OK] fastapi verified (0.141.1).
2026-09-27 10:31:52 [OK] uvicorn verified (0.54.0).
2026-09-27 10:31:52 [OK] pydantic verified (2.13.4).
2026-09-27 10:31:52 [OK] yaml verified (6.0.3).
2026-09-27 10:31:52 [OK] httpx verified (0.28.1).
2026-09-27 10:31:52 [OK] websockets verified (17.1).
2026-09-27 10:31:52 [OK] numpy verified (2.3.5).
2026-09-27 10:31:52 [OK] pandas verified (2.2.3).
2026-09-27 10:31:52 [OK] pyarrow verified (25.0.1).
2026-09-27 10:31:52 [OK] duckdb verified (1.5.5).
2026-09-27 10:31:52 [INFO] Operating system is linux. MetaTrader 5 bridge runs in high-fidelity SIMULATOR mode.
2026-09-27 10:31:52 [OK] Database verified at DATABASE/lab_state.db (user_version=3, strategies=371). Historical data preserved.
2026-09-27 10:31:52 [OK] Application main module imported successfully (FastAPI v2.71).
2026-09-27 10:31:52 [OK] ALL BACKEND RUNTIME DEPENDENCIES & APPLICATION ENTRYPOINTS VERIFIED.
2026-09-27 10:33:17 [INFO] ===========================================================
2026-09-27 10:33:17 [INFO] EVOLUTIONARY TRADING RESEARCH LAB - V2.3 DEPENDENCY VERIFIER
2026-09-27 10:33:17 [INFO] ===========================================================
2026-09-27 10:33:17 [INFO] Python interpreter: /usr/local/bin/python3.13
2026-09-27 10:33:17 [INFO] Python version: 3.13.14 (linux)
2026-09-27 10:33:17 [OK] Python 3.13.14 is within the fully tested runtime range (3.10 - 3.13).
2026-09-27 10:33:17 [OK] psutil verified (7.2.2).
2026-09-27 10:33:17 [OK] fastapi verified (0.141.1).
2026-09-27 10:33:17 [OK] uvicorn verified (0.54.0).
2026-09-27 10:33:17 [OK] pydantic verified (2.13.4).
2026-09-27 10:33:17 [OK] yaml verified (6.0.3).
2026-09-27 10:33:17 [OK] httpx verified (0.28.1).
2026-09-27 10:33:17 [OK] websockets verified (17.1).
2026-09-27 10:33:17 [OK] numpy verified (2.3.5).
2026-09-27 10:33:18 [OK] pandas verified (2.2.3).
2026-09-27 10:33:18 [OK] pyarrow verified (25.0.1).
2026-09-27 10:33:18 [OK] duckdb verified (1.5.5).
2026-09-27 10:33:18 [INFO] Operating system is linux. MetaTrader 5 bridge runs in high-fidelity SIMULATOR mode.
2026-09-27 10:33:18 [OK] Database verified at DATABASE/lab_state.db (user_version=3, strategies=371). Historical data preserved.
2026-09-27 10:33:18 [OK] Application main module imported successfully (FastAPI v2.71).
2026-09-27 10:33:18 [OK] ALL BACKEND RUNTIME DEPENDENCIES & APPLICATION ENTRYPOINTS VERIFIED.
2026-09-27 10:33:36 [INFO] ===========================================================
2026-09-27 10:33:36 [INFO] EVOLUTIONARY TRADING RESEARCH LAB - V2.3 DEPENDENCY VERIFIER
2026-09-27 10:33:36 [INFO] ===========================================================
2026-09-27 10:33:36 [INFO] Python interpreter: /usr/local/bin/python3.13
2026-09-27 10:33:36 [INFO] Python version: 3.13.14 (linux)
2026-09-27 10:33:36 [OK] Python 3.13.14 is within the fully tested runtime range (3.10 - 3.13).
2026-09-27 10:33:36 [OK] psutil verified (7.2.2).
2026-09-27 10:33:36 [OK] fastapi verified (0.141.1).
2026-09-27 10:33:36 [OK] uvicorn verified (0.54.0).
2026-09-27 10:33:36 [OK] pydantic verified (2.13.4).
2026-09-27 10:33:36 [OK] yaml verified (6.0.3).
2026-09-27 10:33:36 [OK] httpx verified (0.28.1).
2026-09-27 10:33:36 [OK] websockets verified (17.1).
2026-09-27 10:33:36 [OK] numpy verified (2.3.5).
2026-09-27 10:33:37 [OK] pandas verified (2.2.3).
2026-09-27 10:33:37 [OK] pyarrow verified (25.0.1).
2026-09-27 10:33:37 [OK] duckdb verified (1.5.5).
2026-09-27 10:33:37 [INFO] Operating system is linux. MetaTrader 5 bridge runs in high-fidelity SIMULATOR mode.
2026-09-27 10:33:37 [OK] Database verified at DATABASE/lab_state.db (user_version=3, strategies=371). Historical data preserved.
2026-09-27 10:33:37 [OK] Application main module imported successfully (FastAPI v2.71).
2026-09-27 10:33:37 [OK] ALL BACKEND RUNTIME DEPENDENCIES & APPLICATION ENTRYPOINTS VERIFIED.
2026-09-27 10:34:31 [INFO] ===========================================================
2026-09-27 10:34:31 [INFO] EVOLUTIONARY TRADING RESEARCH LAB - V2.3 DEPENDENCY VERIFIER
2026-09-27 10:34:31 [INFO] ===========================================================
2026-09-27 10:34:31 [INFO] Python interpreter: /usr/local/bin/python3.13
2026-09-27 10:34:31 [INFO] Python version: 3.13.14 (linux)
2026-09-27 10:34:31 [OK] Python 3.13.14 is within the fully tested runtime range (3.10 - 3.13).
2026-09-27 10:34:31 [OK] psutil verified (7.2.2).
2026-09-27 10:34:32 [OK] fastapi verified (0.141.1).
2026-09-27 10:34:32 [OK] uvicorn verified (0.54.0).
2026-09-27 10:34:32 [OK] pydantic verified (2.13.4).
2026-09-27 10:34:32 [OK] yaml verified (6.0.3).
2026-09-27 10:34:32 [OK] httpx verified (0.28.1).
2026-09-27 10:34:32 [OK] websockets verified (17.1).
2026-09-27 10:34:32 [OK] numpy verified (2.3.5).
2026-09-27 10:34:32 [OK] pandas verified (2.2.3).
2026-09-27 10:34:32 [OK] pyarrow verified (25.0.1).
2026-09-27 10:34:32 [OK] duckdb verified (1.5.5).
2026-09-27 10:34:32 [INFO] Operating system is linux. MetaTrader 5 bridge runs in high-fidelity SIMULATOR mode.
2026-09-27 10:34:32 [OK] Database verified at DATABASE/lab_state.db (user_version=3, strategies=371). Historical data preserved.
2026-09-27 10:34:32 [OK] Application main module imported successfully (FastAPI v2.71).
2026-09-27 10:34:32 [OK] ALL BACKEND RUNTIME DEPENDENCIES & APPLICATION ENTRYPOINTS VERIFIED.
2026-09-27 10:34:45 [INFO] ===========================================================
2026-09-27 10:34:45 [INFO] EVOLUTIONARY TRADING RESEARCH LAB - V2.3 DEPENDENCY VERIFIER
2026-09-27 10:34:45 [INFO] ===========================================================
2026-09-27 10:34:45 [INFO] Python interpreter: /usr/local/bin/python3.13
2026-09-27 10:34:45 [INFO] Python version: 3.13.14 (linux)
2026-09-27 10:34:45 [OK] Python 3.13.14 is within the fully tested runtime range (3.10 - 3.13).
2026-09-27 10:34:45 [OK] psutil verified (7.2.2).
2026-09-27 10:34:45 [OK] fastapi verified (0.141.1).
2026-09-27 10:34:45 [OK] uvicorn verified (0.54.0).
2026-09-27 10:34:45 [OK] pydantic verified (2.13.4).
2026-09-27 10:34:45 [OK] yaml verified (6.0.3).
2026-09-27 10:34:45 [OK] httpx verified (0.28.1).
2026-09-27 10:34:45 [OK] websockets verified (17.1).
2026-09-27 10:34:46 [OK] numpy verified (2.3.5).
2026-09-27 10:34:46 [OK] pandas verified (2.2.3).
2026-09-27 10:34:46 [OK] pyarrow verified (25.0.1).
2026-09-27 10:34:46 [OK] duckdb verified (1.5.5).
2026-09-27 10:34:46 [INFO] Operating system is linux. MetaTrader 5 bridge runs in high-fidelity SIMULATOR mode.
2026-09-27 10:34:46 [OK] Database verified at DATABASE/lab_state.db (user_version=3, strategies=371). Historical data preserved.
2026-09-27 10:34:46 [OK] Application main module imported successfully (FastAPI v2.71).
2026-09-27 10:34:46 [OK] ALL BACKEND RUNTIME DEPENDENCIES & APPLICATION ENTRYPOINTS VERIFIED.
2026-09-27 10:36:35 [INFO] ===========================================================
2026-09-27 10:36:35 [INFO] EVOLUTIONARY TRADING RESEARCH LAB - V2.3 DEPENDENCY VERIFIER
2026-09-27 10:36:35 [INFO] ===========================================================
2026-09-27 10:36:35 [INFO] Python interpreter: /usr/local/bin/python3.13
2026-09-27 10:36:35 [INFO] Python version: 3.13.14 (linux)
2026-09-27 10:36:35 [OK] Python 3.13.14 is within the fully tested runtime range (3.10 - 3.13).
2026-09-27 10:36:35 [OK] psutil verified (7.2.2).
2026-09-27 10:36:36 [OK] fastapi verified (0.141.1).
2026-09-27 10:36:36 [OK] uvicorn verified (0.54.0).
2026-09-27 10:36:36 [OK] pydantic verified (2.13.4).
2026-09-27 10:36:36 [OK] yaml verified (6.0.3).
2026-09-27 10:36:36 [OK] httpx verified (0.28.1).
2026-09-27 10:36:36 [OK] websockets verified (17.1).
2026-09-27 10:36:36 [OK] numpy verified (2.3.5).
2026-09-27 10:36:36 [OK] pandas verified (2.2.3).
2026-09-27 10:36:36 [OK] pyarrow verified (25.0.1).
2026-09-27 10:36:36 [OK] duckdb verified (1.5.5).
2026-09-27 10:36:36 [INFO] Operating system is linux. MetaTrader 5 bridge runs in high-fidelity SIMULATOR mode.
2026-09-27 10:36:36 [OK] Database verified at DATABASE/lab_state.db (user_version=3, strategies=371). Historical data preserved.
2026-09-27 10:36:37 [OK] Application main module imported successfully (FastAPI v2.71).
2026-09-27 10:36:37 [OK] ALL BACKEND RUNTIME DEPENDENCIES & APPLICATION ENTRYPOINTS VERIFIED.
2026-09-27 10:36:51 [INFO] ===========================================================
2026-09-27 10:36:51 [INFO] EVOLUTIONARY TRADING RESEARCH LAB - V2.3 DEPENDENCY VERIFIER
2026-09-27 10:36:51 [INFO] ===========================================================
2026-09-27 10:36:51 [INFO] Python interpreter: /usr/local/bin/python3.13
2026-09-27 10:36:51 [INFO] Python version: 3.13.14 (linux)
2026-09-27 10:36:51 [OK] Python 3.13.14 is within the fully tested runtime range (3.10 - 3.13).
2026-09-27 10:36:51 [OK] psutil verified (7.2.2).
2026-09-27 10:36:51 [OK] fastapi verified (0.141.1).
2026-09-27 10:36:51 [OK] uvicorn verified (0.54.0).
2026-09-27 10:36:51 [OK] pydantic verified (2.13.4).
2026-09-27 10:36:51 [OK] yaml verified (6.0.3).
2026-09-27 10:36:51 [OK] httpx verified (0.28.1).
2026-09-27 10:36:51 [OK] websockets verified (17.1).
2026-09-27 10:36:51 [OK] numpy verified (2.3.5).
2026-09-27 10:36:52 [OK] pandas verified (2.2.3).
2026-09-27 10:36:52 [OK] pyarrow verified (25.0.1).
2026-09-27 10:36:52 [OK] duckdb verified (1.5.5).
2026-09-27 10:36:52 [INFO] Operating system is linux. MetaTrader 5 bridge runs in high-fidelity SIMULATOR mode.
2026-09-27 10:36:52 [OK] Database verified at DATABASE/lab_state.db (user_version=3, strategies=371). Historical data preserved.
2026-09-27 10:36:52 [OK] Application main module imported successfully (FastAPI v2.71).
2026-09-27 10:36:52 [OK] ALL BACKEND RUNTIME DEPENDENCIES & APPLICATION ENTRYPOINTS VERIFIED.
2026-09-27 10:37:05 [INFO] ===========================================================
2026-09-27 10:37:05 [INFO] EVOLUTIONARY TRADING RESEARCH LAB - V2.3 DEPENDENCY VERIFIER
2026-09-27 10:37:05 [INFO] ===========================================================
2026-09-27 10:37:05 [INFO] Python interpreter: /usr/local/bin/python3.13
2026-09-27 10:37:05 [INFO] Python version: 3.13.14 (linux)
2026-09-27 10:37:05 [OK] Python 3.13.14 is within the fully tested runtime range (3.10 - 3.13).
2026-09-27 10:37:05 [OK] psutil verified (7.2.2).
2026-09-27 10:37:05 [OK] fastapi verified (0.141.1).
2026-09-27 10:37:05 [OK] uvicorn verified (0.54.0).
2026-09-27 10:37:05 [OK] pydantic verified (2.13.4).
2026-09-27 10:37:05 [OK] yaml verified (6.0.3).
2026-09-27 10:37:05 [OK] httpx verified (0.28.1).
2026-09-27 10:37:05 [OK] websockets verified (17.1).
2026-09-27 10:37:05 [OK] numpy verified (2.3.5).
2026-09-27 10:37:06 [OK] pandas verified (2.2.3).
2026-09-27 10:37:06 [OK] pyarrow verified (25.0.1).
2026-09-27 10:37:06 [OK] duckdb verified (1.5.5).
2026-09-27 10:37:06 [INFO] Operating system is linux. MetaTrader 5 bridge runs in high-fidelity SIMULATOR mode.
2026-09-27 10:37:06 [OK] Database verified at DATABASE/lab_state.db (user_version=3, strategies=371). Historical data preserved.
2026-09-27 10:37:06 [OK] Application main module imported successfully (FastAPI v2.71).
2026-09-27 10:37:06 [OK] ALL BACKEND RUNTIME DEPENDENCIES & APPLICATION ENTRYPOINTS VERIFIED.
2026-09-27 10:37:19 [INFO] ===========================================================
2026-09-27 10:37:19 [INFO] EVOLUTIONARY TRADING RESEARCH LAB - V2.3 DEPENDENCY VERIFIER
2026-09-27 10:37:19 [INFO] ===========================================================
2026-09-27 10:37:19 [INFO] Python interpreter: /usr/local/bin/python3.13
2026-09-27 10:37:19 [INFO] Python version: 3.13.14 (linux)
2026-09-27 10:37:19 [OK] Python 3.13.14 is within the fully tested runtime range (3.10 - 3.13).
2026-09-27 10:37:19 [OK] psutil verified (7.2.2).
2026-09-27 10:37:19 [OK] fastapi verified (0.141.1).
2026-09-27 10:37:19 [OK] uvicorn verified (0.54.0).
2026-09-27 10:37:19 [OK] pydantic verified (2.13.4).
2026-09-27 10:37:19 [OK] yaml verified (6.0.3).
2026-09-27 10:37:20 [OK] httpx verified (0.28.1).
2026-09-27 10:37:20 [OK] websockets verified (17.1).
2026-09-27 10:37:20 [OK] numpy verified (2.3.5).
2026-09-27 10:37:20 [OK] pandas verified (2.2.3).
2026-09-27 10:37:20 [OK] pyarrow verified (25.0.1).
2026-09-27 10:37:20 [OK] duckdb verified (1.5.5).
2026-09-27 10:37:20 [INFO] Operating system is linux. MetaTrader 5 bridge runs in high-fidelity SIMULATOR mode.
2026-09-27 10:37:20 [OK] Database verified at DATABASE/lab_state.db (user_version=3, strategies=371). Historical data preserved.
2026-09-27 10:37:20 [OK] Application main module imported successfully (FastAPI v2.71).
2026-09-27 10:37:20 [OK] ALL BACKEND RUNTIME DEPENDENCIES & APPLICATION ENTRYPOINTS VERIFIED.
2026-09-27 12:09:36 [INFO] ===========================================================
2026-09-27 12:09:36 [INFO] EVOLUTIONARY TRADING RESEARCH LAB - V2.3 DEPENDENCY VERIFIER
2026-09-27 12:09:36 [INFO] ===========================================================
2026-09-27 12:09:36 [INFO] Python interpreter: /usr/local/bin/python3.13
2026-09-27 12:09:36 [INFO] Python version: 3.13.14 (linux)
2026-09-27 12:09:36 [OK] Python 3.13.14 is within the fully tested runtime range (3.10 - 3.13).
2026-09-27 12:09:36 [OK] psutil verified (7.2.2).
2026-09-27 12:09:37 [OK] fastapi verified (0.141.1).
2026-09-27 12:09:37 [OK] uvicorn verified (0.54.0).
2026-09-27 12:09:37 [OK] pydantic verified (2.13.4).
2026-09-27 12:09:37 [OK] yaml verified (6.0.3).
2026-09-27 12:09:37 [OK] httpx verified (0.28.1).
2026-09-27 12:09:37 [WARN] websockets import failed: No module named 'websockets'
2026-09-27 12:09:37 [ACTION] Attempting automatic self-repair: pip install websockets>=12.0...
2026-09-27 12:09:37 [INFO] Executing: /usr/local/bin/python3.13 -m pip install websockets>=12.0
2026-09-27 12:09:38 [OK] websockets installed, repaired, and verified (17.1).
2026-09-27 12:09:38 [OK] numpy verified (2.3.5).
2026-09-27 12:09:38 [OK] pandas verified (2.2.3).
2026-09-27 12:09:38 [OK] pyarrow verified (25.0.1).
2026-09-27 12:09:38 [OK] duckdb verified (1.5.5).
2026-09-27 12:09:38 [INFO] Operating system is linux. MetaTrader 5 bridge runs in high-fidelity SIMULATOR mode.
2026-09-27 12:09:38 [OK] Database verified at DATABASE/lab_state.db (user_version=3, strategies=371). Historical data preserved.
2026-09-27 12:09:38 [OK] Application main module imported successfully (FastAPI v3.0).
2026-09-27 12:09:38 [OK] ALL BACKEND RUNTIME DEPENDENCIES & APPLICATION ENTRYPOINTS VERIFIED.
2026-09-27 13:17:48 [INFO] ===========================================================
2026-09-27 13:17:48 [INFO] EVOLUTIONARY TRADING RESEARCH LAB - V2.3 DEPENDENCY VERIFIER
2026-09-27 13:17:48 [INFO] ===========================================================
2026-09-27 13:17:48 [INFO] Python interpreter: /usr/local/bin/python3.13
2026-09-27 13:17:48 [INFO] Python version: 3.13.14 (linux)
2026-09-27 13:17:48 [OK] Python 3.13.14 is within the fully tested runtime range (3.10 - 3.13).
2026-09-27 13:17:48 [OK] psutil verified (7.2.2).
2026-09-27 13:17:49 [OK] fastapi verified (0.141.1).
2026-09-27 13:17:49 [OK] uvicorn verified (0.54.0).
2026-09-27 13:17:49 [OK] pydantic verified (2.13.4).
2026-09-27 13:17:49 [OK] yaml verified (6.0.3).
2026-09-27 13:17:49 [OK] httpx verified (0.28.1).
2026-09-27 13:17:49 [WARN] websockets import failed: No module named 'websockets'
2026-09-27 13:17:49 [ACTION] Attempting automatic self-repair: pip install websockets>=12.0...
2026-09-27 13:17:49 [INFO] Executing: /usr/local/bin/python3.13 -m pip install websockets>=12.0
2026-09-27 13:17:50 [OK] websockets installed, repaired, and verified (17.1).
2026-09-27 13:17:50 [OK] numpy verified (2.3.5).
2026-09-27 13:17:50 [OK] pandas verified (2.2.3).
2026-09-27 13:17:50 [OK] pyarrow verified (25.0.1).
2026-09-27 13:17:50 [WARN] duckdb import failed: No module named 'duckdb'
2026-09-27 13:17:50 [ACTION] Attempting automatic self-repair: pip install duckdb>=0.10...
2026-09-27 13:17:50 [INFO] Executing: /usr/local/bin/python3.13 -m pip install duckdb>=0.10
2026-09-27 13:17:52 [OK] duckdb installed, repaired, and verified (1.5.5).
2026-09-27 13:17:52 [INFO] Operating system is linux. MetaTrader 5 bridge runs in high-fidelity SIMULATOR mode.
2026-09-27 13:17:52 [OK] Database verified at DATABASE/lab_state.db (user_version=3, strategies=371). Historical data preserved.
2026-09-27 13:17:52 [OK] Application main module imported successfully (FastAPI v3.0).
2026-09-27 13:17:52 [OK] ALL BACKEND RUNTIME DEPENDENCIES & APPLICATION ENTRYPOINTS VERIFIED.
2026-09-27 13:28:26 [INFO] ===========================================================
2026-09-27 13:28:26 [INFO] EVOLUTIONARY TRADING RESEARCH LAB - V2.3 DEPENDENCY VERIFIER
2026-09-27 13:28:26 [INFO] ===========================================================
2026-09-27 13:28:26 [INFO] Python interpreter: /usr/local/bin/python3.13
2026-09-27 13:28:26 [INFO] Python version: 3.13.14 (linux)
2026-09-27 13:28:26 [OK] Python 3.13.14 is within the fully tested runtime range (3.10 - 3.13).
2026-09-27 13:28:26 [OK] psutil verified (7.2.2).
2026-09-27 13:28:26 [OK] fastapi verified (0.141.1).
2026-09-27 13:28:26 [OK] uvicorn verified (0.54.0).
2026-09-27 13:28:26 [OK] pydantic verified (2.13.4).
2026-09-27 13:28:26 [OK] yaml verified (6.0.3).
2026-09-27 13:28:26 [OK] httpx verified (0.28.1).
2026-09-27 13:28:26 [OK] websockets verified (17.1).
2026-09-27 13:28:26 [OK] numpy verified (2.3.5).
2026-09-27 13:28:27 [OK] pandas verified (2.2.3).
2026-09-27 13:28:27 [OK] pyarrow verified (25.0.1).
2026-09-27 13:28:27 [OK] duckdb verified (1.5.5).
2026-09-27 13:28:27 [INFO] Operating system is linux. MetaTrader 5 bridge runs in high-fidelity SIMULATOR mode.
2026-09-27 13:28:27 [OK] Database verified at DATABASE/lab_state.db (user_version=3, strategies=371). Historical data preserved.
2026-09-27 13:28:27 [OK] Application main module imported successfully (FastAPI v3.1).
2026-09-27 13:28:27 [OK] ALL BACKEND RUNTIME DEPENDENCIES & APPLICATION ENTRYPOINTS VERIFIED.
2026-09-27 13:29:10 [INFO] ===========================================================
2026-09-27 13:29:10 [INFO] EVOLUTIONARY TRADING RESEARCH LAB - V2.3 DEPENDENCY VERIFIER
2026-09-27 13:29:10 [INFO] ===========================================================
2026-09-27 13:29:10 [INFO] Python interpreter: /usr/local/bin/python3.13
2026-09-27 13:29:10 [INFO] Python version: 3.13.14 (linux)
2026-09-27 13:29:10 [OK] Python 3.13.14 is within the fully tested runtime range (3.10 - 3.13).
2026-09-27 13:29:10 [OK] psutil verified (7.2.2).
2026-09-27 13:29:10 [OK] fastapi verified (0.141.1).
2026-09-27 13:29:10 [OK] uvicorn verified (0.54.0).
2026-09-27 13:29:10 [OK] pydantic verified (2.13.4).
2026-09-27 13:29:10 [OK] yaml verified (6.0.3).
2026-09-27 13:29:10 [OK] httpx verified (0.28.1).
2026-09-27 13:29:10 [OK] websockets verified (17.1).
2026-09-27 13:29:10 [OK] numpy verified (2.3.5).
2026-09-27 13:29:10 [OK] pandas verified (2.2.3).
2026-09-27 13:29:10 [OK] pyarrow verified (25.0.1).
2026-09-27 13:29:10 [OK] duckdb verified (1.5.5).
2026-09-27 13:29:10 [INFO] Operating system is linux. MetaTrader 5 bridge runs in high-fidelity SIMULATOR mode.
2026-09-27 13:29:10 [OK] Database verified at DATABASE/lab_state.db (user_version=3, strategies=371). Historical data preserved.
2026-09-27 13:29:10 [OK] Application main module imported successfully (FastAPI v3.1).
2026-09-27 13:29:10 [OK] ALL BACKEND RUNTIME DEPENDENCIES & APPLICATION ENTRYPOINTS VERIFIED.
2026-09-27 13:30:28 [INFO] ===========================================================
2026-09-27 13:30:28 [INFO] EVOLUTIONARY TRADING RESEARCH LAB - V2.3 DEPENDENCY VERIFIER
2026-09-27 13:30:28 [INFO] ===========================================================
2026-09-27 13:30:28 [INFO] Python interpreter: /usr/local/bin/python3.13
2026-09-27 13:30:28 [INFO] Python version: 3.13.14 (linux)
2026-09-27 13:30:28 [OK] Python 3.13.14 is within the fully tested runtime range (3.10 - 3.13).
2026-09-27 13:30:28 [OK] psutil verified (7.2.2).
2026-09-27 13:30:28 [OK] fastapi verified (0.141.1).
2026-09-27 13:30:28 [OK] uvicorn verified (0.54.0).
2026-09-27 13:30:28 [OK] pydantic verified (2.13.4).
2026-09-27 13:30:28 [OK] yaml verified (6.0.3).
2026-09-27 13:30:28 [OK] httpx verified (0.28.1).
2026-09-27 13:30:28 [OK] websockets verified (17.1).
2026-09-27 13:30:28 [OK] numpy verified (2.3.5).
2026-09-27 13:30:29 [OK] pandas verified (2.2.3).
2026-09-27 13:30:29 [OK] pyarrow verified (25.0.1).
2026-09-27 13:30:29 [OK] duckdb verified (1.5.5).
2026-09-27 13:30:29 [INFO] Operating system is linux. MetaTrader 5 bridge runs in high-fidelity SIMULATOR mode.
2026-09-27 13:30:29 [OK] Database verified at DATABASE/lab_state.db (user_version=3, strategies=371). Historical data preserved.
2026-09-27 13:30:29 [OK] Application main module imported successfully (FastAPI v3.1).
2026-09-27 13:30:29 [OK] ALL BACKEND RUNTIME DEPENDENCIES & APPLICATION ENTRYPOINTS VERIFIED.
2026-09-27 13:33:44 [INFO] ===========================================================
2026-09-27 13:33:44 [INFO] EVOLUTIONARY TRADING RESEARCH LAB - V2.3 DEPENDENCY VERIFIER
2026-09-27 13:33:44 [INFO] ===========================================================
2026-09-27 13:33:44 [INFO] Python interpreter: /usr/local/bin/python3.13
2026-09-27 13:33:44 [INFO] Python version: 3.13.14 (linux)
2026-09-27 13:33:44 [OK] Python 3.13.14 is within the fully tested runtime range (3.10 - 3.13).
2026-09-27 13:33:44 [OK] psutil verified (7.2.2).
2026-09-27 13:33:44 [OK] fastapi verified (0.141.1).
2026-09-27 13:33:44 [OK] uvicorn verified (0.54.0).
2026-09-27 13:33:44 [OK] pydantic verified (2.13.4).
2026-09-27 13:33:44 [OK] yaml verified (6.0.3).
2026-09-27 13:33:44 [OK] httpx verified (0.28.1).
2026-09-27 13:33:44 [OK] websockets verified (17.1).
2026-09-27 13:33:44 [OK] numpy verified (2.3.5).
2026-09-27 13:33:45 [OK] pandas verified (2.2.3).
2026-09-27 13:33:45 [OK] pyarrow verified (25.0.1).
2026-09-27 13:33:45 [OK] duckdb verified (1.5.5).
2026-09-27 13:33:45 [INFO] Operating system is linux. MetaTrader 5 bridge runs in high-fidelity SIMULATOR mode.
2026-09-27 13:33:45 [OK] Database verified at DATABASE/lab_state.db (user_version=3, strategies=371). Historical data preserved.
2026-09-27 13:33:45 [OK] Application main module imported successfully (FastAPI v3.1).
2026-09-27 13:33:45 [OK] ALL BACKEND RUNTIME DEPENDENCIES & APPLICATION ENTRYPOINTS VERIFIED.
2026-09-27 13:34:33 [INFO] ===========================================================
2026-09-27 13:34:33 [INFO] EVOLUTIONARY TRADING RESEARCH LAB - V2.3 DEPENDENCY VERIFIER
2026-09-27 13:34:33 [INFO] ===========================================================
2026-09-27 13:34:33 [INFO] Python interpreter: /usr/local/bin/python3.13
2026-09-27 13:34:33 [INFO] Python version: 3.13.14 (linux)
2026-09-27 13:34:33 [OK] Python 3.13.14 is within the fully tested runtime range (3.10 - 3.13).
2026-09-27 13:34:33 [OK] psutil verified (7.2.2).
2026-09-27 13:34:33 [OK] fastapi verified (0.141.1).
2026-09-27 13:34:33 [OK] uvicorn verified (0.54.0).
2026-09-27 13:34:33 [OK] pydantic verified (2.13.4).
2026-09-27 13:34:33 [OK] yaml verified (6.0.3).
2026-09-27 13:34:34 [OK] httpx verified (0.28.1).
2026-09-27 13:34:34 [OK] websockets verified (17.1).
2026-09-27 13:34:34 [OK] numpy verified (2.3.5).
2026-09-27 13:34:34 [OK] pandas verified (2.2.3).
2026-09-27 13:34:34 [OK] pyarrow verified (25.0.1).
2026-09-27 13:34:34 [OK] duckdb verified (1.5.5).
2026-09-27 13:34:34 [INFO] Operating system is linux. MetaTrader 5 bridge runs in high-fidelity SIMULATOR mode.
2026-09-27 13:34:34 [OK] Database verified at DATABASE/lab_state.db (user_version=3, strategies=371). Historical data preserved.
2026-09-27 13:34:34 [OK] Application main module imported successfully (FastAPI v3.1).
2026-09-27 13:34:34 [OK] ALL BACKEND RUNTIME DEPENDENCIES & APPLICATION ENTRYPOINTS VERIFIED.
2026-09-27 13:36:25 [INFO] ===========================================================
2026-09-27 13:36:25 [INFO] EVOLUTIONARY TRADING RESEARCH LAB - V2.3 DEPENDENCY VERIFIER
2026-09-27 13:36:25 [INFO] ===========================================================
2026-09-27 13:36:25 [INFO] Python interpreter: /usr/local/bin/python3.13
2026-09-27 13:36:25 [INFO] Python version: 3.13.14 (linux)
2026-09-27 13:36:25 [OK] Python 3.13.14 is within the fully tested runtime range (3.10 - 3.13).
2026-09-27 13:36:25 [OK] psutil verified (7.2.2).
2026-09-27 13:36:26 [OK] fastapi verified (0.141.1).
2026-09-27 13:36:26 [OK] uvicorn verified (0.54.0).
2026-09-27 13:36:26 [OK] pydantic verified (2.13.4).
2026-09-27 13:36:26 [OK] yaml verified (6.0.3).
2026-09-27 13:36:26 [OK] httpx verified (0.28.1).
2026-09-27 13:36:26 [OK] websockets verified (17.1).
2026-09-27 13:36:26 [OK] numpy verified (2.3.5).
2026-09-27 13:36:26 [OK] pandas verified (2.2.3).
2026-09-27 13:36:26 [OK] pyarrow verified (25.0.1).
2026-09-27 13:36:26 [OK] duckdb verified (1.5.5).
2026-09-27 13:36:26 [INFO] Operating system is linux. MetaTrader 5 bridge runs in high-fidelity SIMULATOR mode.
2026-09-27 13:36:26 [OK] Database verified at DATABASE/lab_state.db (user_version=3, strategies=371). Historical data preserved.
2026-09-27 13:36:26 [OK] Application main module imported successfully (FastAPI v3.1).
2026-09-27 13:36:26 [OK] ALL BACKEND RUNTIME DEPENDENCIES & APPLICATION ENTRYPOINTS VERIFIED.
2026-09-27 13:37:10 [INFO] ===========================================================
2026-09-27 13:37:10 [INFO] EVOLUTIONARY TRADING RESEARCH LAB - V2.3 DEPENDENCY VERIFIER
2026-09-27 13:37:10 [INFO] ===========================================================
2026-09-27 13:37:10 [INFO] Python interpreter: /usr/local/bin/python3.13
2026-09-27 13:37:10 [INFO] Python version: 3.13.14 (linux)
2026-09-27 13:37:10 [OK] Python 3.13.14 is within the fully tested runtime range (3.10 - 3.13).
2026-09-27 13:37:10 [OK] psutil verified (7.2.2).
2026-09-27 13:37:11 [OK] fastapi verified (0.141.1).
2026-09-27 13:37:11 [OK] uvicorn verified (0.54.0).
2026-09-27 13:37:11 [OK] pydantic verified (2.13.4).
2026-09-27 13:37:11 [OK] yaml verified (6.0.3).
2026-09-27 13:37:11 [OK] httpx verified (0.28.1).
2026-09-27 13:37:11 [OK] websockets verified (17.1).
2026-09-27 13:37:11 [OK] numpy verified (2.3.5).
2026-09-27 13:37:11 [OK] pandas verified (2.2.3).
2026-09-27 13:37:11 [OK] pyarrow verified (25.0.1).
2026-09-27 13:37:11 [OK] duckdb verified (1.5.5).
2026-09-27 13:37:11 [INFO] Operating system is linux. MetaTrader 5 bridge runs in high-fidelity SIMULATOR mode.
2026-09-27 13:37:11 [OK] Database verified at DATABASE/lab_state.db (user_version=3, strategies=371). Historical data preserved.
2026-09-27 13:37:11 [OK] Application main module imported successfully (FastAPI v3.1).
2026-09-27 13:37:11 [OK] ALL BACKEND RUNTIME DEPENDENCIES & APPLICATION ENTRYPOINTS VERIFIED.
2026-09-27 13:37:41 [INFO] ===========================================================
2026-09-27 13:37:41 [INFO] EVOLUTIONARY TRADING RESEARCH LAB - V2.3 DEPENDENCY VERIFIER
2026-09-27 13:37:41 [INFO] ===========================================================
2026-09-27 13:37:41 [INFO] Python interpreter: /usr/local/bin/python3.13
2026-09-27 13:37:41 [INFO] Python version: 3.13.14 (linux)
2026-09-27 13:37:41 [OK] Python 3.13.14 is within the fully tested runtime range (3.10 - 3.13).
2026-09-27 13:37:41 [OK] psutil verified (7.2.2).
2026-09-27 13:37:41 [OK] fastapi verified (0.141.1).
2026-09-27 13:37:41 [OK] uvicorn verified (0.54.0).
2026-09-27 13:37:41 [OK] pydantic verified (2.13.4).
2026-09-27 13:37:41 [OK] yaml verified (6.0.3).
2026-09-27 13:37:41 [OK] httpx verified (0.28.1).
2026-09-27 13:37:41 [OK] websockets verified (17.1).
2026-09-27 13:37:42 [OK] numpy verified (2.3.5).
2026-09-27 13:37:42 [OK] pandas verified (2.2.3).
2026-09-27 13:37:42 [OK] pyarrow verified (25.0.1).
2026-09-27 13:37:42 [OK] duckdb verified (1.5.5).
2026-09-27 13:37:42 [INFO] Operating system is linux. MetaTrader 5 bridge runs in high-fidelity SIMULATOR mode.
2026-09-27 13:37:42 [OK] Database verified at DATABASE/lab_state.db (user_version=3, strategies=371). Historical data preserved.
2026-09-27 13:37:42 [OK] Application main module imported successfully (FastAPI v3.1).
2026-09-27 13:37:42 [OK] ALL BACKEND RUNTIME DEPENDENCIES & APPLICATION ENTRYPOINTS VERIFIED.
2026-09-27 13:37:56 [INFO] ===========================================================
2026-09-27 13:37:56 [INFO] EVOLUTIONARY TRADING RESEARCH LAB - V2.3 DEPENDENCY VERIFIER
2026-09-27 13:37:56 [INFO] ===========================================================
2026-09-27 13:37:56 [INFO] Python interpreter: /usr/local/bin/python3.13
2026-09-27 13:37:56 [INFO] Python version: 3.13.14 (linux)
2026-09-27 13:37:56 [OK] Python 3.13.14 is within the fully tested runtime range (3.10 - 3.13).
2026-09-27 13:37:56 [OK] psutil verified (7.2.2).
2026-09-27 13:37:57 [OK] fastapi verified (0.141.1).
2026-09-27 13:37:57 [OK] uvicorn verified (0.54.0).
2026-09-27 13:37:57 [OK] pydantic verified (2.13.4).
2026-09-27 13:37:57 [OK] yaml verified (6.0.3).
2026-09-27 13:37:57 [OK] httpx verified (0.28.1).
2026-09-27 13:37:57 [OK] websockets verified (17.1).
2026-09-27 13:37:57 [OK] numpy verified (2.3.5).
2026-09-27 13:37:57 [OK] pandas verified (2.2.3).
2026-09-27 13:37:57 [OK] pyarrow verified (25.0.1).
2026-09-27 13:37:57 [OK] duckdb verified (1.5.5).
2026-09-27 13:37:57 [INFO] Operating system is linux. MetaTrader 5 bridge runs in high-fidelity SIMULATOR mode.
2026-09-27 13:37:57 [OK] Database verified at DATABASE/lab_state.db (user_version=3, strategies=371). Historical data preserved.
2026-09-27 13:37:57 [OK] Application main module imported successfully (FastAPI v3.1).
2026-09-27 13:37:57 [OK] ALL BACKEND RUNTIME DEPENDENCIES & APPLICATION ENTRYPOINTS VERIFIED.
2026-09-27 13:38:24 [INFO] ===========================================================
2026-09-27 13:38:24 [INFO] EVOLUTIONARY TRADING RESEARCH LAB - V2.3 DEPENDENCY VERIFIER
2026-09-27 13:38:24 [INFO] ===========================================================
2026-09-27 13:38:24 [INFO] Python interpreter: /usr/local/bin/python3.13
2026-09-27 13:38:24 [INFO] Python version: 3.13.14 (linux)
2026-09-27 13:38:24 [OK] Python 3.13.14 is within the fully tested runtime range (3.10 - 3.13).
2026-09-27 13:38:25 [OK] psutil verified (7.2.2).
2026-09-27 13:38:25 [OK] fastapi verified (0.141.1).
2026-09-27 13:38:25 [OK] uvicorn verified (0.54.0).
2026-09-27 13:38:25 [OK] pydantic verified (2.13.4).
2026-09-27 13:38:25 [OK] yaml verified (6.0.3).
2026-09-27 13:38:25 [OK] httpx verified (0.28.1).
2026-09-27 13:38:25 [OK] websockets verified (17.1).
2026-09-27 13:38:25 [OK] numpy verified (2.3.5).
2026-09-27 13:38:25 [OK] pandas verified (2.2.3).
2026-09-27 13:38:25 [OK] pyarrow verified (25.0.1).
2026-09-27 13:38:25 [OK] duckdb verified (1.5.5).
2026-09-27 13:38:25 [INFO] Operating system is linux. MetaTrader 5 bridge runs in high-fidelity SIMULATOR mode.
2026-09-27 13:38:25 [OK] Database verified at DATABASE/lab_state.db (user_version=3, strategies=371). Historical data preserved.
2026-09-27 13:38:25 [OK] Application main module imported successfully (FastAPI v3.1).
2026-09-27 13:38:25 [OK] ALL BACKEND RUNTIME DEPENDENCIES & APPLICATION ENTRYPOINTS VERIFIED.
2026-09-27 13:38:34 [INFO] ===========================================================
2026-09-27 13:38:34 [INFO] EVOLUTIONARY TRADING RESEARCH LAB - V2.3 DEPENDENCY VERIFIER
2026-09-27 13:38:34 [INFO] ===========================================================
2026-09-27 13:38:34 [INFO] Python interpreter: /usr/local/bin/python3.13
2026-09-27 13:38:34 [INFO] Python version: 3.13.14 (linux)
2026-09-27 13:38:34 [OK] Python 3.13.14 is within the fully tested runtime range (3.10 - 3.13).
2026-09-27 13:38:34 [OK] psutil verified (7.2.2).
2026-09-27 13:38:35 [OK] fastapi verified (0.141.1).
2026-09-27 13:38:35 [OK] uvicorn verified (0.54.0).
2026-09-27 13:38:35 [OK] pydantic verified (2.13.4).
2026-09-27 13:38:35 [OK] yaml verified (6.0.3).
2026-09-27 13:38:35 [OK] httpx verified (0.28.1).
2026-09-27 13:38:35 [OK] websockets verified (17.1).
2026-09-27 13:38:35 [OK] numpy verified (2.3.5).
2026-09-27 13:38:35 [OK] pandas verified (2.2.3).
2026-09-27 13:38:35 [OK] pyarrow verified (25.0.1).
2026-09-27 13:38:35 [OK] duckdb verified (1.5.5).
2026-09-27 13:38:35 [INFO] Operating system is linux. MetaTrader 5 bridge runs in high-fidelity SIMULATOR mode.
2026-09-27 13:38:35 [OK] Database verified at DATABASE/lab_state.db (user_version=3, strategies=371). Historical data preserved.
2026-09-27 13:38:35 [OK] Application main module imported successfully (FastAPI v3.1).
2026-09-27 13:38:35 [OK] ALL BACKEND RUNTIME DEPENDENCIES & APPLICATION ENTRYPOINTS VERIFIED.
2026-09-27 13:38:45 [INFO] ===========================================================
2026-09-27 13:38:45 [INFO] EVOLUTIONARY TRADING RESEARCH LAB - V2.3 DEPENDENCY VERIFIER
2026-09-27 13:38:45 [INFO] ===========================================================
2026-09-27 13:38:45 [INFO] Python interpreter: /usr/local/bin/python3.13
2026-09-27 13:38:45 [INFO] Python version: 3.13.14 (linux)
2026-09-27 13:38:45 [OK] Python 3.13.14 is within the fully tested runtime range (3.10 - 3.13).
2026-09-27 13:38:45 [OK] psutil verified (7.2.2).
2026-09-27 13:38:46 [OK] fastapi verified (0.141.1).
2026-09-27 13:38:46 [OK] uvicorn verified (0.54.0).
2026-09-27 13:38:46 [OK] pydantic verified (2.13.4).
2026-09-27 13:38:46 [OK] yaml verified (6.0.3).
2026-09-27 13:38:46 [OK] httpx verified (0.28.1).
2026-09-27 13:38:46 [OK] websockets verified (17.1).
2026-09-27 13:38:46 [OK] numpy verified (2.3.5).
2026-09-27 13:38:46 [OK] pandas verified (2.2.3).
2026-09-27 13:38:46 [OK] pyarrow verified (25.0.1).
2026-09-27 13:38:46 [OK] duckdb verified (1.5.5).
2026-09-27 13:38:46 [INFO] Operating system is linux. MetaTrader 5 bridge runs in high-fidelity SIMULATOR mode.
2026-09-27 13:38:46 [OK] Database verified at DATABASE/lab_state.db (user_version=3, strategies=371). Historical data preserved.
2026-09-27 13:38:46 [OK] Application main module imported successfully (FastAPI v3.1).
2026-09-27 13:38:46 [OK] ALL BACKEND RUNTIME DEPENDENCIES & APPLICATION ENTRYPOINTS VERIFIED.
2026-09-27 13:38:56 [INFO] ===========================================================
2026-09-27 13:38:56 [INFO] EVOLUTIONARY TRADING RESEARCH LAB - V2.3 DEPENDENCY VERIFIER
2026-09-27 13:38:56 [INFO] ===========================================================
2026-09-27 13:38:56 [INFO] Python interpreter: /usr/local/bin/python3.13
2026-09-27 13:38:56 [INFO] Python version: 3.13.14 (linux)
2026-09-27 13:38:56 [OK] Python 3.13.14 is within the fully tested runtime range (3.10 - 3.13).
2026-09-27 13:38:56 [OK] psutil verified (7.2.2).
2026-09-27 13:38:57 [OK] fastapi verified (0.141.1).
2026-09-27 13:38:57 [OK] uvicorn verified (0.54.0).
2026-09-27 13:38:57 [OK] pydantic verified (2.13.4).
2026-09-27 13:38:57 [OK] yaml verified (6.0.3).
2026-09-27 13:38:57 [OK] httpx verified (0.28.1).
2026-09-27 13:38:57 [OK] websockets verified (17.1).
2026-09-27 13:38:57 [OK] numpy verified (2.3.5).
2026-09-27 13:38:57 [OK] pandas verified (2.2.3).
2026-09-27 13:38:57 [OK] pyarrow verified (25.0.1).
2026-09-27 13:38:57 [OK] duckdb verified (1.5.5).
2026-09-27 13:38:57 [INFO] Operating system is linux. MetaTrader 5 bridge runs in high-fidelity SIMULATOR mode.
2026-09-27 13:38:57 [OK] Database verified at DATABASE/lab_state.db (user_version=3, strategies=371). Historical data preserved.
2026-09-27 13:38:57 [OK] Application main module imported successfully (FastAPI v3.1).
2026-09-27 13:38:57 [OK] ALL BACKEND RUNTIME DEPENDENCIES & APPLICATION ENTRYPOINTS VERIFIED.
2026-09-27 13:39:09 [INFO] ===========================================================
2026-09-27 13:39:09 [INFO] EVOLUTIONARY TRADING RESEARCH LAB - V2.3 DEPENDENCY VERIFIER
2026-09-27 13:39:09 [INFO] ===========================================================
2026-09-27 13:39:09 [INFO] Python interpreter: /usr/local/bin/python3.13
2026-09-27 13:39:09 [INFO] Python version: 3.13.14 (linux)
2026-09-27 13:39:09 [OK] Python 3.13.14 is within the fully tested runtime range (3.10 - 3.13).
2026-09-27 13:39:09 [OK] psutil verified (7.2.2).
2026-09-27 13:39:09 [OK] fastapi verified (0.141.1).
2026-09-27 13:39:09 [OK] uvicorn verified (0.54.0).
2026-09-27 13:39:09 [OK] pydantic verified (2.13.4).
2026-09-27 13:39:09 [OK] yaml verified (6.0.3).
2026-09-27 13:39:09 [OK] httpx verified (0.28.1).
2026-09-27 13:39:09 [OK] websockets verified (17.1).
2026-09-27 13:39:09 [OK] numpy verified (2.3.5).
2026-09-27 13:39:10 [OK] pandas verified (2.2.3).
2026-09-27 13:39:10 [OK] pyarrow verified (25.0.1).
2026-09-27 13:39:10 [OK] duckdb verified (1.5.5).
2026-09-27 13:39:10 [INFO] Operating system is linux. MetaTrader 5 bridge runs in high-fidelity SIMULATOR mode.
2026-09-27 13:39:10 [OK] Database verified at DATABASE/lab_state.db (user_version=3, strategies=371). Historical data preserved.
2026-09-27 13:39:10 [OK] Application main module imported successfully (FastAPI v3.1).
2026-09-27 13:39:10 [OK] ALL BACKEND RUNTIME DEPENDENCIES & APPLICATION ENTRYPOINTS VERIFIED.
2026-09-27 13:39:21 [INFO] ===========================================================
2026-09-27 13:39:21 [INFO] EVOLUTIONARY TRADING RESEARCH LAB - V2.3 DEPENDENCY VERIFIER
2026-09-27 13:39:21 [INFO] ===========================================================
2026-09-27 13:39:21 [INFO] Python interpreter: /usr/local/bin/python3.13
2026-09-27 13:39:21 [INFO] Python version: 3.13.14 (linux)
2026-09-27 13:39:21 [OK] Python 3.13.14 is within the fully tested runtime range (3.10 - 3.13).
2026-09-27 13:39:21 [OK] psutil verified (7.2.2).
2026-09-27 13:39:22 [OK] fastapi verified (0.141.1).
2026-09-27 13:39:22 [OK] uvicorn verified (0.54.0).
2026-09-27 13:39:22 [OK] pydantic verified (2.13.4).
2026-09-27 13:39:22 [OK] yaml verified (6.0.3).
2026-09-27 13:39:22 [OK] httpx verified (0.28.1).
2026-09-27 13:39:22 [OK] websockets verified (17.1).
2026-09-27 13:39:22 [OK] numpy verified (2.3.5).
2026-09-27 13:39:22 [OK] pandas verified (2.2.3).
2026-09-27 13:39:22 [OK] pyarrow verified (25.0.1).
2026-09-27 13:39:22 [OK] duckdb verified (1.5.5).
2026-09-27 13:39:22 [INFO] Operating system is linux. MetaTrader 5 bridge runs in high-fidelity SIMULATOR mode.
2026-09-27 13:39:22 [OK] Database verified at DATABASE/lab_state.db (user_version=3, strategies=371). Historical data preserved.
2026-09-27 13:39:22 [OK] Application main module imported successfully (FastAPI v3.1).
2026-09-27 13:39:22 [OK] ALL BACKEND RUNTIME DEPENDENCIES & APPLICATION ENTRYPOINTS VERIFIED.
2026-09-27 13:39:56 [INFO] ===========================================================
2026-09-27 13:39:56 [INFO] EVOLUTIONARY TRADING RESEARCH LAB - V2.3 DEPENDENCY VERIFIER
2026-09-27 13:39:56 [INFO] ===========================================================
2026-09-27 13:39:56 [INFO] Python interpreter: /usr/local/bin/python3.13
2026-09-27 13:39:56 [INFO] Python version: 3.13.14 (linux)
2026-09-27 13:39:56 [OK] Python 3.13.14 is within the fully tested runtime range (3.10 - 3.13).
2026-09-27 13:39:57 [OK] psutil verified (7.2.2).
2026-09-27 13:39:57 [OK] fastapi verified (0.141.1).
2026-09-27 13:39:57 [OK] uvicorn verified (0.54.0).
2026-09-27 13:39:57 [OK] pydantic verified (2.13.4).
2026-09-27 13:39:57 [OK] yaml verified (6.0.3).
2026-09-27 13:39:57 [OK] httpx verified (0.28.1).
2026-09-27 13:39:57 [OK] websockets verified (17.1).
2026-09-27 13:39:57 [OK] numpy verified (2.3.5).
2026-09-27 13:39:57 [OK] pandas verified (2.2.3).
2026-09-27 13:39:57 [OK] pyarrow verified (25.0.1).
2026-09-27 13:39:57 [OK] duckdb verified (1.5.5).
2026-09-27 13:39:57 [INFO] Operating system is linux. MetaTrader 5 bridge runs in high-fidelity SIMULATOR mode.
2026-09-27 13:39:57 [OK] Database verified at DATABASE/lab_state.db (user_version=3, strategies=371). Historical data preserved.
2026-09-27 13:39:58 [OK] Application main module imported successfully (FastAPI v3.1).
2026-09-27 13:39:58 [OK] ALL BACKEND RUNTIME DEPENDENCIES & APPLICATION ENTRYPOINTS VERIFIED.
2026-09-27 13:40:28 [INFO] ===========================================================
2026-09-27 13:40:28 [INFO] EVOLUTIONARY TRADING RESEARCH LAB - V2.3 DEPENDENCY VERIFIER
2026-09-27 13:40:28 [INFO] ===========================================================
2026-09-27 13:40:28 [INFO] Python interpreter: /usr/local/bin/python3.13
2026-09-27 13:40:28 [INFO] Python version: 3.13.14 (linux)
2026-09-27 13:40:28 [OK] Python 3.13.14 is within the fully tested runtime range (3.10 - 3.13).
2026-09-27 13:40:28 [OK] psutil verified (7.2.2).
2026-09-27 13:40:28 [OK] fastapi verified (0.141.1).
2026-09-27 13:40:28 [OK] uvicorn verified (0.54.0).
2026-09-27 13:40:28 [OK] pydantic verified (2.13.4).
2026-09-27 13:40:28 [OK] yaml verified (6.0.3).
2026-09-27 13:40:28 [OK] httpx verified (0.28.1).
2026-09-27 13:40:28 [OK] websockets verified (17.1).
2026-09-27 13:40:28 [OK] numpy verified (2.3.5).
2026-09-27 13:40:28 [OK] pandas verified (2.2.3).
2026-09-27 13:40:28 [OK] pyarrow verified (25.0.1).
2026-09-27 13:40:28 [OK] duckdb verified (1.5.5).
2026-09-27 13:40:28 [INFO] Operating system is linux. MetaTrader 5 bridge runs in high-fidelity SIMULATOR mode.
2026-09-27 13:40:28 [OK] Database verified at DATABASE/lab_state.db (user_version=3, strategies=371). Historical data preserved.
2026-09-27 13:40:29 [OK] Application main module imported successfully (FastAPI v3.1).
2026-09-27 13:40:29 [OK] ALL BACKEND RUNTIME DEPENDENCIES & APPLICATION ENTRYPOINTS VERIFIED.
2026-10-04 07:42:22 [INFO] ===========================================================
2026-10-04 07:42:22 [INFO] EVOLUTIONARY TRADING RESEARCH LAB - V2.3 DEPENDENCY VERIFIER
2026-10-04 07:42:22 [INFO] ===========================================================
2026-10-04 07:42:22 [INFO] Python interpreter: /usr/local/bin/python3.13
2026-10-04 07:42:22 [INFO] Python version: 3.13.14 (linux)
2026-10-04 07:42:22 [OK] Python 3.13.14 is within the fully tested runtime range (3.10 - 3.13).
2026-10-04 07:42:22 [OK] psutil verified (7.2.2).
2026-10-04 07:42:23 [OK] fastapi verified (0.142.2).
2026-10-04 07:42:23 [OK] uvicorn verified (0.54.0).
2026-10-04 07:42:23 [OK] pydantic verified (2.13.4).
2026-10-04 07:42:23 [OK] yaml verified (6.0.3).
2026-10-04 07:42:23 [OK] httpx verified (0.28.1).
2026-10-04 07:42:23 [WARN] websockets import failed: No module named 'websockets'
2026-10-04 07:42:23 [ACTION] Attempting automatic self-repair: pip install websockets>=12.0...
2026-10-04 07:42:23 [INFO] Executing: /usr/local/bin/python3.13 -m pip install websockets>=12.0
2026-10-04 07:42:24 [OK] websockets installed, repaired, and verified (17.2).
2026-10-04 07:42:24 [OK] numpy verified (2.3.5).
2026-10-04 07:42:24 [OK] pandas verified (2.2.3).
2026-10-04 07:42:24 [OK] pyarrow verified (25.0.1).
2026-10-04 07:42:24 [WARN] duckdb import failed: No module named 'duckdb'
2026-10-04 07:42:24 [ACTION] Attempting automatic self-repair: pip install duckdb>=0.10...
2026-10-04 07:42:24 [INFO] Executing: /usr/local/bin/python3.13 -m pip install duckdb>=0.10
2026-10-04 07:42:25 [OK] duckdb installed, repaired, and verified (1.5.6).
2026-10-04 07:42:25 [INFO] Operating system is linux. MetaTrader 5 bridge runs in high-fidelity SIMULATOR mode.
2026-10-04 07:42:25 [OK] Database verified at DATABASE/lab_state.db (user_version=3, strategies=371). Historical data preserved.
2026-10-04 07:42:25 [OK] Application main module imported successfully (FastAPI v3.1).
2026-10-04 07:42:25 [OK] ALL BACKEND RUNTIME DEPENDENCIES & APPLICATION ENTRYPOINTS VERIFIED.
2026-10-04 07:43:05 [INFO] ===========================================================
2026-10-04 07:43:05 [INFO] EVOLUTIONARY TRADING RESEARCH LAB - V2.3 DEPENDENCY VERIFIER
2026-10-04 07:43:05 [INFO] ===========================================================
2026-10-04 07:43:05 [INFO] Python interpreter: /usr/local/bin/python3.13
2026-10-04 07:43:05 [INFO] Python version: 3.13.14 (linux)
2026-10-04 07:43:05 [OK] Python 3.13.14 is within the fully tested runtime range (3.10 - 3.13).
2026-10-04 07:43:05 [OK] psutil verified (7.2.2).
2026-10-04 07:43:05 [OK] fastapi verified (0.142.2).
2026-10-04 07:43:05 [OK] uvicorn verified (0.54.0).
2026-10-04 07:43:05 [OK] pydantic verified (2.13.4).
2026-10-04 07:43:05 [OK] yaml verified (6.0.3).
2026-10-04 07:43:05 [OK] httpx verified (0.28.1).
2026-10-04 07:43:05 [OK] websockets verified (17.2).
2026-10-04 07:43:06 [OK] numpy verified (2.3.5).
2026-10-04 07:43:06 [OK] pandas verified (2.2.3).
2026-10-04 07:43:06 [OK] pyarrow verified (25.0.1).
2026-10-04 07:43:06 [OK] duckdb verified (1.5.6).
2026-10-04 07:43:06 [INFO] Operating system is linux. MetaTrader 5 bridge runs in high-fidelity SIMULATOR mode.
2026-10-04 07:43:06 [OK] Database verified at DATABASE/lab_state.db (user_version=3, strategies=371). Historical data preserved.
2026-10-04 07:43:06 [OK] Application main module imported successfully (FastAPI v3.1).
2026-10-04 07:43:06 [OK] ALL BACKEND RUNTIME DEPENDENCIES & APPLICATION ENTRYPOINTS VERIFIED.
2026-10-04 07:44:59 [INFO] ===========================================================
2026-10-04 07:44:59 [INFO] EVOLUTIONARY TRADING RESEARCH LAB - V2.3 DEPENDENCY VERIFIER
2026-10-04 07:44:59 [INFO] ===========================================================
2026-10-04 07:44:59 [INFO] Python interpreter: /usr/local/bin/python3.13
2026-10-04 07:44:59 [INFO] Python version: 3.13.14 (linux)
2026-10-04 07:44:59 [OK] Python 3.13.14 is within the fully tested runtime range (3.10 - 3.13).
2026-10-04 07:44:59 [OK] psutil verified (7.2.2).
2026-10-04 07:44:59 [OK] fastapi verified (0.142.2).
2026-10-04 07:44:59 [OK] uvicorn verified (0.54.0).
2026-10-04 07:44:59 [OK] pydantic verified (2.13.4).
2026-10-04 07:44:59 [OK] yaml verified (6.0.3).
2026-10-04 07:44:59 [OK] httpx verified (0.28.1).
2026-10-04 07:44:59 [OK] websockets verified (17.2).
2026-10-04 07:44:59 [OK] numpy verified (2.3.5).
2026-10-04 07:45:00 [OK] pandas verified (2.2.3).
2026-10-04 07:45:00 [OK] pyarrow verified (25.0.1).
2026-10-04 07:45:00 [OK] duckdb verified (1.5.6).
2026-10-04 07:45:00 [INFO] Operating system is linux. MetaTrader 5 bridge runs in high-fidelity SIMULATOR mode.
2026-10-04 07:45:00 [OK] Database verified at DATABASE/lab_state.db (user_version=3, strategies=371). Historical data preserved.
2026-10-04 07:45:00 [OK] Application main module imported successfully (FastAPI v3.1).
2026-10-04 07:45:00 [OK] ALL BACKEND RUNTIME DEPENDENCIES & APPLICATION ENTRYPOINTS VERIFIED.
2026-10-04 07:50:23 [INFO] ===========================================================
2026-10-04 07:50:23 [INFO] EVOLUTIONARY TRADING RESEARCH LAB - V2.3 DEPENDENCY VERIFIER
2026-10-04 07:50:23 [INFO] ===========================================================
2026-10-04 07:50:23 [INFO] Python interpreter: /usr/local/bin/python3.13
2026-10-04 07:50:23 [INFO] Python version: 3.13.14 (linux)
2026-10-04 07:50:23 [OK] Python 3.13.14 is within the fully tested runtime range (3.10 - 3.13).
2026-10-04 07:50:23 [OK] psutil verified (7.2.2).
2026-10-04 07:50:23 [OK] fastapi verified (0.142.2).
2026-10-04 07:50:24 [OK] uvicorn verified (0.54.0).
2026-10-04 07:50:24 [OK] pydantic verified (2.13.4).
2026-10-04 07:50:24 [OK] yaml verified (6.0.3).
2026-10-04 07:50:24 [OK] httpx verified (0.28.1).
2026-10-04 07:50:24 [OK] websockets verified (17.2).
2026-10-04 07:50:24 [OK] numpy verified (2.3.5).
2026-10-04 07:50:24 [OK] pandas verified (2.2.3).
2026-10-04 07:50:24 [OK] pyarrow verified (25.0.1).
2026-10-04 07:50:24 [OK] duckdb verified (1.5.6).
2026-10-04 07:50:24 [INFO] Operating system is linux. MetaTrader 5 bridge runs in high-fidelity SIMULATOR mode.
2026-10-04 07:50:24 [OK] Database verified at DATABASE/lab_state.db (user_version=3, strategies=750). Historical data preserved.
2026-10-04 07:50:24 [OK] Application main module imported successfully (FastAPI v3.2).
2026-10-04 07:50:24 [OK] ALL BACKEND RUNTIME DEPENDENCIES & APPLICATION ENTRYPOINTS VERIFIED.
2026-10-04 07:51:15 [INFO] ===========================================================
2026-10-04 07:51:15 [INFO] EVOLUTIONARY TRADING RESEARCH LAB - V2.3 DEPENDENCY VERIFIER
2026-10-04 07:51:15 [INFO] ===========================================================
2026-10-04 07:51:15 [INFO] Python interpreter: /usr/local/bin/python3.13
2026-10-04 07:51:15 [INFO] Python version: 3.13.14 (linux)
2026-10-04 07:51:15 [OK] Python 3.13.14 is within the fully tested runtime range (3.10 - 3.13).
2026-10-04 07:51:15 [OK] psutil verified (7.2.2).
2026-10-04 07:51:15 [OK] fastapi verified (0.142.2).
2026-10-04 07:51:15 [OK] uvicorn verified (0.54.0).
2026-10-04 07:51:15 [OK] pydantic verified (2.13.4).
2026-10-04 07:51:15 [OK] yaml verified (6.0.3).
2026-10-04 07:51:15 [OK] httpx verified (0.28.1).
2026-10-04 07:51:15 [OK] websockets verified (17.2).
2026-10-04 07:51:15 [OK] numpy verified (2.3.5).
2026-10-04 07:51:15 [OK] pandas verified (2.2.3).
2026-10-04 07:51:15 [OK] pyarrow verified (25.0.1).
2026-10-04 07:51:15 [OK] duckdb verified (1.5.6).
2026-10-04 07:51:15 [INFO] Operating system is linux. MetaTrader 5 bridge runs in high-fidelity SIMULATOR mode.
2026-10-04 07:51:15 [OK] Database verified at DATABASE/lab_state.db (user_version=3, strategies=750). Historical data preserved.
2026-10-04 07:51:15 [OK] Application main module imported successfully (FastAPI v3.2).
2026-10-04 07:51:15 [OK] ALL BACKEND RUNTIME DEPENDENCIES & APPLICATION ENTRYPOINTS VERIFIED.
2026-10-04 07:51:57 [INFO] ===========================================================
2026-10-04 07:51:57 [INFO] EVOLUTIONARY TRADING RESEARCH LAB - V2.3 DEPENDENCY VERIFIER
2026-10-04 07:51:57 [INFO] ===========================================================
2026-10-04 07:51:57 [INFO] Python interpreter: /usr/local/bin/python3.13
2026-10-04 07:51:57 [INFO] Python version: 3.13.14 (linux)
2026-10-04 07:51:57 [OK] Python 3.13.14 is within the fully tested runtime range (3.10 - 3.13).
2026-10-04 07:51:57 [OK] psutil verified (7.2.2).
2026-10-04 07:51:57 [OK] fastapi verified (0.142.2).
2026-10-04 07:51:57 [OK] uvicorn verified (0.54.0).
2026-10-04 07:51:57 [OK] pydantic verified (2.13.4).
2026-10-04 07:51:57 [OK] yaml verified (6.0.3).
2026-10-04 07:51:57 [OK] httpx verified (0.28.1).
2026-10-04 07:51:57 [OK] websockets verified (17.2).
2026-10-04 07:51:57 [OK] numpy verified (2.3.5).
2026-10-04 07:51:57 [OK] pandas verified (2.2.3).
2026-10-04 07:51:57 [OK] pyarrow verified (25.0.1).
2026-10-04 07:51:57 [OK] duckdb verified (1.5.6).
2026-10-04 07:51:57 [INFO] Operating system is linux. MetaTrader 5 bridge runs in high-fidelity SIMULATOR mode.
2026-10-04 07:51:57 [OK] Database verified at DATABASE/lab_state.db (user_version=3, strategies=750). Historical data preserved.
2026-10-04 07:51:57 [OK] Application main module imported successfully (FastAPI v3.2).
2026-10-04 07:51:57 [OK] ALL BACKEND RUNTIME DEPENDENCIES & APPLICATION ENTRYPOINTS VERIFIED.
2026-10-04 07:52:49 [INFO] ===========================================================
2026-10-04 07:52:49 [INFO] EVOLUTIONARY TRADING RESEARCH LAB - V2.3 DEPENDENCY VERIFIER
2026-10-04 07:52:49 [INFO] ===========================================================
2026-10-04 07:52:49 [INFO] Python interpreter: /usr/local/bin/python3.13
2026-10-04 07:52:49 [INFO] Python version: 3.13.14 (linux)
2026-10-04 07:52:49 [OK] Python 3.13.14 is within the fully tested runtime range (3.10 - 3.13).
2026-10-04 07:52:49 [OK] psutil verified (7.2.2).
2026-10-04 07:52:50 [OK] fastapi verified (0.142.2).
2026-10-04 07:52:50 [OK] uvicorn verified (0.54.0).
2026-10-04 07:52:50 [OK] pydantic verified (2.13.4).
2026-10-04 07:52:50 [OK] yaml verified (6.0.3).
2026-10-04 07:52:50 [OK] httpx verified (0.28.1).
2026-10-04 07:52:50 [OK] websockets verified (17.2).
2026-10-04 07:52:50 [OK] numpy verified (2.3.5).
2026-10-04 07:52:50 [OK] pandas verified (2.2.3).
2026-10-04 07:52:50 [OK] pyarrow verified (25.0.1).
2026-10-04 07:52:50 [OK] duckdb verified (1.5.6).
2026-10-04 07:52:50 [INFO] Operating system is linux. MetaTrader 5 bridge runs in high-fidelity SIMULATOR mode.
2026-10-04 07:52:50 [OK] Database verified at DATABASE/lab_state.db (user_version=3, strategies=750). Historical data preserved.
2026-10-04 07:52:50 [OK] Application main module imported successfully (FastAPI v3.2).
2026-10-04 07:52:50 [OK] ALL BACKEND RUNTIME DEPENDENCIES & APPLICATION ENTRYPOINTS VERIFIED.
2026-10-04 08:56:57 [INFO] ===========================================================
2026-10-04 08:56:57 [INFO] EVOLUTIONARY TRADING RESEARCH LAB - V2.3 DEPENDENCY VERIFIER
2026-10-04 08:56:57 [INFO] ===========================================================
2026-10-04 08:56:57 [INFO] Python interpreter: /usr/local/bin/python3.13
2026-10-04 08:56:57 [INFO] Python version: 3.13.14 (linux)
2026-10-04 08:56:57 [OK] Python 3.13.14 is within the fully tested runtime range (3.10 - 3.13).
2026-10-04 08:56:57 [OK] psutil verified (7.2.2).
2026-10-04 08:56:58 [OK] fastapi verified (0.142.2).
2026-10-04 08:56:58 [OK] uvicorn verified (0.54.0).
2026-10-04 08:56:58 [OK] pydantic verified (2.13.4).
2026-10-04 08:56:58 [OK] yaml verified (6.0.3).
2026-10-04 08:56:58 [OK] httpx verified (0.28.1).
2026-10-04 08:56:58 [WARN] websockets import failed: No module named 'websockets'
2026-10-04 08:56:58 [ACTION] Attempting automatic self-repair: pip install websockets>=12.0...
2026-10-04 08:56:58 [INFO] Executing: /usr/local/bin/python3.13 -m pip install websockets>=12.0
2026-10-04 08:56:59 [OK] websockets installed, repaired, and verified (17.2).
2026-10-04 08:56:59 [OK] numpy verified (2.3.5).
2026-10-04 08:56:59 [OK] pandas verified (2.2.3).
2026-10-04 08:56:59 [WARN] pyarrow import failed: No module named 'pyarrow'
2026-10-04 08:56:59 [ACTION] Attempting automatic self-repair: pip install pyarrow>=15.0...
2026-10-04 08:56:59 [INFO] Executing: /usr/local/bin/python3.13 -m pip install pyarrow>=15.0
2026-10-04 08:57:02 [OK] pyarrow installed, repaired, and verified (25.0.1).
2026-10-04 08:57:02 [WARN] duckdb import failed: No module named 'duckdb'
2026-10-04 08:57:02 [ACTION] Attempting automatic self-repair: pip install duckdb>=0.10...
2026-10-04 08:57:02 [INFO] Executing: /usr/local/bin/python3.13 -m pip install duckdb>=0.10
2026-10-04 08:57:03 [OK] duckdb installed, repaired, and verified (1.5.6).
2026-10-04 08:57:03 [INFO] Operating system is linux. MetaTrader 5 bridge runs in high-fidelity SIMULATOR mode.
2026-10-04 08:57:03 [OK] Database verified at DATABASE/lab_state.db (user_version=3, strategies=772). Historical data preserved.
2026-10-04 08:57:03 [OK] Application main module imported successfully (FastAPI v3.2).
2026-10-04 08:57:03 [OK] ALL BACKEND RUNTIME DEPENDENCIES & APPLICATION ENTRYPOINTS VERIFIED.
2026-10-04 09:00:07 [INFO] ===========================================================
2026-10-04 09:00:07 [INFO] EVOLUTIONARY TRADING RESEARCH LAB - V2.3 DEPENDENCY VERIFIER
2026-10-04 09:00:07 [INFO] ===========================================================
2026-10-04 09:00:07 [INFO] Python interpreter: /usr/local/bin/python3.13
2026-10-04 09:00:07 [INFO] Python version: 3.13.14 (linux)
2026-10-04 09:00:07 [OK] Python 3.13.14 is within the fully tested runtime range (3.10 - 3.13).
2026-10-04 09:00:07 [OK] psutil verified (7.2.2).
2026-10-04 09:00:07 [OK] fastapi verified (0.142.2).
2026-10-04 09:00:07 [OK] uvicorn verified (0.54.0).
2026-10-04 09:00:07 [OK] pydantic verified (2.13.4).
2026-10-04 09:00:07 [OK] yaml verified (6.0.3).
2026-10-04 09:00:07 [OK] httpx verified (0.28.1).
2026-10-04 09:00:07 [OK] websockets verified (17.2).
2026-10-04 09:00:07 [OK] numpy verified (2.3.5).
2026-10-04 09:00:08 [OK] pandas verified (2.2.3).
2026-10-04 09:00:08 [OK] pyarrow verified (25.0.1).
2026-10-04 09:00:08 [OK] duckdb verified (1.5.6).
2026-10-04 09:00:08 [INFO] Operating system is linux. MetaTrader 5 bridge runs in high-fidelity SIMULATOR mode.
2026-10-04 09:00:08 [OK] Database verified at DATABASE/lab_state.db (user_version=3, strategies=787). Historical data preserved.
2026-10-04 09:00:08 [OK] Application main module imported successfully (FastAPI v3.2).
2026-10-04 09:00:08 [OK] ALL BACKEND RUNTIME DEPENDENCIES & APPLICATION ENTRYPOINTS VERIFIED.
2026-10-04 14:32:58 [INFO] ===========================================================
2026-10-04 14:32:58 [INFO] EVOLUTIONARY TRADING RESEARCH LAB - V2.3 DEPENDENCY VERIFIER
2026-10-04 14:32:58 [INFO] ===========================================================
2026-10-04 14:32:58 [INFO] Python interpreter: /usr/local/bin/python3.13
2026-10-04 14:32:58 [INFO] Python version: 3.13.14 (linux)
2026-10-04 14:32:58 [OK] Python 3.13.14 is within the fully tested runtime range (3.10 - 3.13).
2026-10-04 14:32:58 [OK] psutil verified (7.2.2).
2026-10-04 14:32:58 [OK] fastapi verified (0.142.2).
2026-10-04 14:32:58 [OK] uvicorn verified (0.54.0).
2026-10-04 14:32:58 [OK] pydantic verified (2.13.4).
2026-10-04 14:32:58 [OK] yaml verified (6.0.3).
2026-10-04 14:32:58 [OK] httpx verified (0.28.1).
2026-10-04 14:32:58 [WARN] websockets import failed: No module named 'websockets'
2026-10-04 14:32:58 [ACTION] Attempting automatic self-repair: pip install websockets>=12.0...
2026-10-04 14:32:58 [INFO] Executing: /usr/local/bin/python3.13 -m pip install websockets>=12.0
2026-10-04 14:32:59 [OK] websockets installed, repaired, and verified (17.2).
2026-10-04 14:32:59 [OK] numpy verified (2.3.5).
2026-10-04 14:32:59 [OK] pandas verified (2.2.3).
2026-10-04 14:32:59 [WARN] pyarrow import failed: No module named 'pyarrow'
2026-10-04 14:32:59 [ACTION] Attempting automatic self-repair: pip install pyarrow>=15.0...
2026-10-04 14:32:59 [INFO] Executing: /usr/local/bin/python3.13 -m pip install pyarrow>=15.0
2026-10-04 14:33:02 [OK] pyarrow installed, repaired, and verified (25.0.1).
2026-10-04 14:33:02 [WARN] duckdb import failed: No module named 'duckdb'
2026-10-04 14:33:02 [ACTION] Attempting automatic self-repair: pip install duckdb>=0.10...
2026-10-04 14:33:02 [INFO] Executing: /usr/local/bin/python3.13 -m pip install duckdb>=0.10
2026-10-04 14:33:04 [OK] duckdb installed, repaired, and verified (1.5.6).
2026-10-04 14:33:04 [INFO] Operating system is linux. MetaTrader 5 bridge runs in high-fidelity SIMULATOR mode.
2026-10-04 14:33:04 [OK] Database verified at DATABASE/lab_state.db (user_version=3, strategies=787). Historical data preserved.
2026-10-04 14:33:04 [OK] Application main module imported successfully (FastAPI v3.2).
2026-10-04 14:33:04 [OK] ALL BACKEND RUNTIME DEPENDENCIES & APPLICATION ENTRYPOINTS VERIFIED.
2026-10-04 14:34:43 [INFO] ===========================================================
2026-10-04 14:34:43 [INFO] EVOLUTIONARY TRADING RESEARCH LAB - V2.3 DEPENDENCY VERIFIER
2026-10-04 14:34:43 [INFO] ===========================================================
2026-10-04 14:34:43 [INFO] Python interpreter: /usr/local/bin/python3.13
2026-10-04 14:34:43 [INFO] Python version: 3.13.14 (linux)
2026-10-04 14:34:43 [OK] Python 3.13.14 is within the fully tested runtime range (3.10 - 3.13).
2026-10-04 14:34:43 [OK] psutil verified (7.2.2).
2026-10-04 14:34:43 [OK] fastapi verified (0.142.2).
2026-10-04 14:34:43 [OK] uvicorn verified (0.54.0).
2026-10-04 14:34:43 [OK] pydantic verified (2.13.4).
2026-10-04 14:34:43 [OK] yaml verified (6.0.3).
2026-10-04 14:34:43 [OK] httpx verified (0.28.1).
2026-10-04 14:34:43 [OK] websockets verified (17.2).
2026-10-04 14:34:43 [OK] numpy verified (2.3.5).
2026-10-04 14:34:43 [OK] pandas verified (2.2.3).
2026-10-04 14:34:43 [OK] pyarrow verified (25.0.1).
2026-10-04 14:34:43 [OK] duckdb verified (1.5.6).
2026-10-04 14:34:43 [INFO] Operating system is linux. MetaTrader 5 bridge runs in high-fidelity SIMULATOR mode.
2026-10-04 14:34:43 [OK] Database verified at DATABASE/lab_state.db (user_version=3, strategies=787). Historical data preserved.
2026-10-04 14:34:44 [OK] Application main module imported successfully (FastAPI v3.2).
2026-10-04 14:34:44 [OK] ALL BACKEND RUNTIME DEPENDENCIES & APPLICATION ENTRYPOINTS VERIFIED.
2026-10-04 14:35:05 [INFO] ===========================================================
2026-10-04 14:35:05 [INFO] EVOLUTIONARY TRADING RESEARCH LAB - V2.3 DEPENDENCY VERIFIER
2026-10-04 14:35:05 [INFO] ===========================================================
2026-10-04 14:35:05 [INFO] Python interpreter: /usr/local/bin/python3.13
2026-10-04 14:35:05 [INFO] Python version: 3.13.14 (linux)
2026-10-04 14:35:05 [OK] Python 3.13.14 is within the fully tested runtime range (3.10 - 3.13).
2026-10-04 14:35:05 [OK] psutil verified (7.2.2).
2026-10-04 14:35:05 [OK] fastapi verified (0.142.2).
2026-10-04 14:35:06 [OK] uvicorn verified (0.54.0).
2026-10-04 14:35:06 [OK] pydantic verified (2.13.4).
2026-10-04 14:35:06 [OK] yaml verified (6.0.3).
2026-10-04 14:35:06 [OK] httpx verified (0.28.1).
2026-10-04 14:35:06 [OK] websockets verified (17.2).
2026-10-04 14:35:06 [OK] numpy verified (2.3.5).
2026-10-04 14:35:06 [OK] pandas verified (2.2.3).
2026-10-04 14:35:06 [OK] pyarrow verified (25.0.1).
2026-10-04 14:35:06 [OK] duckdb verified (1.5.6).
2026-10-04 14:35:06 [INFO] Operating system is linux. MetaTrader 5 bridge runs in high-fidelity SIMULATOR mode.
2026-10-04 14:35:06 [OK] Database verified at DATABASE/lab_state.db (user_version=3, strategies=787). Historical data preserved.
2026-10-04 14:35:06 [OK] Application main module imported successfully (FastAPI v3.2).
2026-10-04 14:35:06 [OK] ALL BACKEND RUNTIME DEPENDENCIES & APPLICATION ENTRYPOINTS VERIFIED.
2026-10-04 14:39:10 [INFO] ===========================================================
2026-10-04 14:39:10 [INFO] EVOLUTIONARY TRADING RESEARCH LAB - V2.3 DEPENDENCY VERIFIER
2026-10-04 14:39:10 [INFO] ===========================================================
2026-10-04 14:39:10 [INFO] Python interpreter: /usr/local/bin/python3.13
2026-10-04 14:39:10 [INFO] Python version: 3.13.14 (linux)
2026-10-04 14:39:10 [OK] Python 3.13.14 is within the fully tested runtime range (3.10 - 3.13).
2026-10-04 14:39:10 [OK] psutil verified (7.2.2).
2026-10-04 14:39:11 [OK] fastapi verified (0.142.2).
2026-10-04 14:39:11 [OK] uvicorn verified (0.54.0).
2026-10-04 14:39:11 [OK] pydantic verified (2.13.4).
2026-10-04 14:39:11 [OK] yaml verified (6.0.3).
2026-10-04 14:39:11 [OK] httpx verified (0.28.1).
2026-10-04 14:39:11 [OK] websockets verified (17.2).
2026-10-04 14:39:11 [OK] numpy verified (2.3.5).
2026-10-04 14:39:11 [OK] pandas verified (2.2.3).
2026-10-04 14:39:11 [OK] pyarrow verified (25.0.1).
2026-10-04 14:39:11 [OK] duckdb verified (1.5.6).
2026-10-04 14:39:11 [INFO] Operating system is linux. MetaTrader 5 bridge runs in high-fidelity SIMULATOR mode.
2026-10-04 14:39:11 [OK] Database verified at DATABASE/lab_state.db (user_version=3, strategies=787). Historical data preserved.
2026-10-04 14:39:11 [OK] Application main module imported successfully (FastAPI v3.2).
2026-10-04 14:39:11 [OK] ALL BACKEND RUNTIME DEPENDENCIES & APPLICATION ENTRYPOINTS VERIFIED.
2026-10-04 14:48:19 [INFO] ===========================================================
2026-10-04 14:48:19 [INFO] EVOLUTIONARY TRADING RESEARCH LAB - V2.3 DEPENDENCY VERIFIER
2026-10-04 14:48:19 [INFO] ===========================================================
2026-10-04 14:48:19 [INFO] Python interpreter: /usr/local/bin/python3
2026-10-04 14:48:19 [INFO] Python version: 3.13.14 (linux)
2026-10-04 14:48:19 [OK] Python 3.13.14 is within the fully tested runtime range (3.10 - 3.13).
2026-10-04 14:48:19 [OK] psutil verified (7.2.2).
2026-10-04 14:48:20 [OK] fastapi verified (0.142.2).
2026-10-04 14:48:20 [OK] uvicorn verified (0.54.0).
2026-10-04 14:48:20 [OK] pydantic verified (2.13.4).
2026-10-04 14:48:20 [OK] yaml verified (6.0.3).
2026-10-04 14:48:20 [OK] httpx verified (0.28.1).
2026-10-04 14:48:20 [OK] websockets verified (17.2).
2026-10-04 14:48:20 [OK] numpy verified (2.3.5).
2026-10-04 14:48:20 [OK] pandas verified (2.2.3).
2026-10-04 14:48:20 [OK] pyarrow verified (25.0.1).
2026-10-04 14:48:20 [WARN] duckdb import failed: No module named 'duckdb'
2026-10-04 14:48:20 [ACTION] Attempting automatic self-repair: pip install duckdb>=0.10...
2026-10-04 14:48:20 [INFO] Executing: /usr/local/bin/python3 -m pip install duckdb>=0.10
2026-10-04 14:48:21 [OK] duckdb installed, repaired, and verified (1.5.6).
2026-10-04 14:48:21 [INFO] Operating system is linux. MetaTrader 5 bridge runs in high-fidelity SIMULATOR mode.
2026-10-04 14:48:21 [OK] Database verified at DATABASE/lab_state.db (user_version=3, strategies=787). Historical data preserved.
2026-10-04 14:48:21 [OK] Application main module imported successfully (FastAPI v3.2).
2026-10-04 14:48:21 [OK] ALL BACKEND RUNTIME DEPENDENCIES & APPLICATION ENTRYPOINTS VERIFIED.
2026-10-04 14:48:46 [INFO] ===========================================================
2026-10-04 14:48:46 [INFO] EVOLUTIONARY TRADING RESEARCH LAB - V2.3 DEPENDENCY VERIFIER
2026-10-04 14:48:46 [INFO] ===========================================================
2026-10-04 14:48:46 [INFO] Python interpreter: /usr/local/bin/python3
2026-10-04 14:48:46 [INFO] Python version: 3.13.14 (linux)
2026-10-04 14:48:46 [OK] Python 3.13.14 is within the fully tested runtime range (3.10 - 3.13).
2026-10-04 14:48:46 [OK] psutil verified (7.2.2).
2026-10-04 14:48:46 [OK] fastapi verified (0.142.2).
2026-10-04 14:48:46 [OK] uvicorn verified (0.54.0).
2026-10-04 14:48:46 [OK] pydantic verified (2.13.4).
2026-10-04 14:48:46 [OK] yaml verified (6.0.3).
2026-10-04 14:48:46 [OK] httpx verified (0.28.1).
2026-10-04 14:48:46 [OK] websockets verified (17.2).
2026-10-04 14:48:46 [OK] numpy verified (2.3.5).
2026-10-04 14:48:47 [OK] pandas verified (2.2.3).
2026-10-04 14:48:47 [OK] pyarrow verified (25.0.1).
2026-10-04 14:48:47 [OK] duckdb verified (1.5.6).
2026-10-04 14:48:47 [INFO] Operating system is linux. MetaTrader 5 bridge runs in high-fidelity SIMULATOR mode.
2026-10-04 14:48:47 [OK] Database verified at DATABASE/lab_state.db (user_version=3, strategies=787). Historical data preserved.
2026-10-04 14:48:47 [OK] Application main module imported successfully (FastAPI v3.2).
2026-10-04 14:48:47 [OK] ALL BACKEND RUNTIME DEPENDENCIES & APPLICATION ENTRYPOINTS VERIFIED.
2026-10-04 14:54:02 [INFO] ===========================================================
2026-10-04 14:54:02 [INFO] EVOLUTIONARY TRADING RESEARCH LAB - V2.3 DEPENDENCY VERIFIER
2026-10-04 14:54:02 [INFO] ===========================================================
2026-10-04 14:54:02 [INFO] Python interpreter: /usr/local/bin/python3
2026-10-04 14:54:02 [INFO] Python version: 3.13.14 (linux)
2026-10-04 14:54:02 [OK] Python 3.13.14 is within the fully tested runtime range (3.10 - 3.13).
2026-10-04 14:54:02 [OK] psutil verified (7.2.2).
2026-10-04 14:54:02 [OK] fastapi verified (0.142.2).
2026-10-04 14:54:03 [OK] uvicorn verified (0.54.0).
2026-10-04 14:54:03 [OK] pydantic verified (2.13.4).
2026-10-04 14:54:03 [OK] yaml verified (6.0.3).
2026-10-04 14:54:03 [OK] httpx verified (0.28.1).
2026-10-04 14:54:03 [OK] websockets verified (17.2).
2026-10-04 14:54:03 [OK] numpy verified (2.3.5).
2026-10-04 14:54:03 [OK] pandas verified (2.2.3).
2026-10-04 14:54:03 [OK] pyarrow verified (25.0.1).
2026-10-04 14:54:03 [OK] duckdb verified (1.5.6).
2026-10-04 14:54:03 [INFO] Operating system is linux. MetaTrader 5 bridge runs in high-fidelity SIMULATOR mode.
2026-10-04 14:54:03 [OK] Database verified at DATABASE/lab_state.db (user_version=3, strategies=787). Historical data preserved.
2026-10-04 14:54:03 [OK] Application main module imported successfully (FastAPI v3.2).
2026-10-04 14:54:03 [OK] ALL BACKEND RUNTIME DEPENDENCIES & APPLICATION ENTRYPOINTS VERIFIED.
2026-10-04 14:54:40 [INFO] ===========================================================
2026-10-04 14:54:40 [INFO] EVOLUTIONARY TRADING RESEARCH LAB - V2.3 DEPENDENCY VERIFIER
2026-10-04 14:54:40 [INFO] ===========================================================
2026-10-04 14:54:40 [INFO] Python interpreter: /usr/local/bin/python3
2026-10-04 14:54:40 [INFO] Python version: 3.13.14 (linux)
2026-10-04 14:54:40 [OK] Python 3.13.14 is within the fully tested runtime range (3.10 - 3.13).
2026-10-04 14:54:40 [OK] psutil verified (7.2.2).
2026-10-04 14:54:40 [OK] fastapi verified (0.142.2).
2026-10-04 14:54:40 [OK] uvicorn verified (0.54.0).
2026-10-04 14:54:40 [OK] pydantic verified (2.13.4).
2026-10-04 14:54:40 [OK] yaml verified (6.0.3).
2026-10-04 14:54:40 [OK] httpx verified (0.28.1).
2026-10-04 14:54:40 [OK] websockets verified (17.2).
2026-10-04 14:54:40 [OK] numpy verified (2.3.5).
2026-10-04 14:54:40 [OK] pandas verified (2.2.3).
2026-10-04 14:54:40 [OK] pyarrow verified (25.0.1).
2026-10-04 14:54:40 [OK] duckdb verified (1.5.6).
2026-10-04 14:54:40 [INFO] Operating system is linux. MetaTrader 5 bridge runs in high-fidelity SIMULATOR mode.
2026-10-04 14:54:40 [OK] Database verified at DATABASE/lab_state.db (user_version=3, strategies=787). Historical data preserved.
2026-10-04 14:54:40 [OK] Application main module imported successfully (FastAPI v3.2).
2026-10-04 14:54:40 [OK] ALL BACKEND RUNTIME DEPENDENCIES & APPLICATION ENTRYPOINTS VERIFIED.
2026-10-04 14:56:10 [INFO] ===========================================================
2026-10-04 14:56:10 [INFO] EVOLUTIONARY TRADING RESEARCH LAB - V2.3 DEPENDENCY VERIFIER
2026-10-04 14:56:10 [INFO] ===========================================================
2026-10-04 14:56:10 [INFO] Python interpreter: /usr/local/bin/python3
2026-10-04 14:56:10 [INFO] Python version: 3.13.14 (linux)
2026-10-04 14:56:10 [OK] Python 3.13.14 is within the fully tested runtime range (3.10 - 3.13).
2026-10-04 14:56:10 [OK] psutil verified (7.2.2).
2026-10-04 14:56:10 [OK] fastapi verified (0.142.2).
2026-10-04 14:56:10 [OK] uvicorn verified (0.54.0).
2026-10-04 14:56:10 [OK] pydantic verified (2.13.4).
2026-10-04 14:56:10 [OK] yaml verified (6.0.3).
2026-10-04 14:56:10 [OK] httpx verified (0.28.1).
2026-10-04 14:56:10 [OK] websockets verified (17.2).
2026-10-04 14:56:10 [OK] numpy verified (2.3.5).
2026-10-04 14:56:10 [OK] pandas verified (2.2.3).
2026-10-04 14:56:10 [OK] pyarrow verified (25.0.1).
2026-10-04 14:56:10 [OK] duckdb verified (1.5.6).
2026-10-04 14:56:10 [INFO] Operating system is linux. MetaTrader 5 bridge runs in high-fidelity SIMULATOR mode.
2026-10-04 14:56:10 [OK] Database verified at DATABASE/lab_state.db (user_version=3, strategies=787). Historical data preserved.
2026-10-04 14:56:11 [OK] Application main module imported successfully (FastAPI v3.2).
2026-10-04 14:56:11 [OK] ALL BACKEND RUNTIME DEPENDENCIES & APPLICATION ENTRYPOINTS VERIFIED.
2026-10-04 14:57:22 [INFO] ===========================================================
2026-10-04 14:57:22 [INFO] EVOLUTIONARY TRADING RESEARCH LAB - V2.3 DEPENDENCY VERIFIER
2026-10-04 14:57:22 [INFO] ===========================================================
2026-10-04 14:57:22 [INFO] Python interpreter: /usr/local/bin/python3
2026-10-04 14:57:22 [INFO] Python version: 3.13.14 (linux)
2026-10-04 14:57:22 [OK] Python 3.13.14 is within the fully tested runtime range (3.10 - 3.13).
2026-10-04 14:57:22 [OK] psutil verified (7.2.2).
2026-10-04 14:57:23 [OK] fastapi verified (0.142.2).
2026-10-04 14:57:23 [OK] uvicorn verified (0.54.0).
2026-10-04 14:57:23 [OK] pydantic verified (2.13.4).
2026-10-04 14:57:23 [OK] yaml verified (6.0.3).
2026-10-04 14:57:23 [OK] httpx verified (0.28.1).
2026-10-04 14:57:23 [OK] websockets verified (17.2).
2026-10-04 14:57:23 [OK] numpy verified (2.3.5).
2026-10-04 14:57:23 [OK] pandas verified (2.2.3).
2026-10-04 14:57:23 [OK] pyarrow verified (25.0.1).
2026-10-04 14:57:23 [OK] duckdb verified (1.5.6).
2026-10-04 14:57:23 [INFO] Operating system is linux. MetaTrader 5 bridge runs in high-fidelity SIMULATOR mode.
2026-10-04 14:57:23 [OK] Database verified at DATABASE/lab_state.db (user_version=3, strategies=787). Historical data preserved.
2026-10-04 14:57:23 [OK] Application main module imported successfully (FastAPI v3.2).
2026-10-04 14:57:23 [OK] ALL BACKEND RUNTIME DEPENDENCIES & APPLICATION ENTRYPOINTS VERIFIED.
2026-10-04 17:00:14 [INFO] ===========================================================
2026-10-04 17:00:14 [INFO] EVOLUTIONARY TRADING RESEARCH LAB - V2.3 DEPENDENCY VERIFIER
2026-10-04 17:00:14 [INFO] ===========================================================
2026-10-04 17:00:14 [INFO] Python interpreter: /usr/local/bin/python3
2026-10-04 17:00:14 [INFO] Python version: 3.13.14 (linux)
2026-10-04 17:00:14 [OK] Python 3.13.14 is within the fully tested runtime range (3.10 - 3.13).
2026-10-04 17:00:14 [OK] psutil verified (7.2.2).
2026-10-04 17:00:14 [OK] fastapi verified (0.142.2).
2026-10-04 17:00:14 [OK] uvicorn verified (0.54.0).
2026-10-04 17:00:14 [OK] pydantic verified (2.13.4).
2026-10-04 17:00:14 [OK] yaml verified (6.0.3).
2026-10-04 17:00:14 [OK] httpx verified (0.28.1).
2026-10-04 17:00:14 [OK] websockets verified (17.2).
2026-10-04 17:00:14 [OK] numpy verified (2.3.5).
2026-10-04 17:00:15 [OK] pandas verified (2.2.3).
2026-10-04 17:00:15 [OK] pyarrow verified (25.0.1).
2026-10-04 17:00:15 [WARN] duckdb import failed: No module named 'duckdb'
2026-10-04 17:00:15 [ACTION] Attempting automatic self-repair: pip install duckdb>=0.10...
2026-10-04 17:00:15 [INFO] Executing: /usr/local/bin/python3 -m pip install duckdb>=0.10
2026-10-04 17:00:19 [OK] duckdb installed, repaired, and verified (1.5.6).
2026-10-04 17:00:19 [INFO] Operating system is linux. MetaTrader 5 bridge runs in high-fidelity SIMULATOR mode.
2026-10-04 17:00:19 [OK] Database verified at DATABASE/lab_state.db (user_version=3, strategies=787). Historical data preserved.
2026-10-04 17:00:19 [OK] Application main module imported successfully (FastAPI v3.2).
2026-10-04 17:00:19 [OK] ALL BACKEND RUNTIME DEPENDENCIES & APPLICATION ENTRYPOINTS VERIFIED.
2026-10-04 17:17:39 [INFO] ===========================================================
2026-10-04 17:17:39 [INFO] EVOLUTIONARY TRADING RESEARCH LAB - V2.3 DEPENDENCY VERIFIER
2026-10-04 17:17:39 [INFO] ===========================================================
2026-10-04 17:17:39 [INFO] Python interpreter: /usr/local/bin/python3
2026-10-04 17:17:39 [INFO] Python version: 3.13.14 (linux)
2026-10-04 17:17:39 [OK] Python 3.13.14 is within the fully tested runtime range (3.10 - 3.13).
2026-10-04 17:17:39 [OK] psutil verified (7.2.2).
2026-10-04 17:17:40 [OK] fastapi verified (0.142.2).
2026-10-04 17:17:40 [OK] uvicorn verified (0.54.0).
2026-10-04 17:17:40 [OK] pydantic verified (2.13.4).
2026-10-04 17:17:40 [OK] yaml verified (6.0.3).
2026-10-04 17:17:40 [OK] httpx verified (0.28.1).
2026-10-04 17:17:40 [OK] websockets verified (17.2).
2026-10-04 17:17:40 [OK] numpy verified (2.3.5).
2026-10-04 17:17:40 [OK] pandas verified (2.2.3).
2026-10-04 17:17:40 [OK] pyarrow verified (25.0.1).
2026-10-04 17:17:40 [OK] duckdb verified (1.5.6).
2026-10-04 17:17:40 [INFO] Operating system is linux. MetaTrader 5 bridge runs in high-fidelity SIMULATOR mode.
2026-10-04 17:17:40 [OK] Database verified at DATABASE/lab_state.db (user_version=3, strategies=787). Historical data preserved.
2026-10-04 17:17:40 [OK] Application main module imported successfully (FastAPI v3.6).
2026-10-04 17:17:40 [OK] ALL BACKEND RUNTIME DEPENDENCIES & APPLICATION ENTRYPOINTS VERIFIED.
2026-10-04 17:18:20 [INFO] ===========================================================
2026-10-04 17:18:20 [INFO] EVOLUTIONARY TRADING RESEARCH LAB - V2.3 DEPENDENCY VERIFIER
2026-10-04 17:18:20 [INFO] ===========================================================
2026-10-04 17:18:20 [INFO] Python interpreter: /usr/local/bin/python3
2026-10-04 17:18:20 [INFO] Python version: 3.13.14 (linux)
2026-10-04 17:18:20 [OK] Python 3.13.14 is within the fully tested runtime range (3.10 - 3.13).
2026-10-04 17:18:20 [OK] psutil verified (7.2.2).
2026-10-04 17:18:20 [OK] fastapi verified (0.142.2).
2026-10-04 17:18:21 [OK] uvicorn verified (0.54.0).
2026-10-04 17:18:21 [OK] pydantic verified (2.13.4).
2026-10-04 17:18:21 [OK] yaml verified (6.0.3).
2026-10-04 17:18:21 [OK] httpx verified (0.28.1).
2026-10-04 17:18:21 [OK] websockets verified (17.2).
2026-10-04 17:18:21 [OK] numpy verified (2.3.5).
2026-10-04 17:18:21 [OK] pandas verified (2.2.3).
2026-10-04 17:18:21 [OK] pyarrow verified (25.0.1).
2026-10-04 17:18:21 [OK] duckdb verified (1.5.6).
2026-10-04 17:18:21 [INFO] Operating system is linux. MetaTrader 5 bridge runs in high-fidelity SIMULATOR mode.
2026-10-04 17:18:21 [OK] Database verified at DATABASE/lab_state.db (user_version=3, strategies=787). Historical data preserved.
2026-10-04 17:18:21 [OK] Application main module imported successfully (FastAPI v3.6).
2026-10-04 17:18:21 [OK] ALL BACKEND RUNTIME DEPENDENCIES & APPLICATION ENTRYPOINTS VERIFIED.
2026-10-04 17:19:29 [INFO] ===========================================================
2026-10-04 17:19:29 [INFO] EVOLUTIONARY TRADING RESEARCH LAB - V2.3 DEPENDENCY VERIFIER
2026-10-04 17:19:29 [INFO] ===========================================================
2026-10-04 17:19:29 [INFO] Python interpreter: /usr/local/bin/python3
2026-10-04 17:19:29 [INFO] Python version: 3.13.14 (linux)
2026-10-04 17:19:29 [OK] Python 3.13.14 is within the fully tested runtime range (3.10 - 3.13).
2026-10-04 17:19:29 [OK] psutil verified (7.2.2).
2026-10-04 17:19:29 [OK] fastapi verified (0.142.2).
2026-10-04 17:19:29 [OK] uvicorn verified (0.54.0).
2026-10-04 17:19:29 [OK] pydantic verified (2.13.4).
2026-10-04 17:19:29 [OK] yaml verified (6.0.3).
2026-10-04 17:19:30 [OK] httpx verified (0.28.1).
2026-10-04 17:19:30 [OK] websockets verified (17.2).
2026-10-04 17:19:30 [OK] numpy verified (2.3.5).
2026-10-04 17:19:30 [OK] pandas verified (2.2.3).
2026-10-04 17:19:30 [OK] pyarrow verified (25.0.1).
2026-10-04 17:19:30 [OK] duckdb verified (1.5.6).
2026-10-04 17:19:30 [INFO] Operating system is linux. MetaTrader 5 bridge runs in high-fidelity SIMULATOR mode.
2026-10-04 17:19:30 [OK] Database verified at DATABASE/lab_state.db (user_version=3, strategies=787). Historical data preserved.
2026-10-04 17:19:30 [OK] Application main module imported successfully (FastAPI v3.6).
2026-10-04 17:19:30 [OK] ALL BACKEND RUNTIME DEPENDENCIES & APPLICATION ENTRYPOINTS VERIFIED.
2026-10-05 04:53:33 [INFO] ===========================================================
2026-10-05 04:53:33 [INFO] EVOLUTIONARY TRADING RESEARCH LAB - V2.3 DEPENDENCY VERIFIER
2026-10-05 04:53:33 [INFO] ===========================================================
2026-10-05 04:53:33 [INFO] Python interpreter: /usr/local/bin/python3.13
2026-10-05 04:53:33 [INFO] Python version: 3.13.14 (linux)
2026-10-05 04:53:33 [OK] Python 3.13.14 is within the fully tested runtime range (3.10 - 3.13).
2026-10-05 04:53:33 [OK] psutil verified (7.2.2).
2026-10-05 04:53:33 [OK] fastapi verified (0.142.2).
2026-10-05 04:53:33 [OK] uvicorn verified (0.54.0).
2026-10-05 04:53:33 [OK] pydantic verified (2.13.4).
2026-10-05 04:53:33 [OK] yaml verified (6.0.3).
2026-10-05 04:53:33 [OK] httpx verified (0.28.1).
2026-10-05 04:53:33 [OK] websockets verified (17.2).
2026-10-05 04:53:33 [OK] numpy verified (2.3.5).
2026-10-05 04:53:34 [OK] pandas verified (2.2.3).
2026-10-05 04:53:34 [OK] pyarrow verified (25.0.1).
2026-10-05 04:53:34 [OK] duckdb verified (1.5.6).
2026-10-05 04:53:34 [INFO] Operating system is linux. MetaTrader 5 bridge runs in high-fidelity SIMULATOR mode.
2026-10-05 04:53:34 [OK] Database verified at DATABASE/lab_state.db (user_version=3, strategies=787). Historical data preserved.
2026-10-05 04:53:34 [OK] Application main module imported successfully (FastAPI v3.6).
2026-10-05 04:53:34 [OK] ALL BACKEND RUNTIME DEPENDENCIES & APPLICATION ENTRYPOINTS VERIFIED.
2026-10-05 04:56:26 [INFO] ===========================================================
2026-10-05 04:56:26 [INFO] EVOLUTIONARY TRADING RESEARCH LAB - V2.3 DEPENDENCY VERIFIER
2026-10-05 04:56:26 [INFO] ===========================================================
2026-10-05 04:56:26 [INFO] Python interpreter: /usr/local/bin/python3.13
2026-10-05 04:56:26 [INFO] Python version: 3.13.14 (linux)
2026-10-05 04:56:26 [OK] Python 3.13.14 is within the fully tested runtime range (3.10 - 3.13).
2026-10-05 04:56:26 [OK] psutil verified (7.2.2).
2026-10-05 04:56:26 [OK] fastapi verified (0.142.2).
2026-10-05 04:56:26 [OK] uvicorn verified (0.54.0).
2026-10-05 04:56:26 [OK] pydantic verified (2.13.4).
2026-10-05 04:56:26 [OK] yaml verified (6.0.3).
2026-10-05 04:56:26 [OK] httpx verified (0.28.1).
2026-10-05 04:56:26 [OK] websockets verified (17.2).
2026-10-05 04:56:26 [OK] numpy verified (2.3.5).
2026-10-05 04:56:27 [OK] pandas verified (2.2.3).
2026-10-05 04:56:27 [OK] pyarrow verified (25.0.1).
2026-10-05 04:56:27 [OK] duckdb verified (1.5.6).
2026-10-05 04:56:27 [INFO] Operating system is linux. MetaTrader 5 bridge runs in high-fidelity SIMULATOR mode.
2026-10-05 04:56:27 [OK] Database verified at DATABASE/lab_state.db (user_version=3, strategies=787). Historical data preserved.
2026-10-05 04:56:27 [OK] Application main module imported successfully (FastAPI v3.6).
2026-10-05 04:56:27 [OK] ALL BACKEND RUNTIME DEPENDENCIES & APPLICATION ENTRYPOINTS VERIFIED.
2026-10-05 10:29:08 [INFO] ===========================================================
2026-10-05 10:29:08 [INFO] EVOLUTIONARY TRADING RESEARCH LAB - V2.3 DEPENDENCY VERIFIER
2026-10-05 10:29:08 [INFO] ===========================================================
2026-10-05 10:29:08 [INFO] Python interpreter: E:\evolutionary-trading-lab\.venv\Scripts\python.exe
2026-10-05 10:29:08 [INFO] Python version: 3.14.6 (win32)
2026-10-05 10:29:08 [WARN] Python 3.14 detected (pre-release/latest version).
2026-10-05 10:29:08 [INFO] Some binary C-extensions like MetaTrader5 on Windows may require Python 3.10 - 3.13.
2026-10-05 10:29:08 [INFO] The research lab will operate cleanly using the SIMULATOR market data engine.
2026-10-05 10:29:08 [OK] psutil verified (7.2.2).
2026-10-05 10:29:08 [OK] fastapi verified (0.142.2).
2026-10-05 10:29:08 [OK] uvicorn verified (0.54.0).
2026-10-05 10:29:08 [OK] pydantic verified (2.13.5).
2026-10-05 10:29:08 [OK] yaml verified (6.0.3).
2026-10-05 10:29:08 [OK] httpx verified (0.28.1).
2026-10-05 10:29:08 [OK] websockets verified (17.2).
2026-10-05 10:29:08 [OK] numpy verified (2.5.3).
2026-10-05 10:29:09 [OK] pandas verified (3.0.6).
2026-10-05 10:29:09 [OK] pyarrow verified (25.0.1).
2026-10-05 10:29:09 [OK] duckdb verified (1.5.6).
2026-10-05 10:29:09 [OK] MetaTrader5 Python package installed (5.0.6231).
2026-10-05 10:29:09 [OK] Database verified at DATABASE/lab_state.db (user_version=3, strategies=787). Historical data preserved.
2026-10-05 10:29:10 [OK] Application main module imported successfully (FastAPI v3.6).
2026-10-05 10:29:10 [OK] ALL BACKEND RUNTIME DEPENDENCIES & APPLICATION ENTRYPOINTS VERIFIED.
2026-10-05 10:49:58 [INFO] ===========================================================
2026-10-05 10:49:58 [INFO] EVOLUTIONARY TRADING RESEARCH LAB - V2.3 DEPENDENCY VERIFIER
2026-10-05 10:49:58 [INFO] ===========================================================
2026-10-05 10:49:58 [INFO] Python interpreter: E:\evolutionary-trading-lab\.venv\Scripts\python.exe
2026-10-05 10:49:58 [INFO] Python version: 3.14.6 (win32)
2026-10-05 10:49:58 [WARN] Python 3.14 detected (pre-release/latest version).
2026-10-05 10:49:58 [INFO] Some binary C-extensions like MetaTrader5 on Windows may require Python 3.10 - 3.13.
2026-10-05 10:49:58 [INFO] The research lab will operate cleanly using the SIMULATOR market data engine.
2026-10-05 10:49:58 [OK] psutil verified (7.2.2).
2026-10-05 10:49:58 [OK] fastapi verified (0.142.2).
2026-10-05 10:49:58 [OK] uvicorn verified (0.54.0).
2026-10-05 10:49:58 [OK] pydantic verified (2.13.5).
2026-10-05 10:49:58 [OK] yaml verified (6.0.3).
2026-10-05 10:49:58 [OK] httpx verified (0.28.1).
2026-10-05 10:49:58 [OK] websockets verified (17.2).
2026-10-05 10:49:58 [OK] numpy verified (2.5.3).
2026-10-05 10:49:58 [OK] pandas verified (3.0.6).
2026-10-05 10:49:58 [OK] pyarrow verified (25.0.1).
2026-10-05 10:49:58 [OK] duckdb verified (1.5.6).
2026-10-05 10:49:58 [OK] MetaTrader5 Python package installed (5.0.6231).
2026-10-05 10:49:58 [OK] Database verified at DATABASE/lab_state.db (user_version=3, strategies=787). Historical data preserved.
2026-10-05 10:49:58 [OK] Application main module imported successfully (FastAPI v3.6).
2026-10-05 10:49:58 [OK] ALL BACKEND RUNTIME DEPENDENCIES & APPLICATION ENTRYPOINTS VERIFIED.
2026-10-06 15:16:49 [INFO] ===========================================================
2026-10-06 15:16:49 [INFO] EVOLUTIONARY TRADING RESEARCH LAB - V2.3 DEPENDENCY VERIFIER
2026-10-06 15:16:49 [INFO] ===========================================================
2026-10-06 15:16:49 [INFO] Python interpreter: D:\evolutionary-trading-lab\.venv\Scripts\python.exe
2026-10-06 15:16:49 [INFO] Python version: 3.14.6 (win32)
2026-10-06 15:16:49 [WARN] Python 3.14 detected (pre-release/latest version).
2026-10-06 15:16:49 [INFO] Some binary C-extensions like MetaTrader5 on Windows may require Python 3.10 - 3.13.
2026-10-06 15:16:49 [INFO] The research lab will operate cleanly using the SIMULATOR market data engine.
2026-10-06 15:16:49 [OK] psutil verified (7.2.2).
2026-10-06 15:16:49 [OK] fastapi verified (0.142.2).
2026-10-06 15:16:49 [OK] uvicorn verified (0.54.0).
2026-10-06 15:16:49 [OK] pydantic verified (2.13.5).
2026-10-06 15:16:49 [OK] yaml verified (6.0.3).
2026-10-06 15:16:49 [OK] httpx verified (0.28.1).
2026-10-06 15:16:49 [OK] websockets verified (17.2).
2026-10-06 15:16:50 [OK] numpy verified (2.5.3).
2026-10-06 15:16:51 [OK] pandas verified (3.0.6).
2026-10-06 15:16:51 [OK] pyarrow verified (25.0.1).
2026-10-06 15:16:51 [OK] duckdb verified (1.5.6).
2026-10-06 15:16:51 [OK] MetaTrader5 Python package installed (5.0.6231).
2026-10-06 15:16:51 [OK] Database verified at DATABASE/lab_state.db (user_version=3, strategies=10787). Historical data preserved.
2026-10-06 15:16:51 [OK] Application main module imported successfully (FastAPI v3.6).
2026-10-06 15:16:51 [OK] ALL BACKEND RUNTIME DEPENDENCIES & APPLICATION ENTRYPOINTS VERIFIED.
