{"timestamp": "2026-10-04 08:45:49 UTC", "ts": 1791103549.587188, "from_stage": "INIT", "to_stage": "DATA_DISCOVERY", "details": {"test": true}}
{"timestamp": "2026-10-04 08:55:34 UTC", "ts": 1791104134.161468, "from_stage": "INIT", "to_stage": "DATA_DISCOVERY", "details": {"message": "Scanning DATA_ROOT and discovering reusable artifacts"}}
{"timestamp": "2026-10-04 08:55:34 UTC", "ts": 1791104134.202446, "from_stage": "INIT", "to_stage": "DATA_DISCOVERY", "details": {"message": "Scanning DATA_ROOT and discovering reusable artifacts"}}
{"timestamp": "2026-10-04 08:55:34 UTC", "ts": 1791104134.209417, "from_stage": "DATA_DISCOVERY", "to_stage": "DATA_SYNC", "details": {"message": "Market data sync initiated"}}
{"timestamp": "2026-10-04 08:55:34 UTC", "ts": 1791104134.349067, "from_stage": "INIT", "to_stage": "DATA_DISCOVERY", "details": {"message": "Scanning DATA_ROOT and discovering reusable artifacts"}}
{"timestamp": "2026-10-04 08:55:34 UTC", "ts": 1791104134.411182, "from_stage": "DATA_DISCOVERY", "to_stage": "DATA_SYNC", "details": {"message": "Market data sync initiated"}}
{"timestamp": "2026-10-04 08:55:34 UTC", "ts": 1791104134.60804, "from_stage": "DATA_SYNC", "to_stage": "DATA_VALIDATION", "details": {"message": "Validating bar ranges and OHLC integrity"}}
{"timestamp": "2026-10-04 08:55:34 UTC", "ts": 1791104134.633376, "from_stage": "DATA_VALIDATION", "to_stage": "FEATURE_DISCOVERY", "details": {"message": "Discovering cached indicator arrays"}}
{"timestamp": "2026-10-04 08:55:34 UTC", "ts": 1791104134.64358, "from_stage": "DATA_DISCOVERY", "to_stage": "DATA_SYNC", "details": {"message": "Market data sync initiated"}}
{"timestamp": "2026-10-04 08:55:34 UTC", "ts": 1791104134.677077, "from_stage": "FEATURE_DISCOVERY", "to_stage": "FEATURE_PRECOMPUTATION", "details": {"message": "Precomputing features for 0 datasets"}}
{"timestamp": "2026-10-04 08:55:34 UTC", "ts": 1791104134.691404, "from_stage": "DATA_SYNC", "to_stage": "DATA_VALIDATION", "details": {"message": "Validating bar ranges and OHLC integrity"}}
{"timestamp": "2026-10-04 08:55:34 UTC", "ts": 1791104134.715273, "from_stage": "FEATURE_PRECOMPUTATION", "to_stage": "FEATURE_VALIDATION", "details": {"message": "Verifying column schemas and row counts"}}
{"timestamp": "2026-10-04 08:55:34 UTC", "ts": 1791104134.715499, "from_stage": "NODE_GENERATION", "to_stage": "EVALUATION", "details": {"nodes": 100}}
{"timestamp": "2026-10-04 08:55:34 UTC", "ts": 1791104134.720801, "from_stage": "DATA_SYNC", "to_stage": "DATA_VALIDATION", "details": {"message": "Validating bar ranges and OHLC integrity"}}
{"timestamp": "2026-10-04 08:55:34 UTC", "ts": 1791104134.723989, "from_stage": "DATA_VALIDATION", "to_stage": "FEATURE_DISCOVERY", "details": {"message": "Discovering cached indicator arrays"}}
{"timestamp": "2026-10-04 08:55:34 UTC", "ts": 1791104134.726191, "from_stage": "FEATURE_VALIDATION", "to_stage": "DATASET_REGISTRATION", "details": {"message": "All datasets and features registered in catalog"}}
{"timestamp": "2026-10-04 08:55:34 UTC", "ts": 1791104134.728301, "from_stage": "DATASET_REGISTRATION", "to_stage": "RESEARCH_INITIALIZATION", "details": {"message": "Initializing population and research loop"}}
{"timestamp": "2026-10-04 08:55:34 UTC", "ts": 1791104134.753539, "from_stage": "RESEARCH_INITIALIZATION", "to_stage": "RESEARCH", "details": {"message": "Starting research generation loop"}}
{"timestamp": "2026-10-04 08:55:34 UTC", "ts": 1791104134.755769, "from_stage": "DATA_VALIDATION", "to_stage": "FEATURE_DISCOVERY", "details": {"message": "Discovering cached indicator arrays"}}
{"timestamp": "2026-10-04 08:55:34 UTC", "ts": 1791104134.758255, "from_stage": "FEATURE_DISCOVERY", "to_stage": "FEATURE_PRECOMPUTATION", "details": {"message": "Precomputing features for 0 datasets"}}
{"timestamp": "2026-10-04 08:55:34 UTC", "ts": 1791104134.802553, "from_stage": "FEATURE_DISCOVERY", "to_stage": "FEATURE_PRECOMPUTATION", "details": {"message": "Precomputing features for 0 datasets"}}
{"timestamp": "2026-10-04 08:55:34 UTC", "ts": 1791104134.916091, "from_stage": "FEATURE_PRECOMPUTATION", "to_stage": "FEATURE_VALIDATION", "details": {"message": "Verifying column schemas and row counts"}}
{"timestamp": "2026-10-04 08:55:34 UTC", "ts": 1791104134.929442, "from_stage": "FEATURE_PRECOMPUTATION", "to_stage": "FEATURE_VALIDATION", "details": {"message": "Verifying column schemas and row counts"}}
{"timestamp": "2026-10-04 08:55:35 UTC", "ts": 1791104135.023811, "from_stage": "FEATURE_VALIDATION", "to_stage": "DATASET_REGISTRATION", "details": {"message": "All datasets and features registered in catalog"}}
{"timestamp": "2026-10-04 08:56:12 UTC", "ts": 1791104172.274518, "from_stage": "INIT", "to_stage": "DATA_DISCOVERY", "details": {"message": "Scanning DATA_ROOT and discovering reusable artifacts"}}
{"timestamp": "2026-10-04 08:56:12 UTC", "ts": 1791104172.318192, "from_stage": "DATA_DISCOVERY", "to_stage": "DATA_SYNC", "details": {"message": "Market data sync initiated"}}
{"timestamp": "2026-10-04 08:56:12 UTC", "ts": 1791104172.32564, "from_stage": "INIT", "to_stage": "DATA_DISCOVERY", "details": {"message": "Scanning DATA_ROOT and discovering reusable artifacts"}}
{"timestamp": "2026-10-04 08:56:12 UTC", "ts": 1791104172.490791, "from_stage": "INIT", "to_stage": "DATA_DISCOVERY", "details": {"message": "Scanning DATA_ROOT and discovering reusable artifacts"}}
{"timestamp": "2026-10-04 08:56:12 UTC", "ts": 1791104172.515592, "from_stage": "DATA_SYNC", "to_stage": "DATA_VALIDATION", "details": {"message": "Validating bar ranges and OHLC integrity"}}
{"timestamp": "2026-10-04 08:56:12 UTC", "ts": 1791104172.531677, "from_stage": "DATA_DISCOVERY", "to_stage": "DATA_SYNC", "details": {"message": "Market data sync initiated"}}
{"timestamp": "2026-10-04 08:56:12 UTC", "ts": 1791104172.55685, "from_stage": "DATA_VALIDATION", "to_stage": "FEATURE_DISCOVERY", "details": {"message": "Discovering cached indicator arrays"}}
{"timestamp": "2026-10-04 08:56:12 UTC", "ts": 1791104172.561002, "from_stage": "DATA_SYNC", "to_stage": "DATA_VALIDATION", "details": {"message": "Validating bar ranges and OHLC integrity"}}
{"timestamp": "2026-10-04 08:56:12 UTC", "ts": 1791104172.579043, "from_stage": "FEATURE_DISCOVERY", "to_stage": "FEATURE_PRECOMPUTATION", "details": {"message": "Precomputing features for 0 datasets"}}
{"timestamp": "2026-10-04 08:56:12 UTC", "ts": 1791104172.613078, "from_stage": "FEATURE_PRECOMPUTATION", "to_stage": "FEATURE_VALIDATION", "details": {"message": "Verifying column schemas and row counts"}}
{"timestamp": "2026-10-04 08:56:12 UTC", "ts": 1791104172.632973, "from_stage": "DATA_VALIDATION", "to_stage": "FEATURE_DISCOVERY", "details": {"message": "Discovering cached indicator arrays"}}
{"timestamp": "2026-10-04 08:56:12 UTC", "ts": 1791104172.633603, "from_stage": "NODE_GENERATION", "to_stage": "EVALUATION", "details": {"nodes": 100}}
{"timestamp": "2026-10-04 08:56:12 UTC", "ts": 1791104172.638776, "from_stage": "FEATURE_VALIDATION", "to_stage": "DATASET_REGISTRATION", "details": {"message": "All datasets and features registered in catalog"}}
{"timestamp": "2026-10-04 08:56:12 UTC", "ts": 1791104172.642797, "from_stage": "DATA_DISCOVERY", "to_stage": "DATA_SYNC", "details": {"message": "Market data sync initiated"}}
{"timestamp": "2026-10-04 08:56:12 UTC", "ts": 1791104172.668091, "from_stage": "FEATURE_DISCOVERY", "to_stage": "FEATURE_PRECOMPUTATION", "details": {"message": "Precomputing features for 0 datasets"}}
{"timestamp": "2026-10-04 08:56:12 UTC", "ts": 1791104172.672704, "from_stage": "DATASET_REGISTRATION", "to_stage": "RESEARCH_INITIALIZATION", "details": {"message": "Initializing population and research loop"}}
{"timestamp": "2026-10-04 08:56:12 UTC", "ts": 1791104172.683838, "from_stage": "FEATURE_PRECOMPUTATION", "to_stage": "FEATURE_VALIDATION", "details": {"message": "Verifying column schemas and row counts"}}
{"timestamp": "2026-10-04 08:56:12 UTC", "ts": 1791104172.694413, "from_stage": "RESEARCH_INITIALIZATION", "to_stage": "RESEARCH", "details": {"message": "Starting research generation loop"}}
{"timestamp": "2026-10-04 08:56:12 UTC", "ts": 1791104172.701233, "from_stage": "DATA_SYNC", "to_stage": "DATA_VALIDATION", "details": {"message": "Validating bar ranges and OHLC integrity"}}
{"timestamp": "2026-10-04 08:56:12 UTC", "ts": 1791104172.728885, "from_stage": "FEATURE_VALIDATION", "to_stage": "DATASET_REGISTRATION", "details": {"message": "All datasets and features registered in catalog"}}
{"timestamp": "2026-10-04 08:56:12 UTC", "ts": 1791104172.739661, "from_stage": "DATA_VALIDATION", "to_stage": "FEATURE_DISCOVERY", "details": {"message": "Discovering cached indicator arrays"}}
{"timestamp": "2026-10-04 08:56:12 UTC", "ts": 1791104172.746033, "from_stage": "DATASET_REGISTRATION", "to_stage": "RESEARCH_INITIALIZATION", "details": {"message": "Initializing population and research loop"}}
{"timestamp": "2026-10-04 08:56:12 UTC", "ts": 1791104172.756674, "from_stage": "FEATURE_DISCOVERY", "to_stage": "FEATURE_PRECOMPUTATION", "details": {"message": "Precomputing features for 0 datasets"}}
{"timestamp": "2026-10-04 08:56:12 UTC", "ts": 1791104172.765676, "from_stage": "RESEARCH_INITIALIZATION", "to_stage": "RESEARCH", "details": {"message": "Starting research generation loop"}}
{"timestamp": "2026-10-04 08:56:12 UTC", "ts": 1791104172.834881, "from_stage": "FEATURE_PRECOMPUTATION", "to_stage": "FEATURE_VALIDATION", "details": {"message": "Verifying column schemas and row counts"}}
{"timestamp": "2026-10-04 08:56:12 UTC", "ts": 1791104172.936317, "from_stage": "FEATURE_VALIDATION", "to_stage": "DATASET_REGISTRATION", "details": {"message": "All datasets and features registered in catalog"}}
{"timestamp": "2026-10-04 08:56:45 UTC", "ts": 1791104205.897603, "from_stage": "INIT", "to_stage": "DATA_DISCOVERY", "details": {"message": "Scanning DATA_ROOT and discovering reusable artifacts"}}
{"timestamp": "2026-10-04 08:56:45 UTC", "ts": 1791104205.945394, "from_stage": "INIT", "to_stage": "DATA_DISCOVERY", "details": {"message": "Scanning DATA_ROOT and discovering reusable artifacts"}}
{"timestamp": "2026-10-04 08:56:45 UTC", "ts": 1791104205.960124, "from_stage": "DATA_DISCOVERY", "to_stage": "DATA_SYNC", "details": {"message": "Market data sync initiated"}}
{"timestamp": "2026-10-04 08:56:46 UTC", "ts": 1791104206.121232, "from_stage": "INIT", "to_stage": "DATA_DISCOVERY", "details": {"message": "Scanning DATA_ROOT and discovering reusable artifacts"}}
{"timestamp": "2026-10-04 08:56:46 UTC", "ts": 1791104206.149493, "from_stage": "DATA_DISCOVERY", "to_stage": "DATA_SYNC", "details": {"message": "Market data sync initiated"}}
{"timestamp": "2026-10-04 08:56:46 UTC", "ts": 1791104206.170142, "from_stage": "DATA_SYNC", "to_stage": "DATA_VALIDATION", "details": {"message": "Validating bar ranges and OHLC integrity"}}
{"timestamp": "2026-10-04 08:56:46 UTC", "ts": 1791104206.193062, "from_stage": "DATA_SYNC", "to_stage": "DATA_VALIDATION", "details": {"message": "Validating bar ranges and OHLC integrity"}}
{"timestamp": "2026-10-04 08:56:46 UTC", "ts": 1791104206.234474, "from_stage": "DATA_VALIDATION", "to_stage": "FEATURE_DISCOVERY", "details": {"message": "Discovering cached indicator arrays"}}
{"timestamp": "2026-10-04 08:56:46 UTC", "ts": 1791104206.248675, "from_stage": "DATA_DISCOVERY", "to_stage": "DATA_SYNC", "details": {"message": "Market data sync initiated"}}
{"timestamp": "2026-10-04 08:56:46 UTC", "ts": 1791104206.249447, "from_stage": "NODE_GENERATION", "to_stage": "EVALUATION", "details": {"nodes": 100}}
{"timestamp": "2026-10-04 08:56:46 UTC", "ts": 1791104206.25602, "from_stage": "FEATURE_DISCOVERY", "to_stage": "FEATURE_PRECOMPUTATION", "details": {"message": "Precomputing features for 0 datasets"}}
{"timestamp": "2026-10-04 08:56:46 UTC", "ts": 1791104206.261018, "from_stage": "DATA_VALIDATION", "to_stage": "FEATURE_DISCOVERY", "details": {"message": "Discovering cached indicator arrays"}}
{"timestamp": "2026-10-04 08:56:46 UTC", "ts": 1791104206.271814, "from_stage": "FEATURE_DISCOVERY", "to_stage": "FEATURE_PRECOMPUTATION", "details": {"message": "Precomputing features for 0 datasets"}}
{"timestamp": "2026-10-04 08:56:46 UTC", "ts": 1791104206.276621, "from_stage": "FEATURE_PRECOMPUTATION", "to_stage": "FEATURE_VALIDATION", "details": {"message": "Verifying column schemas and row counts"}}
{"timestamp": "2026-10-04 08:56:46 UTC", "ts": 1791104206.280747, "from_stage": "DATA_SYNC", "to_stage": "DATA_VALIDATION", "details": {"message": "Validating bar ranges and OHLC integrity"}}
{"timestamp": "2026-10-04 08:56:46 UTC", "ts": 1791104206.291311, "from_stage": "FEATURE_PRECOMPUTATION", "to_stage": "FEATURE_VALIDATION", "details": {"message": "Verifying column schemas and row counts"}}
{"timestamp": "2026-10-04 08:56:46 UTC", "ts": 1791104206.300563, "from_stage": "FEATURE_VALIDATION", "to_stage": "DATASET_REGISTRATION", "details": {"message": "All datasets and features registered in catalog"}}
{"timestamp": "2026-10-04 08:56:46 UTC", "ts": 1791104206.305689, "from_stage": "DATA_VALIDATION", "to_stage": "FEATURE_DISCOVERY", "details": {"message": "Discovering cached indicator arrays"}}
{"timestamp": "2026-10-04 08:56:46 UTC", "ts": 1791104206.308286, "from_stage": "FEATURE_VALIDATION", "to_stage": "DATASET_REGISTRATION", "details": {"message": "All datasets and features registered in catalog"}}
{"timestamp": "2026-10-04 08:56:46 UTC", "ts": 1791104206.312779, "from_stage": "DATASET_REGISTRATION", "to_stage": "RESEARCH_INITIALIZATION", "details": {"message": "Initializing population and research loop"}}
{"timestamp": "2026-10-04 08:56:46 UTC", "ts": 1791104206.315174, "from_stage": "FEATURE_DISCOVERY", "to_stage": "FEATURE_PRECOMPUTATION", "details": {"message": "Precomputing features for 0 datasets"}}
{"timestamp": "2026-10-04 08:56:46 UTC", "ts": 1791104206.320086, "from_stage": "DATASET_REGISTRATION", "to_stage": "RESEARCH_INITIALIZATION", "details": {"message": "Initializing population and research loop"}}
{"timestamp": "2026-10-04 08:56:46 UTC", "ts": 1791104206.323622, "from_stage": "RESEARCH_INITIALIZATION", "to_stage": "RESEARCH", "details": {"message": "Starting research generation loop"}}
{"timestamp": "2026-10-04 08:56:46 UTC", "ts": 1791104206.329252, "from_stage": "FEATURE_PRECOMPUTATION", "to_stage": "FEATURE_VALIDATION", "details": {"message": "Verifying column schemas and row counts"}}
{"timestamp": "2026-10-04 08:56:46 UTC", "ts": 1791104206.335692, "from_stage": "RESEARCH_INITIALIZATION", "to_stage": "RESEARCH", "details": {"message": "Starting research generation loop"}}
{"timestamp": "2026-10-04 08:56:46 UTC", "ts": 1791104206.399119, "from_stage": "FEATURE_VALIDATION", "to_stage": "DATASET_REGISTRATION", "details": {"message": "All datasets and features registered in catalog"}}
{"timestamp": "2026-10-04 08:56:46 UTC", "ts": 1791104206.401591, "from_stage": "DATASET_REGISTRATION", "to_stage": "RESEARCH_INITIALIZATION", "details": {"message": "Initializing population and research loop"}}
{"timestamp": "2026-10-04 08:56:46 UTC", "ts": 1791104206.403909, "from_stage": "RESEARCH_INITIALIZATION", "to_stage": "RESEARCH", "details": {"message": "Starting research generation loop"}}
{"timestamp": "2026-10-04 08:56:55 UTC", "ts": 1791104215.733387, "from_stage": "RESEARCH", "to_stage": "BACKTESTING", "details": {"reason": "5 nodes ready for screening", "current_nodes": 5, "target": 50}}
{"timestamp": "2026-10-04 08:56:57 UTC", "ts": 1791104217.696316, "from_stage": "DATA_SYNC", "to_stage": "DATA_VALIDATION", "details": {}}
{"timestamp": "2026-10-04 08:56:57 UTC", "ts": 1791104217.697166, "from_stage": "DATA_VALIDATION", "to_stage": "FEATURE_DISCOVERY", "details": {}}
{"timestamp": "2026-10-04 08:56:57 UTC", "ts": 1791104217.697906, "from_stage": "FEATURE_DISCOVERY", "to_stage": "FEATURE_PRECOMPUTATION", "details": {}}
{"timestamp": "2026-10-04 08:56:57 UTC", "ts": 1791104217.698882, "from_stage": "FEATURE_PRECOMPUTATION", "to_stage": "FEATURE_VALIDATION", "details": {"message": "Verifying column schemas"}}
{"timestamp": "2026-10-04 08:56:57 UTC", "ts": 1791104217.699655, "from_stage": "FEATURE_VALIDATION", "to_stage": "DATASET_REGISTRATION", "details": {"message": "Registering dataset"}}
{"timestamp": "2026-10-04 08:56:57 UTC", "ts": 1791104217.700404, "from_stage": "DATASET_REGISTRATION", "to_stage": "RESEARCH_INITIALIZATION", "details": {"message": "Initializing population"}}
{"timestamp": "2026-10-04 08:56:57 UTC", "ts": 1791104217.701275, "from_stage": "RESEARCH_INITIALIZATION", "to_stage": "NODE_GENERATION", "details": {"message": "Generating candidates"}}
{"timestamp": "2026-10-04 08:56:57 UTC", "ts": 1791104217.701896, "from_stage": "NODE_GENERATION", "to_stage": "NODE_EVALUATION", "details": {"message": "Screening candidate nodes"}}
{"timestamp": "2026-10-04 08:57:06 UTC", "ts": 1791104226.044531, "from_stage": "DATA_SYNC", "to_stage": "DATA_VALIDATION", "details": {"test": true}}
{"timestamp": "2026-10-04 08:57:06 UTC", "ts": 1791104226.046883, "from_stage": "DATA_VALIDATION", "to_stage": "FEATURE_DISCOVERY", "details": {}}
{"timestamp": "2026-10-04 08:57:06 UTC", "ts": 1791104226.048858, "from_stage": "FEATURE_DISCOVERY", "to_stage": "FEATURE_PRECOMPUTATION", "details": {}}
{"timestamp": "2026-10-04 08:57:06 UTC", "ts": 1791104226.050686, "from_stage": "FEATURE_PRECOMPUTATION", "to_stage": "FEATURE_VALIDATION", "details": {}}
{"timestamp": "2026-10-04 08:57:06 UTC", "ts": 1791104226.052962, "from_stage": "FEATURE_VALIDATION", "to_stage": "DATASET_READY", "details": {}}
{"timestamp": "2026-10-04 08:57:06 UTC", "ts": 1791104226.05485, "from_stage": "DATASET_READY", "to_stage": "RESEARCH", "details": {}}
{"timestamp": "2026-10-04 08:57:06 UTC", "ts": 1791104226.067104, "from_stage": "INIT", "to_stage": "DATA_DISCOVERY", "details": {"message": "Scanning DATA_ROOT and discovering reusable artifacts"}}
{"timestamp": "2026-10-04 08:57:06 UTC", "ts": 1791104226.073596, "from_stage": "DATA_DISCOVERY", "to_stage": "DATA_SYNC", "details": {"message": "Market data sync initiated"}}
{"timestamp": "2026-10-04 08:57:06 UTC", "ts": 1791104226.245881, "from_stage": "DATA_SYNC", "to_stage": "DATA_VALIDATION", "details": {"message": "Validating bar ranges and OHLC integrity"}}
{"timestamp": "2026-10-04 08:57:06 UTC", "ts": 1791104226.253406, "from_stage": "DATA_VALIDATION", "to_stage": "FEATURE_DISCOVERY", "details": {"message": "Discovering cached indicator arrays"}}
{"timestamp": "2026-10-04 08:57:06 UTC", "ts": 1791104226.255688, "from_stage": "FEATURE_DISCOVERY", "to_stage": "FEATURE_PRECOMPUTATION", "details": {"message": "Precomputing features for 0 datasets"}}
{"timestamp": "2026-10-04 08:57:06 UTC", "ts": 1791104226.258021, "from_stage": "FEATURE_PRECOMPUTATION", "to_stage": "FEATURE_VALIDATION", "details": {"message": "Verifying column schemas and row counts"}}
{"timestamp": "2026-10-04 08:57:06 UTC", "ts": 1791104226.260607, "from_stage": "FEATURE_VALIDATION", "to_stage": "DATASET_REGISTRATION", "details": {"message": "All datasets and features registered in catalog"}}
{"timestamp": "2026-10-04 08:57:06 UTC", "ts": 1791104226.263111, "from_stage": "DATASET_REGISTRATION", "to_stage": "RESEARCH_INITIALIZATION", "details": {"message": "Initializing population and research loop"}}
{"timestamp": "2026-10-04 08:57:06 UTC", "ts": 1791104226.266195, "from_stage": "RESEARCH_INITIALIZATION", "to_stage": "RESEARCH", "details": {"message": "Starting research generation loop"}}
{"timestamp": "2026-10-04 08:57:06 UTC", "ts": 1791104226.271965, "from_stage": "DATA_SYNC", "to_stage": "RESEARCH", "details": {"reason": "Test transition"}}
{"timestamp": "2026-10-04 08:57:08 UTC", "ts": 1791104228.680899, "from_stage": "INIT", "to_stage": "DATA_DISCOVERY", "details": {"message": "Scanning DATA_ROOT and discovering reusable artifacts"}}
{"timestamp": "2026-10-04 08:57:08 UTC", "ts": 1791104228.705382, "from_stage": "DATA_DISCOVERY", "to_stage": "DATA_SYNC", "details": {"message": "Market data sync initiated"}}
{"timestamp": "2026-10-04 08:57:08 UTC", "ts": 1791104228.726432, "from_stage": "INIT", "to_stage": "DATA_DISCOVERY", "details": {"message": "Scanning DATA_ROOT and discovering reusable artifacts"}}
{"timestamp": "2026-10-04 08:57:08 UTC", "ts": 1791104228.740623, "from_stage": "DATA_SYNC", "to_stage": "DATA_VALIDATION", "details": {"message": "Validating bar ranges and OHLC integrity"}}
{"timestamp": "2026-10-04 08:57:08 UTC", "ts": 1791104228.755893, "from_stage": "DATA_DISCOVERY", "to_stage": "DATA_SYNC", "details": {"message": "Market data sync initiated"}}
{"timestamp": "2026-10-04 08:57:08 UTC", "ts": 1791104228.771129, "from_stage": "DATA_VALIDATION", "to_stage": "FEATURE_DISCOVERY", "details": {"message": "Discovering cached indicator arrays"}}
{"timestamp": "2026-10-04 08:57:08 UTC", "ts": 1791104228.774923, "from_stage": "INIT", "to_stage": "DATA_DISCOVERY", "details": {"message": "Scanning DATA_ROOT and discovering reusable artifacts"}}
{"timestamp": "2026-10-04 08:57:08 UTC", "ts": 1791104228.783918, "from_stage": "FEATURE_DISCOVERY", "to_stage": "FEATURE_PRECOMPUTATION", "details": {"message": "Precomputing features for 0 datasets"}}
{"timestamp": "2026-10-04 08:57:08 UTC", "ts": 1791104228.795797, "from_stage": "DATA_SYNC", "to_stage": "DATA_VALIDATION", "details": {"message": "Validating bar ranges and OHLC integrity"}}
{"timestamp": "2026-10-04 08:57:08 UTC", "ts": 1791104228.802144, "from_stage": "FEATURE_PRECOMPUTATION", "to_stage": "FEATURE_VALIDATION", "details": {"message": "Verifying column schemas and row counts"}}
{"timestamp": "2026-10-04 08:57:08 UTC", "ts": 1791104228.810718, "from_stage": "DATA_DISCOVERY", "to_stage": "DATA_SYNC", "details": {"message": "Market data sync initiated"}}
{"timestamp": "2026-10-04 08:57:08 UTC", "ts": 1791104228.822701, "from_stage": "DATA_VALIDATION", "to_stage": "FEATURE_DISCOVERY", "details": {"message": "Discovering cached indicator arrays"}}
{"timestamp": "2026-10-04 08:57:08 UTC", "ts": 1791104228.827935, "from_stage": "FEATURE_VALIDATION", "to_stage": "DATASET_REGISTRATION", "details": {"message": "All datasets and features registered in catalog"}}
{"timestamp": "2026-10-04 08:57:08 UTC", "ts": 1791104228.830465, "from_stage": "FEATURE_DISCOVERY", "to_stage": "FEATURE_PRECOMPUTATION", "details": {"message": "Precomputing features for 0 datasets"}}
{"timestamp": "2026-10-04 08:57:08 UTC", "ts": 1791104228.833975, "from_stage": "DATA_SYNC", "to_stage": "DATA_VALIDATION", "details": {"message": "Validating bar ranges and OHLC integrity"}}
{"timestamp": "2026-10-04 08:57:08 UTC", "ts": 1791104228.841252, "from_stage": "DATASET_REGISTRATION", "to_stage": "RESEARCH_INITIALIZATION", "details": {"message": "Initializing population and research loop"}}
{"timestamp": "2026-10-04 08:57:08 UTC", "ts": 1791104228.848715, "from_stage": "FEATURE_PRECOMPUTATION", "to_stage": "FEATURE_VALIDATION", "details": {"message": "Verifying column schemas and row counts"}}
{"timestamp": "2026-10-04 08:57:08 UTC", "ts": 1791104228.852455, "from_stage": "RESEARCH_INITIALIZATION", "to_stage": "RESEARCH", "details": {"message": "Starting research generation loop"}}
{"timestamp": "2026-10-04 08:57:08 UTC", "ts": 1791104228.87015, "from_stage": "DATA_VALIDATION", "to_stage": "FEATURE_DISCOVERY", "details": {"message": "Discovering cached indicator arrays"}}
{"timestamp": "2026-10-04 08:57:08 UTC", "ts": 1791104228.894192, "from_stage": "NODE_GENERATION", "to_stage": "EVALUATION", "details": {"nodes": 100}}
{"timestamp": "2026-10-04 08:57:08 UTC", "ts": 1791104228.894452, "from_stage": "FEATURE_VALIDATION", "to_stage": "DATASET_REGISTRATION", "details": {"message": "All datasets and features registered in catalog"}}
{"timestamp": "2026-10-04 08:57:08 UTC", "ts": 1791104228.900456, "from_stage": "DATASET_REGISTRATION", "to_stage": "EVOLUTION", "details": {"reason": "Need 8 candidates to fill batch (22/30 active)", "current_nodes": 22, "target": 200, "action": "generate next candidate batch"}}
{"timestamp": "2026-10-04 08:57:08 UTC", "ts": 1791104228.906166, "from_stage": "FEATURE_DISCOVERY", "to_stage": "FEATURE_PRECOMPUTATION", "details": {"message": "Precomputing features for 0 datasets"}}
{"timestamp": "2026-10-04 08:57:08 UTC", "ts": 1791104228.918369, "from_stage": "DATASET_REGISTRATION", "to_stage": "RESEARCH_INITIALIZATION", "details": {"message": "Initializing population and research loop"}}
{"timestamp": "2026-10-04 08:57:08 UTC", "ts": 1791104228.923682, "from_stage": "FEATURE_PRECOMPUTATION", "to_stage": "FEATURE_VALIDATION", "details": {"message": "Verifying column schemas and row counts"}}
{"timestamp": "2026-10-04 08:57:08 UTC", "ts": 1791104228.942294, "from_stage": "RESEARCH_INITIALIZATION", "to_stage": "RESEARCH", "details": {"message": "Starting research generation loop"}}
{"timestamp": "2026-10-04 08:57:08 UTC", "ts": 1791104228.951337, "from_stage": "FEATURE_VALIDATION", "to_stage": "DATASET_REGISTRATION", "details": {"message": "All datasets and features registered in catalog"}}
{"timestamp": "2026-10-04 08:57:08 UTC", "ts": 1791104228.95712, "from_stage": "DATASET_REGISTRATION", "to_stage": "EVOLUTION", "details": {"reason": "Need 4 candidates to fill batch (26/30 active)", "current_nodes": 26, "target": 200, "action": "generate next candidate batch"}}
{"timestamp": "2026-10-04 08:57:08 UTC", "ts": 1791104228.962234, "from_stage": "DATASET_REGISTRATION", "to_stage": "RESEARCH_INITIALIZATION", "details": {"message": "Initializing population and research loop"}}
{"timestamp": "2026-10-04 08:57:09 UTC", "ts": 1791104229.053675, "from_stage": "RESEARCH_INITIALIZATION", "to_stage": "RESEARCH", "details": {"message": "Starting research generation loop"}}
{"timestamp": "2026-10-04 08:57:09 UTC", "ts": 1791104229.078684, "from_stage": "RESEARCH", "to_stage": "EVOLUTION", "details": {"reason": "Need 3 candidates to fill batch (27/30 active)", "current_nodes": 27, "target": 200, "action": "generate next candidate batch"}}
{"timestamp": "2026-10-04 08:57:09 UTC", "ts": 1791104229.321784, "from_stage": "EVOLUTION", "to_stage": "BACKTESTING", "details": {"reason": "8 new candidates ready for screening", "completed": 0, "current_nodes": 36, "target": 200}}
{"timestamp": "2026-10-04 08:57:09 UTC", "ts": 1791104229.563722, "from_stage": "EVOLUTION", "to_stage": "BACKTESTING", "details": {"reason": "4 new candidates ready for screening", "completed": 0, "current_nodes": 37, "target": 200}}
{"timestamp": "2026-10-04 08:57:09 UTC", "ts": 1791104229.707026, "from_stage": "EVOLUTION", "to_stage": "BACKTESTING", "details": {"reason": "3 new candidates ready for screening", "completed": 0, "current_nodes": 37, "target": 200}}
{"timestamp": "2026-10-04 08:58:53 UTC", "ts": 1791104333.717591, "from_stage": "INIT", "to_stage": "DATA_DISCOVERY", "details": {"message": "Scanning DATA_ROOT and discovering reusable artifacts"}}
{"timestamp": "2026-10-04 08:58:53 UTC", "ts": 1791104333.75889, "from_stage": "DATA_DISCOVERY", "to_stage": "DATA_SYNC", "details": {"message": "Market data sync initiated"}}
{"timestamp": "2026-10-04 08:58:53 UTC", "ts": 1791104333.862577, "from_stage": "INIT", "to_stage": "DATA_DISCOVERY", "details": {"message": "Scanning DATA_ROOT and discovering reusable artifacts"}}
{"timestamp": "2026-10-04 08:58:53 UTC", "ts": 1791104333.922601, "from_stage": "INIT", "to_stage": "DATA_DISCOVERY", "details": {"message": "Scanning DATA_ROOT and discovering reusable artifacts"}}
{"timestamp": "2026-10-04 08:58:53 UTC", "ts": 1791104333.935067, "from_stage": "DATA_SYNC", "to_stage": "DATA_VALIDATION", "details": {"message": "Validating bar ranges and OHLC integrity"}}
{"timestamp": "2026-10-04 08:58:53 UTC", "ts": 1791104333.973611, "from_stage": "DATA_DISCOVERY", "to_stage": "DATA_SYNC", "details": {"message": "Market data sync initiated"}}
{"timestamp": "2026-10-04 08:58:53 UTC", "ts": 1791104333.979956, "from_stage": "DATA_VALIDATION", "to_stage": "FEATURE_DISCOVERY", "details": {"message": "Discovering cached indicator arrays"}}
{"timestamp": "2026-10-04 08:58:53 UTC", "ts": 1791104333.991554, "from_stage": "FEATURE_DISCOVERY", "to_stage": "FEATURE_PRECOMPUTATION", "details": {"message": "Precomputing features for 0 datasets"}}
{"timestamp": "2026-10-04 08:58:54 UTC", "ts": 1791104334.002527, "from_stage": "DATA_SYNC", "to_stage": "DATA_VALIDATION", "details": {"message": "Validating bar ranges and OHLC integrity"}}
{"timestamp": "2026-10-04 08:58:54 UTC", "ts": 1791104334.02712, "from_stage": "FEATURE_PRECOMPUTATION", "to_stage": "FEATURE_VALIDATION", "details": {"message": "Verifying column schemas and row counts"}}
{"timestamp": "2026-10-04 08:58:54 UTC", "ts": 1791104334.039154, "from_stage": "DATA_DISCOVERY", "to_stage": "DATA_SYNC", "details": {"message": "Market data sync initiated"}}
{"timestamp": "2026-10-04 08:58:54 UTC", "ts": 1791104334.064148, "from_stage": "DATA_VALIDATION", "to_stage": "FEATURE_DISCOVERY", "details": {"message": "Discovering cached indicator arrays"}}
{"timestamp": "2026-10-04 08:58:54 UTC", "ts": 1791104334.083448, "from_stage": "FEATURE_VALIDATION", "to_stage": "DATASET_REGISTRATION", "details": {"message": "All datasets and features registered in catalog"}}
{"timestamp": "2026-10-04 08:58:54 UTC", "ts": 1791104334.08401, "from_stage": "NODE_GENERATION", "to_stage": "EVALUATION", "details": {"nodes": 100}}
{"timestamp": "2026-10-04 08:58:54 UTC", "ts": 1791104334.091665, "from_stage": "FEATURE_DISCOVERY", "to_stage": "FEATURE_PRECOMPUTATION", "details": {"message": "Precomputing features for 0 datasets"}}
{"timestamp": "2026-10-04 08:58:54 UTC", "ts": 1791104334.103793, "from_stage": "DATA_SYNC", "to_stage": "DATA_VALIDATION", "details": {"message": "Validating bar ranges and OHLC integrity"}}
{"timestamp": "2026-10-04 08:58:54 UTC", "ts": 1791104334.116014, "from_stage": "DATASET_REGISTRATION", "to_stage": "RESEARCH_INITIALIZATION", "details": {"message": "Initializing population and research loop"}}
{"timestamp": "2026-10-04 08:58:54 UTC", "ts": 1791104334.121656, "from_stage": "FEATURE_PRECOMPUTATION", "to_stage": "FEATURE_VALIDATION", "details": {"message": "Verifying column schemas and row counts"}}
{"timestamp": "2026-10-04 08:58:54 UTC", "ts": 1791104334.126657, "from_stage": "RESEARCH_INITIALIZATION", "to_stage": "RESEARCH", "details": {"message": "Starting research generation loop"}}
{"timestamp": "2026-10-04 08:58:54 UTC", "ts": 1791104334.135197, "from_stage": "FEATURE_VALIDATION", "to_stage": "DATASET_REGISTRATION", "details": {"message": "All datasets and features registered in catalog"}}
{"timestamp": "2026-10-04 08:58:54 UTC", "ts": 1791104334.143752, "from_stage": "DATA_VALIDATION", "to_stage": "FEATURE_DISCOVERY", "details": {"message": "Discovering cached indicator arrays"}}
{"timestamp": "2026-10-04 08:58:54 UTC", "ts": 1791104334.163716, "from_stage": "FEATURE_DISCOVERY", "to_stage": "FEATURE_PRECOMPUTATION", "details": {"message": "Precomputing features for 0 datasets"}}
{"timestamp": "2026-10-04 08:58:54 UTC", "ts": 1791104334.234408, "from_stage": "DATASET_REGISTRATION", "to_stage": "RESEARCH_INITIALIZATION", "details": {"message": "Initializing population and research loop"}}
{"timestamp": "2026-10-04 08:58:54 UTC", "ts": 1791104334.24722, "from_stage": "FEATURE_PRECOMPUTATION", "to_stage": "FEATURE_VALIDATION", "details": {"message": "Verifying column schemas and row counts"}}
{"timestamp": "2026-10-04 08:58:54 UTC", "ts": 1791104334.258719, "from_stage": "RESEARCH_INITIALIZATION", "to_stage": "RESEARCH", "details": {"message": "Starting research generation loop"}}
{"timestamp": "2026-10-04 09:00:04 UTC", "ts": 1791104404.23361, "from_stage": "RESEARCH", "to_stage": "BACKTESTING", "details": {"reason": "5 nodes ready for screening", "current_nodes": 5, "target": 50}}
{"timestamp": "2026-10-04 09:00:07 UTC", "ts": 1791104407.194173, "from_stage": "DATA_SYNC", "to_stage": "DATA_VALIDATION", "details": {}}
{"timestamp": "2026-10-04 09:00:07 UTC", "ts": 1791104407.196756, "from_stage": "DATA_VALIDATION", "to_stage": "FEATURE_DISCOVERY", "details": {}}
{"timestamp": "2026-10-04 09:00:07 UTC", "ts": 1791104407.198945, "from_stage": "FEATURE_DISCOVERY", "to_stage": "FEATURE_PRECOMPUTATION", "details": {}}
{"timestamp": "2026-10-04 09:00:07 UTC", "ts": 1791104407.204276, "from_stage": "FEATURE_PRECOMPUTATION", "to_stage": "FEATURE_VALIDATION", "details": {"message": "Verifying column schemas"}}
{"timestamp": "2026-10-04 09:00:07 UTC", "ts": 1791104407.20686, "from_stage": "FEATURE_VALIDATION", "to_stage": "DATASET_REGISTRATION", "details": {"message": "Registering dataset"}}
{"timestamp": "2026-10-04 09:00:07 UTC", "ts": 1791104407.209516, "from_stage": "DATASET_REGISTRATION", "to_stage": "RESEARCH_INITIALIZATION", "details": {"message": "Initializing population"}}
{"timestamp": "2026-10-04 09:00:07 UTC", "ts": 1791104407.212059, "from_stage": "RESEARCH_INITIALIZATION", "to_stage": "NODE_GENERATION", "details": {"message": "Generating candidates"}}
{"timestamp": "2026-10-04 09:00:07 UTC", "ts": 1791104407.214581, "from_stage": "NODE_GENERATION", "to_stage": "NODE_EVALUATION", "details": {"message": "Screening candidate nodes"}}
{"timestamp": "2026-10-04 09:00:08 UTC", "ts": 1791104408.930962, "from_stage": "INIT", "to_stage": "DATA_DISCOVERY", "details": {"message": "Scanning DATA_ROOT and discovering reusable artifacts"}}
{"timestamp": "2026-10-04 09:00:08 UTC", "ts": 1791104408.945171, "from_stage": "DATA_DISCOVERY", "to_stage": "DATA_SYNC", "details": {"message": "Market data sync initiated"}}
{"timestamp": "2026-10-04 09:00:09 UTC", "ts": 1791104409.138789, "from_stage": "DATA_SYNC", "to_stage": "DATA_VALIDATION", "details": {"message": "Validating bar ranges and OHLC integrity"}}
{"timestamp": "2026-10-04 09:00:09 UTC", "ts": 1791104409.142047, "from_stage": "DATA_VALIDATION", "to_stage": "FEATURE_DISCOVERY", "details": {"message": "Discovering cached indicator arrays"}}
{"timestamp": "2026-10-04 09:00:09 UTC", "ts": 1791104409.145243, "from_stage": "FEATURE_DISCOVERY", "to_stage": "FEATURE_PRECOMPUTATION", "details": {"message": "Precomputing features for 1 datasets"}}
{"timestamp": "2026-10-04 09:00:09 UTC", "ts": 1791104409.258054, "from_stage": "FEATURE_PRECOMPUTATION", "to_stage": "FEATURE_VALIDATION", "details": {"message": "Verifying column schemas and row counts"}}
{"timestamp": "2026-10-04 09:00:09 UTC", "ts": 1791104409.260404, "from_stage": "FEATURE_VALIDATION", "to_stage": "BLOCKED", "details": {"reason": "Feature validation failed", "action": "HALT_RESEARCH"}}
{"timestamp": "2026-10-04 09:00:09 UTC", "ts": 1791104409.296876, "from_stage": "RESEARCH", "to_stage": "BACKTESTING", "details": {"message": "Screening batch of 1 strategies"}}
{"timestamp": "2026-10-04 09:00:09 UTC", "ts": 1791104409.380696, "from_stage": "RESEARCH", "to_stage": "BACKTESTING", "details": {"message": "Screening batch of 1 strategies"}}
{"timestamp": "2026-10-04 09:00:10 UTC", "ts": 1791104410.341179, "from_stage": "DATA_SYNC", "to_stage": "DATA_VALIDATION", "details": {"test": true}}
{"timestamp": "2026-10-04 09:00:10 UTC", "ts": 1791104410.34382, "from_stage": "DATA_VALIDATION", "to_stage": "FEATURE_DISCOVERY", "details": {}}
{"timestamp": "2026-10-04 09:00:10 UTC", "ts": 1791104410.346385, "from_stage": "FEATURE_DISCOVERY", "to_stage": "FEATURE_PRECOMPUTATION", "details": {}}
{"timestamp": "2026-10-04 09:00:10 UTC", "ts": 1791104410.351875, "from_stage": "FEATURE_PRECOMPUTATION", "to_stage": "FEATURE_VALIDATION", "details": {}}
{"timestamp": "2026-10-04 09:00:10 UTC", "ts": 1791104410.354329, "from_stage": "FEATURE_VALIDATION", "to_stage": "DATASET_READY", "details": {}}
{"timestamp": "2026-10-04 09:00:10 UTC", "ts": 1791104410.356662, "from_stage": "DATASET_READY", "to_stage": "RESEARCH", "details": {}}
{"timestamp": "2026-10-04 09:00:10 UTC", "ts": 1791104410.370155, "from_stage": "INIT", "to_stage": "DATA_DISCOVERY", "details": {"message": "Scanning DATA_ROOT and discovering reusable artifacts"}}
{"timestamp": "2026-10-04 09:00:10 UTC", "ts": 1791104410.380269, "from_stage": "DATA_DISCOVERY", "to_stage": "DATA_SYNC", "details": {"message": "Market data sync initiated"}}
{"timestamp": "2026-10-04 09:00:10 UTC", "ts": 1791104410.389627, "from_stage": "DATA_SYNC", "to_stage": "DATA_VALIDATION", "details": {"message": "Validating bar ranges and OHLC integrity"}}
{"timestamp": "2026-10-04 09:00:10 UTC", "ts": 1791104410.395909, "from_stage": "DATA_VALIDATION", "to_stage": "FEATURE_DISCOVERY", "details": {"message": "Discovering cached indicator arrays"}}
{"timestamp": "2026-10-04 09:00:10 UTC", "ts": 1791104410.399551, "from_stage": "FEATURE_DISCOVERY", "to_stage": "FEATURE_PRECOMPUTATION", "details": {"message": "Precomputing features for 0 datasets"}}
{"timestamp": "2026-10-04 09:00:10 UTC", "ts": 1791104410.40214, "from_stage": "FEATURE_PRECOMPUTATION", "to_stage": "FEATURE_VALIDATION", "details": {"message": "Verifying column schemas and row counts"}}
{"timestamp": "2026-10-04 09:00:10 UTC", "ts": 1791104410.52904, "from_stage": "FEATURE_VALIDATION", "to_stage": "DATASET_REGISTRATION", "details": {"message": "All datasets and features registered in catalog"}}
{"timestamp": "2026-10-04 09:00:10 UTC", "ts": 1791104410.531145, "from_stage": "DATASET_REGISTRATION", "to_stage": "RESEARCH_INITIALIZATION", "details": {"message": "Initializing population and research loop"}}
{"timestamp": "2026-10-04 09:00:10 UTC", "ts": 1791104410.53345, "from_stage": "RESEARCH_INITIALIZATION", "to_stage": "RESEARCH", "details": {"message": "Starting research generation loop"}}
{"timestamp": "2026-10-04 09:00:10 UTC", "ts": 1791104410.537383, "from_stage": "DATA_SYNC", "to_stage": "RESEARCH", "details": {"reason": "Test transition"}}
{"timestamp": "2026-10-04 09:00:12 UTC", "ts": 1791104412.014906, "from_stage": "INIT", "to_stage": "DATA_DISCOVERY", "details": {"message": "Scanning DATA_ROOT and discovering reusable artifacts"}}
{"timestamp": "2026-10-04 09:00:12 UTC", "ts": 1791104412.024885, "from_stage": "DATA_DISCOVERY", "to_stage": "DATA_SYNC", "details": {"message": "Market data sync initiated"}}
{"timestamp": "2026-10-04 09:00:12 UTC", "ts": 1791104412.040418, "from_stage": "DATA_SYNC", "to_stage": "DATA_VALIDATION", "details": {"message": "Validating bar ranges and OHLC integrity"}}
{"timestamp": "2026-10-04 09:00:12 UTC", "ts": 1791104412.053905, "from_stage": "DATA_VALIDATION", "to_stage": "FEATURE_DISCOVERY", "details": {"message": "Discovering cached indicator arrays"}}
{"timestamp": "2026-10-04 09:00:12 UTC", "ts": 1791104412.060978, "from_stage": "FEATURE_DISCOVERY", "to_stage": "FEATURE_PRECOMPUTATION", "details": {"message": "Precomputing features for 0 datasets"}}
{"timestamp": "2026-10-04 09:00:12 UTC", "ts": 1791104412.067111, "from_stage": "FEATURE_PRECOMPUTATION", "to_stage": "FEATURE_VALIDATION", "details": {"message": "Verifying column schemas and row counts"}}
{"timestamp": "2026-10-04 09:00:12 UTC", "ts": 1791104412.076792, "from_stage": "INIT", "to_stage": "DATA_DISCOVERY", "details": {"message": "Scanning DATA_ROOT and discovering reusable artifacts"}}
{"timestamp": "2026-10-04 09:00:12 UTC", "ts": 1791104412.088515, "from_stage": "FEATURE_VALIDATION", "to_stage": "DATASET_REGISTRATION", "details": {"message": "All datasets and features registered in catalog"}}
{"timestamp": "2026-10-04 09:00:12 UTC", "ts": 1791104412.094164, "from_stage": "DATA_DISCOVERY", "to_stage": "DATA_SYNC", "details": {"message": "Market data sync initiated"}}
{"timestamp": "2026-10-04 09:00:12 UTC", "ts": 1791104412.102643, "from_stage": "DATASET_REGISTRATION", "to_stage": "RESEARCH_INITIALIZATION", "details": {"message": "Initializing population and research loop"}}
{"timestamp": "2026-10-04 09:00:12 UTC", "ts": 1791104412.111, "from_stage": "INIT", "to_stage": "DATA_DISCOVERY", "details": {"message": "Scanning DATA_ROOT and discovering reusable artifacts"}}
{"timestamp": "2026-10-04 09:00:12 UTC", "ts": 1791104412.121068, "from_stage": "RESEARCH_INITIALIZATION", "to_stage": "RESEARCH", "details": {"message": "Starting research generation loop"}}
{"timestamp": "2026-10-04 09:00:12 UTC", "ts": 1791104412.132047, "from_stage": "DATA_SYNC", "to_stage": "DATA_VALIDATION", "details": {"message": "Validating bar ranges and OHLC integrity"}}
{"timestamp": "2026-10-04 09:00:12 UTC", "ts": 1791104412.144659, "from_stage": "DATA_DISCOVERY", "to_stage": "DATA_SYNC", "details": {"message": "Market data sync initiated"}}
{"timestamp": "2026-10-04 09:00:12 UTC", "ts": 1791104412.168365, "from_stage": "DATA_SYNC", "to_stage": "DATA_VALIDATION", "details": {"message": "Validating bar ranges and OHLC integrity"}}
{"timestamp": "2026-10-04 09:00:12 UTC", "ts": 1791104412.174914, "from_stage": "DATA_VALIDATION", "to_stage": "FEATURE_DISCOVERY", "details": {"message": "Discovering cached indicator arrays"}}
{"timestamp": "2026-10-04 09:00:12 UTC", "ts": 1791104412.178942, "from_stage": "FEATURE_DISCOVERY", "to_stage": "FEATURE_PRECOMPUTATION", "details": {"message": "Precomputing features for 0 datasets"}}
{"timestamp": "2026-10-04 09:00:12 UTC", "ts": 1791104412.193113, "from_stage": "FEATURE_PRECOMPUTATION", "to_stage": "FEATURE_VALIDATION", "details": {"message": "Verifying column schemas and row counts"}}
{"timestamp": "2026-10-04 09:00:12 UTC", "ts": 1791104412.195541, "from_stage": "DATA_VALIDATION", "to_stage": "FEATURE_DISCOVERY", "details": {"message": "Discovering cached indicator arrays"}}
{"timestamp": "2026-10-04 09:00:12 UTC", "ts": 1791104412.216597, "from_stage": "FEATURE_DISCOVERY", "to_stage": "FEATURE_PRECOMPUTATION", "details": {"message": "Precomputing features for 0 datasets"}}
{"timestamp": "2026-10-04 09:00:12 UTC", "ts": 1791104412.232847, "from_stage": "FEATURE_PRECOMPUTATION", "to_stage": "FEATURE_VALIDATION", "details": {"message": "Verifying column schemas and row counts"}}
{"timestamp": "2026-10-04 09:00:12 UTC", "ts": 1791104412.240366, "from_stage": "FEATURE_VALIDATION", "to_stage": "DATASET_REGISTRATION", "details": {"message": "All datasets and features registered in catalog"}}
{"timestamp": "2026-10-04 09:00:12 UTC", "ts": 1791104412.252051, "from_stage": "DATASET_REGISTRATION", "to_stage": "RESEARCH_INITIALIZATION", "details": {"message": "Initializing population and research loop"}}
{"timestamp": "2026-10-04 09:00:12 UTC", "ts": 1791104412.256055, "from_stage": "RESEARCH_INITIALIZATION", "to_stage": "RESEARCH", "details": {"message": "Starting research generation loop"}}
{"timestamp": "2026-10-04 09:00:12 UTC", "ts": 1791104412.277656, "from_stage": "FEATURE_VALIDATION", "to_stage": "DATASET_REGISTRATION", "details": {"message": "All datasets and features registered in catalog"}}
{"timestamp": "2026-10-04 09:00:12 UTC", "ts": 1791104412.291037, "from_stage": "DATASET_REGISTRATION", "to_stage": "RESEARCH_INITIALIZATION", "details": {"message": "Initializing population and research loop"}}
{"timestamp": "2026-10-04 09:00:12 UTC", "ts": 1791104412.306722, "from_stage": "RESEARCH_INITIALIZATION", "to_stage": "RESEARCH", "details": {"message": "Starting research generation loop"}}
{"timestamp": "2026-10-04 09:00:12 UTC", "ts": 1791104412.373639, "from_stage": "NODE_GENERATION", "to_stage": "EVALUATION", "details": {"nodes": 100}}
{"timestamp": "2026-10-04 09:00:12 UTC", "ts": 1791104412.600331, "from_stage": "RESEARCH", "to_stage": "BACKTESTING", "details": {"message": "Screening batch of 8 strategies"}}
{"timestamp": "2026-10-04 09:00:12 UTC", "ts": 1791104412.815497, "from_stage": "RESEARCH", "to_stage": "BACKTESTING", "details": {"message": "Screening batch of 6 strategies"}}
{"timestamp": "2026-10-04 09:00:12 UTC", "ts": 1791104412.848126, "from_stage": "RESEARCH", "to_stage": "BACKTESTING", "details": {"message": "Screening batch of 5 strategies"}}
{"timestamp": "2026-10-04 09:00:13 UTC", "ts": 1791104413.865228, "from_stage": "BACKTESTING", "to_stage": "VALIDATION", "details": {"message": "Advancing from detailed testing to validation"}}
{"timestamp": "2026-10-04 09:00:13 UTC", "ts": 1791104413.867795, "from_stage": "VALIDATION", "to_stage": "VALIDATION", "details": {"reason": "Advancing 3 candidate strategies to validation", "current_nodes": 787, "target": 200}}
{"timestamp": "2026-10-04 09:00:13 UTC", "ts": 1791104413.871281, "from_stage": "VALIDATION", "to_stage": "VALIDATION", "details": {"reason": "Advancing 3 candidate strategies to validation", "current_nodes": 787, "target": 200}}
{"timestamp": "2026-10-04 09:00:13 UTC", "ts": 1791104413.925689, "from_stage": "BACKTESTING", "to_stage": "VALIDATION", "details": {"message": "Advancing from detailed testing to validation"}}
{"timestamp": "2026-10-04 09:00:13 UTC", "ts": 1791104413.93833, "from_stage": "VALIDATION", "to_stage": "QUALIFICATION", "details": {"message": "Advancing to qualification and specialization"}}
{"timestamp": "2026-10-04 09:00:13 UTC", "ts": 1791104413.953656, "from_stage": "VALIDATION", "to_stage": "QUALIFICATION", "details": {"message": "Advancing to qualification and specialization"}}
{"timestamp": "2026-10-04 09:00:13 UTC", "ts": 1791104413.988224, "from_stage": "QUALIFICATION", "to_stage": "VALIDATION", "details": {"reason": "Advancing 3 candidate strategies to validation", "current_nodes": 787, "target": 200}}
{"timestamp": "2026-10-04 09:00:14 UTC", "ts": 1791104414.049745, "from_stage": "VALIDATION", "to_stage": "QUALIFICATION", "details": {"message": "Advancing to qualification and specialization"}}
{"timestamp": "2026-10-04 09:00:14 UTC", "ts": 1791104414.363125, "from_stage": "QUALIFICATION", "to_stage": "EVOLUTION", "details": {"reason": "Specialization pass complete; advancing to generation evaluation", "current_nodes": 787, "target": 200}}
{"timestamp": "2026-10-04 09:00:14 UTC", "ts": 1791104414.393789, "from_stage": "QUALIFICATION", "to_stage": "EVOLUTION", "details": {"reason": "Specialization pass complete; advancing to generation evaluation", "current_nodes": 787, "target": 200}}
{"timestamp": "2026-10-04 09:00:14 UTC", "ts": 1791104414.465171, "from_stage": "QUALIFICATION", "to_stage": "EVOLUTION", "details": {"reason": "Specialization pass complete; advancing to generation evaluation", "current_nodes": 787, "target": 200}}
{"timestamp": "2026-10-04 14:31:54 UTC", "ts": 1791124314.508021, "from_stage": "INIT", "to_stage": "DATA_DISCOVERY", "details": {"message": "Scanning DATA_ROOT and discovering reusable artifacts"}}
{"timestamp": "2026-10-04 14:31:54 UTC", "ts": 1791124314.544866, "from_stage": "INIT", "to_stage": "DATA_DISCOVERY", "details": {"message": "Scanning DATA_ROOT and discovering reusable artifacts"}}
{"timestamp": "2026-10-04 14:31:54 UTC", "ts": 1791124314.573486, "from_stage": "DATA_DISCOVERY", "to_stage": "DATA_SYNC", "details": {"message": "Market data sync initiated"}}
{"timestamp": "2026-10-04 14:31:54 UTC", "ts": 1791124314.63761, "from_stage": "INIT", "to_stage": "DATA_DISCOVERY", "details": {"message": "Scanning DATA_ROOT and discovering reusable artifacts"}}
{"timestamp": "2026-10-04 14:31:54 UTC", "ts": 1791124314.802849, "from_stage": "DATA_DISCOVERY", "to_stage": "DATA_SYNC", "details": {"message": "Market data sync initiated"}}
{"timestamp": "2026-10-04 14:31:54 UTC", "ts": 1791124314.963001, "from_stage": "DATA_SYNC", "to_stage": "DATA_VALIDATION", "details": {"message": "Validating bar ranges and OHLC integrity"}}
{"timestamp": "2026-10-04 14:31:55 UTC", "ts": 1791124315.010934, "from_stage": "DATA_DISCOVERY", "to_stage": "DATA_SYNC", "details": {"message": "Market data sync initiated"}}
{"timestamp": "2026-10-04 14:31:55 UTC", "ts": 1791124315.032781, "from_stage": "DATA_SYNC", "to_stage": "DATA_VALIDATION", "details": {"message": "Validating bar ranges and OHLC integrity"}}
{"timestamp": "2026-10-04 14:31:55 UTC", "ts": 1791124315.038149, "from_stage": "DATA_VALIDATION", "to_stage": "FEATURE_DISCOVERY", "details": {"message": "Discovering cached indicator arrays"}}
{"timestamp": "2026-10-04 14:31:55 UTC", "ts": 1791124315.117834, "from_stage": "DATA_VALIDATION", "to_stage": "FEATURE_DISCOVERY", "details": {"message": "Discovering cached indicator arrays"}}
{"timestamp": "2026-10-04 14:31:55 UTC", "ts": 1791124315.136936, "from_stage": "DATA_SYNC", "to_stage": "DATA_VALIDATION", "details": {"message": "Validating bar ranges and OHLC integrity"}}
{"timestamp": "2026-10-04 14:31:55 UTC", "ts": 1791124315.139149, "from_stage": "NODE_GENERATION", "to_stage": "EVALUATION", "details": {"nodes": 100}}
{"timestamp": "2026-10-04 14:31:55 UTC", "ts": 1791124315.176424, "from_stage": "DATA_VALIDATION", "to_stage": "FEATURE_DISCOVERY", "details": {"message": "Discovering cached indicator arrays"}}
{"timestamp": "2026-10-04 14:31:55 UTC", "ts": 1791124315.281389, "from_stage": "FEATURE_DISCOVERY", "to_stage": "FEATURE_PRECOMPUTATION", "details": {"message": "Precomputing features for 0 datasets"}}
{"timestamp": "2026-10-04 14:31:55 UTC", "ts": 1791124315.2957, "from_stage": "FEATURE_DISCOVERY", "to_stage": "FEATURE_PRECOMPUTATION", "details": {"message": "Precomputing features for 0 datasets"}}
{"timestamp": "2026-10-04 14:31:55 UTC", "ts": 1791124315.299475, "from_stage": "FEATURE_PRECOMPUTATION", "to_stage": "FEATURE_VALIDATION", "details": {"message": "Verifying column schemas and row counts"}}
{"timestamp": "2026-10-04 14:31:55 UTC", "ts": 1791124315.315893, "from_stage": "FEATURE_DISCOVERY", "to_stage": "FEATURE_PRECOMPUTATION", "details": {"message": "Precomputing features for 0 datasets"}}
{"timestamp": "2026-10-04 14:31:55 UTC", "ts": 1791124315.325209, "from_stage": "FEATURE_PRECOMPUTATION", "to_stage": "FEATURE_VALIDATION", "details": {"message": "Verifying column schemas and row counts"}}
{"timestamp": "2026-10-04 14:31:55 UTC", "ts": 1791124315.342355, "from_stage": "FEATURE_PRECOMPUTATION", "to_stage": "FEATURE_VALIDATION", "details": {"message": "Verifying column schemas and row counts"}}
{"timestamp": "2026-10-04 14:31:55 UTC", "ts": 1791124315.360645, "from_stage": "FEATURE_VALIDATION", "to_stage": "DATASET_REGISTRATION", "details": {"message": "All datasets and features registered in catalog"}}
{"timestamp": "2026-10-04 14:31:55 UTC", "ts": 1791124315.442397, "from_stage": "DATASET_REGISTRATION", "to_stage": "RESEARCH_INITIALIZATION", "details": {"message": "Initializing population and research loop"}}
{"timestamp": "2026-10-04 14:31:55 UTC", "ts": 1791124315.451557, "from_stage": "FEATURE_VALIDATION", "to_stage": "DATASET_REGISTRATION", "details": {"message": "All datasets and features registered in catalog"}}
{"timestamp": "2026-10-04 14:31:55 UTC", "ts": 1791124315.494986, "from_stage": "DATASET_REGISTRATION", "to_stage": "RESEARCH_INITIALIZATION", "details": {"message": "Initializing population and research loop"}}
{"timestamp": "2026-10-04 14:31:55 UTC", "ts": 1791124315.50537, "from_stage": "RESEARCH_INITIALIZATION", "to_stage": "RESEARCH", "details": {"message": "Starting research generation loop"}}
{"timestamp": "2026-10-04 14:31:55 UTC", "ts": 1791124315.578747, "from_stage": "FEATURE_VALIDATION", "to_stage": "DATASET_REGISTRATION", "details": {"message": "All datasets and features registered in catalog"}}
{"timestamp": "2026-10-04 14:32:54 UTC", "ts": 1791124374.468002, "from_stage": "RESEARCH", "to_stage": "BACKTESTING", "details": {"reason": "5 nodes ready for screening", "current_nodes": 5, "target": 50}}
{"timestamp": "2026-10-04 14:32:58 UTC", "ts": 1791124378.039438, "from_stage": "DATA_SYNC", "to_stage": "DATA_VALIDATION", "details": {}}
{"timestamp": "2026-10-04 14:32:58 UTC", "ts": 1791124378.041595, "from_stage": "DATA_VALIDATION", "to_stage": "FEATURE_DISCOVERY", "details": {}}
{"timestamp": "2026-10-04 14:32:58 UTC", "ts": 1791124378.043812, "from_stage": "FEATURE_DISCOVERY", "to_stage": "FEATURE_PRECOMPUTATION", "details": {}}
{"timestamp": "2026-10-04 14:32:58 UTC", "ts": 1791124378.050116, "from_stage": "FEATURE_PRECOMPUTATION", "to_stage": "FEATURE_VALIDATION", "details": {"message": "Verifying column schemas"}}
{"timestamp": "2026-10-04 14:32:58 UTC", "ts": 1791124378.052599, "from_stage": "FEATURE_VALIDATION", "to_stage": "DATASET_REGISTRATION", "details": {"message": "Registering dataset"}}
{"timestamp": "2026-10-04 14:32:58 UTC", "ts": 1791124378.054801, "from_stage": "DATASET_REGISTRATION", "to_stage": "RESEARCH_INITIALIZATION", "details": {"message": "Initializing population"}}
{"timestamp": "2026-10-04 14:32:58 UTC", "ts": 1791124378.056999, "from_stage": "RESEARCH_INITIALIZATION", "to_stage": "NODE_GENERATION", "details": {"message": "Generating candidates"}}
{"timestamp": "2026-10-04 14:32:58 UTC", "ts": 1791124378.059515, "from_stage": "NODE_GENERATION", "to_stage": "NODE_EVALUATION", "details": {"message": "Screening candidate nodes"}}
{"timestamp": "2026-10-04 14:33:06 UTC", "ts": 1791124386.337858, "from_stage": "DATA_SYNC", "to_stage": "DATA_VALIDATION", "details": {"test": true}}
{"timestamp": "2026-10-04 14:33:06 UTC", "ts": 1791124386.340026, "from_stage": "DATA_VALIDATION", "to_stage": "FEATURE_DISCOVERY", "details": {}}
{"timestamp": "2026-10-04 14:33:06 UTC", "ts": 1791124386.341926, "from_stage": "FEATURE_DISCOVERY", "to_stage": "FEATURE_PRECOMPUTATION", "details": {}}
{"timestamp": "2026-10-04 14:33:06 UTC", "ts": 1791124386.346909, "from_stage": "FEATURE_PRECOMPUTATION", "to_stage": "FEATURE_VALIDATION", "details": {}}
{"timestamp": "2026-10-04 14:33:06 UTC", "ts": 1791124386.34892, "from_stage": "FEATURE_VALIDATION", "to_stage": "DATASET_READY", "details": {}}
{"timestamp": "2026-10-04 14:33:06 UTC", "ts": 1791124386.350906, "from_stage": "DATASET_READY", "to_stage": "RESEARCH", "details": {}}
{"timestamp": "2026-10-04 14:33:06 UTC", "ts": 1791124386.363399, "from_stage": "INIT", "to_stage": "DATA_DISCOVERY", "details": {"message": "Scanning DATA_ROOT and discovering reusable artifacts"}}
{"timestamp": "2026-10-04 14:33:06 UTC", "ts": 1791124386.372378, "from_stage": "DATA_DISCOVERY", "to_stage": "DATA_SYNC", "details": {"message": "Market data sync initiated"}}
{"timestamp": "2026-10-04 14:33:06 UTC", "ts": 1791124386.569287, "from_stage": "DATA_SYNC", "to_stage": "DATA_VALIDATION", "details": {"message": "Validating bar ranges and OHLC integrity"}}
{"timestamp": "2026-10-04 14:33:06 UTC", "ts": 1791124386.57581, "from_stage": "DATA_VALIDATION", "to_stage": "FEATURE_DISCOVERY", "details": {"message": "Discovering cached indicator arrays"}}
{"timestamp": "2026-10-04 14:33:06 UTC", "ts": 1791124386.57938, "from_stage": "FEATURE_DISCOVERY", "to_stage": "FEATURE_PRECOMPUTATION", "details": {"message": "Precomputing features for 1 datasets"}}
{"timestamp": "2026-10-04 14:33:06 UTC", "ts": 1791124386.585975, "from_stage": "FEATURE_PRECOMPUTATION", "to_stage": "FEATURE_VALIDATION", "details": {"message": "Verifying column schemas and row counts"}}
{"timestamp": "2026-10-04 14:33:06 UTC", "ts": 1791124386.589014, "from_stage": "FEATURE_VALIDATION", "to_stage": "BLOCKED", "details": {"reason": "Feature validation failed", "action": "HALT_RESEARCH"}}
{"timestamp": "2026-10-04 14:33:06 UTC", "ts": 1791124386.596423, "from_stage": "DATA_SYNC", "to_stage": "RESEARCH", "details": {"reason": "Test transition"}}
{"timestamp": "2026-10-04 14:33:09 UTC", "ts": 1791124389.314516, "from_stage": "INIT", "to_stage": "DATA_DISCOVERY", "details": {"message": "Scanning DATA_ROOT and discovering reusable artifacts"}}
{"timestamp": "2026-10-04 14:33:09 UTC", "ts": 1791124389.331577, "from_stage": "DATA_DISCOVERY", "to_stage": "DATA_SYNC", "details": {"message": "Market data sync initiated"}}
{"timestamp": "2026-10-04 14:33:09 UTC", "ts": 1791124389.365481, "from_stage": "DATA_SYNC", "to_stage": "DATA_VALIDATION", "details": {"message": "Validating bar ranges and OHLC integrity"}}
{"timestamp": "2026-10-04 14:33:09 UTC", "ts": 1791124389.377683, "from_stage": "INIT", "to_stage": "DATA_DISCOVERY", "details": {"message": "Scanning DATA_ROOT and discovering reusable artifacts"}}
{"timestamp": "2026-10-04 14:33:09 UTC", "ts": 1791124389.385709, "from_stage": "DATA_VALIDATION", "to_stage": "FEATURE_DISCOVERY", "details": {"message": "Discovering cached indicator arrays"}}
{"timestamp": "2026-10-04 14:33:09 UTC", "ts": 1791124389.3962, "from_stage": "FEATURE_DISCOVERY", "to_stage": "FEATURE_PRECOMPUTATION", "details": {"message": "Precomputing features for 1 datasets"}}
{"timestamp": "2026-10-04 14:33:09 UTC", "ts": 1791124389.408911, "from_stage": "DATA_DISCOVERY", "to_stage": "DATA_SYNC", "details": {"message": "Market data sync initiated"}}
{"timestamp": "2026-10-04 14:33:09 UTC", "ts": 1791124389.424593, "from_stage": "FEATURE_PRECOMPUTATION", "to_stage": "FEATURE_VALIDATION", "details": {"message": "Verifying column schemas and row counts"}}
{"timestamp": "2026-10-04 14:33:09 UTC", "ts": 1791124389.438907, "from_stage": "INIT", "to_stage": "DATA_DISCOVERY", "details": {"message": "Scanning DATA_ROOT and discovering reusable artifacts"}}
{"timestamp": "2026-10-04 14:33:09 UTC", "ts": 1791124389.442616, "from_stage": "FEATURE_VALIDATION", "to_stage": "BLOCKED", "details": {"reason": "Feature validation failed", "action": "HALT_RESEARCH"}}
{"timestamp": "2026-10-04 14:33:09 UTC", "ts": 1791124389.446363, "from_stage": "DATA_SYNC", "to_stage": "DATA_VALIDATION", "details": {"message": "Validating bar ranges and OHLC integrity"}}
{"timestamp": "2026-10-04 14:33:09 UTC", "ts": 1791124389.464708, "from_stage": "DATA_DISCOVERY", "to_stage": "DATA_SYNC", "details": {"message": "Market data sync initiated"}}
{"timestamp": "2026-10-04 14:33:09 UTC", "ts": 1791124389.468805, "from_stage": "DATA_VALIDATION", "to_stage": "FEATURE_DISCOVERY", "details": {"message": "Discovering cached indicator arrays"}}
{"timestamp": "2026-10-04 14:33:09 UTC", "ts": 1791124389.479798, "from_stage": "FEATURE_DISCOVERY", "to_stage": "FEATURE_PRECOMPUTATION", "details": {"message": "Precomputing features for 1 datasets"}}
{"timestamp": "2026-10-04 14:33:09 UTC", "ts": 1791124389.492114, "from_stage": "DATA_SYNC", "to_stage": "DATA_VALIDATION", "details": {"message": "Validating bar ranges and OHLC integrity"}}
{"timestamp": "2026-10-04 14:33:09 UTC", "ts": 1791124389.50205, "from_stage": "FEATURE_PRECOMPUTATION", "to_stage": "FEATURE_VALIDATION", "details": {"message": "Verifying column schemas and row counts"}}
{"timestamp": "2026-10-04 14:33:09 UTC", "ts": 1791124389.509757, "from_stage": "FEATURE_VALIDATION", "to_stage": "BLOCKED", "details": {"reason": "Feature validation failed", "action": "HALT_RESEARCH"}}
{"timestamp": "2026-10-04 14:33:09 UTC", "ts": 1791124389.520292, "from_stage": "DATA_VALIDATION", "to_stage": "FEATURE_DISCOVERY", "details": {"message": "Discovering cached indicator arrays"}}
{"timestamp": "2026-10-04 14:33:09 UTC", "ts": 1791124389.542109, "from_stage": "FEATURE_DISCOVERY", "to_stage": "FEATURE_PRECOMPUTATION", "details": {"message": "Precomputing features for 1 datasets"}}
{"timestamp": "2026-10-04 14:33:09 UTC", "ts": 1791124389.55639, "from_stage": "NODE_GENERATION", "to_stage": "EVALUATION", "details": {"nodes": 100}}
{"timestamp": "2026-10-04 14:33:09 UTC", "ts": 1791124389.55932, "from_stage": "FEATURE_PRECOMPUTATION", "to_stage": "FEATURE_VALIDATION", "details": {"message": "Verifying column schemas and row counts"}}
{"timestamp": "2026-10-04 14:33:09 UTC", "ts": 1791124389.563315, "from_stage": "FEATURE_VALIDATION", "to_stage": "BLOCKED", "details": {"reason": "Feature validation failed", "action": "HALT_RESEARCH"}}
{"timestamp": "2026-10-04 14:34:16 UTC", "ts": 1791124456.451768, "from_stage": "DATA_SYNC", "to_stage": "DATA_VALIDATION", "details": {}}
{"timestamp": "2026-10-04 14:34:16 UTC", "ts": 1791124456.454226, "from_stage": "DATA_VALIDATION", "to_stage": "FEATURE_DISCOVERY", "details": {}}
{"timestamp": "2026-10-04 14:34:16 UTC", "ts": 1791124456.456752, "from_stage": "FEATURE_DISCOVERY", "to_stage": "FEATURE_PRECOMPUTATION", "details": {}}
{"timestamp": "2026-10-04 14:34:16 UTC", "ts": 1791124456.459633, "from_stage": "FEATURE_PRECOMPUTATION", "to_stage": "FEATURE_VALIDATION", "details": {"message": "Verifying column schemas"}}
{"timestamp": "2026-10-04 14:34:16 UTC", "ts": 1791124456.461847, "from_stage": "FEATURE_VALIDATION", "to_stage": "DATASET_REGISTRATION", "details": {"message": "Registering dataset"}}
{"timestamp": "2026-10-04 14:34:16 UTC", "ts": 1791124456.464424, "from_stage": "DATASET_REGISTRATION", "to_stage": "RESEARCH_INITIALIZATION", "details": {"message": "Initializing population"}}
{"timestamp": "2026-10-04 14:34:16 UTC", "ts": 1791124456.46681, "from_stage": "RESEARCH_INITIALIZATION", "to_stage": "NODE_GENERATION", "details": {"message": "Generating candidates"}}
{"timestamp": "2026-10-04 14:34:16 UTC", "ts": 1791124456.469318, "from_stage": "NODE_GENERATION", "to_stage": "NODE_EVALUATION", "details": {"message": "Screening candidate nodes"}}
{"timestamp": "2026-10-04 14:35:13 UTC", "ts": 1791124513.550157, "from_stage": "INIT", "to_stage": "DATA_DISCOVERY", "details": {"message": "Scanning DATA_ROOT and discovering reusable artifacts"}}
{"timestamp": "2026-10-04 14:35:13 UTC", "ts": 1791124513.557976, "from_stage": "DATA_DISCOVERY", "to_stage": "DATA_SYNC", "details": {"message": "Market data sync initiated"}}
{"timestamp": "2026-10-04 14:35:13 UTC", "ts": 1791124513.764788, "from_stage": "DATA_SYNC", "to_stage": "DATA_VALIDATION", "details": {"message": "Validating bar ranges and OHLC integrity"}}
{"timestamp": "2026-10-04 14:35:13 UTC", "ts": 1791124513.765768, "from_stage": "DATA_VALIDATION", "to_stage": "FEATURE_DISCOVERY", "details": {"message": "Discovering cached indicator arrays"}}
{"timestamp": "2026-10-04 14:35:13 UTC", "ts": 1791124513.76696, "from_stage": "FEATURE_DISCOVERY", "to_stage": "FEATURE_PRECOMPUTATION", "details": {"message": "Precomputing features for 2 datasets"}}
{"timestamp": "2026-10-04 14:35:13 UTC", "ts": 1791124513.907828, "from_stage": "FEATURE_PRECOMPUTATION", "to_stage": "FEATURE_VALIDATION", "details": {"message": "Verifying column schemas and row counts"}}
{"timestamp": "2026-10-04 14:35:13 UTC", "ts": 1791124513.908496, "from_stage": "FEATURE_VALIDATION", "to_stage": "BLOCKED", "details": {"reason": "Feature validation failed", "action": "HALT_RESEARCH"}}
{"timestamp": "2026-10-04 14:35:13 UTC", "ts": 1791124513.944414, "from_stage": "RESEARCH", "to_stage": "BACKTESTING", "details": {"message": "Screening batch of 1 strategies"}}
{"timestamp": "2026-10-04 14:35:14 UTC", "ts": 1791124514.031579, "from_stage": "RESEARCH", "to_stage": "BACKTESTING", "details": {"message": "Screening batch of 1 strategies"}}
{"timestamp": "2026-10-04 14:35:19 UTC", "ts": 1791124519.021897, "from_stage": "DATA_SYNC", "to_stage": "DATA_VALIDATION", "details": {"test": true}}
{"timestamp": "2026-10-04 14:35:19 UTC", "ts": 1791124519.02406, "from_stage": "DATA_VALIDATION", "to_stage": "FEATURE_DISCOVERY", "details": {}}
{"timestamp": "2026-10-04 14:35:19 UTC", "ts": 1791124519.026095, "from_stage": "FEATURE_DISCOVERY", "to_stage": "FEATURE_PRECOMPUTATION", "details": {}}
{"timestamp": "2026-10-04 14:35:19 UTC", "ts": 1791124519.028137, "from_stage": "FEATURE_PRECOMPUTATION", "to_stage": "FEATURE_VALIDATION", "details": {}}
{"timestamp": "2026-10-04 14:35:19 UTC", "ts": 1791124519.030152, "from_stage": "FEATURE_VALIDATION", "to_stage": "DATASET_READY", "details": {}}
{"timestamp": "2026-10-04 14:35:19 UTC", "ts": 1791124519.03219, "from_stage": "DATASET_READY", "to_stage": "RESEARCH", "details": {}}
{"timestamp": "2026-10-04 14:35:19 UTC", "ts": 1791124519.102705, "from_stage": "INIT", "to_stage": "DATA_DISCOVERY", "details": {"message": "Scanning DATA_ROOT and discovering reusable artifacts"}}
{"timestamp": "2026-10-04 14:35:19 UTC", "ts": 1791124519.12179, "from_stage": "DATA_DISCOVERY", "to_stage": "DATA_SYNC", "details": {"message": "Market data sync initiated"}}
{"timestamp": "2026-10-04 14:35:19 UTC", "ts": 1791124519.315206, "from_stage": "DATA_SYNC", "to_stage": "DATA_VALIDATION", "details": {"message": "Validating bar ranges and OHLC integrity"}}
{"timestamp": "2026-10-04 14:35:19 UTC", "ts": 1791124519.322385, "from_stage": "DATA_VALIDATION", "to_stage": "FEATURE_DISCOVERY", "details": {"message": "Discovering cached indicator arrays"}}
{"timestamp": "2026-10-04 14:35:19 UTC", "ts": 1791124519.365296, "from_stage": "FEATURE_DISCOVERY", "to_stage": "FEATURE_PRECOMPUTATION", "details": {"message": "Precomputing features for 1 datasets"}}
{"timestamp": "2026-10-04 14:35:19 UTC", "ts": 1791124519.477717, "from_stage": "FEATURE_PRECOMPUTATION", "to_stage": "FEATURE_VALIDATION", "details": {"message": "Verifying column schemas and row counts"}}
{"timestamp": "2026-10-04 14:35:19 UTC", "ts": 1791124519.49117, "from_stage": "FEATURE_VALIDATION", "to_stage": "DATASET_REGISTRATION", "details": {"message": "All datasets and features registered in catalog"}}
{"timestamp": "2026-10-04 14:35:19 UTC", "ts": 1791124519.493877, "from_stage": "DATASET_REGISTRATION", "to_stage": "RESEARCH_INITIALIZATION", "details": {"message": "Initializing population and research loop"}}
{"timestamp": "2026-10-04 14:35:19 UTC", "ts": 1791124519.496119, "from_stage": "RESEARCH_INITIALIZATION", "to_stage": "RESEARCH", "details": {"message": "Starting research generation loop"}}
{"timestamp": "2026-10-04 14:38:14 UTC", "ts": 1791124694.403211, "from_stage": "INIT", "to_stage": "DATA_DISCOVERY", "details": {"message": "Scanning DATA_ROOT and discovering reusable artifacts"}}
{"timestamp": "2026-10-04 14:38:14 UTC", "ts": 1791124694.467283, "from_stage": "INIT", "to_stage": "DATA_DISCOVERY", "details": {"message": "Scanning DATA_ROOT and discovering reusable artifacts"}}
{"timestamp": "2026-10-04 14:38:14 UTC", "ts": 1791124694.496991, "from_stage": "DATA_DISCOVERY", "to_stage": "DATA_SYNC", "details": {"message": "Market data sync initiated"}}
{"timestamp": "2026-10-04 14:38:14 UTC", "ts": 1791124694.70463, "from_stage": "INIT", "to_stage": "DATA_DISCOVERY", "details": {"message": "Scanning DATA_ROOT and discovering reusable artifacts"}}
{"timestamp": "2026-10-04 14:38:14 UTC", "ts": 1791124694.712584, "from_stage": "DATA_DISCOVERY", "to_stage": "DATA_SYNC", "details": {"message": "Market data sync initiated"}}
{"timestamp": "2026-10-04 14:38:14 UTC", "ts": 1791124694.927624, "from_stage": "DATA_SYNC", "to_stage": "DATA_VALIDATION", "details": {"message": "Validating bar ranges and OHLC integrity"}}
{"timestamp": "2026-10-04 14:38:14 UTC", "ts": 1791124694.957913, "from_stage": "DATA_VALIDATION", "to_stage": "FEATURE_DISCOVERY", "details": {"message": "Discovering cached indicator arrays"}}
{"timestamp": "2026-10-04 14:38:14 UTC", "ts": 1791124694.985685, "from_stage": "DATA_SYNC", "to_stage": "DATA_VALIDATION", "details": {"message": "Validating bar ranges and OHLC integrity"}}
{"timestamp": "2026-10-04 14:38:15 UTC", "ts": 1791124695.004921, "from_stage": "DATA_DISCOVERY", "to_stage": "DATA_SYNC", "details": {"message": "Market data sync initiated"}}
{"timestamp": "2026-10-04 14:38:15 UTC", "ts": 1791124695.032481, "from_stage": "DATA_VALIDATION", "to_stage": "FEATURE_DISCOVERY", "details": {"message": "Discovering cached indicator arrays"}}
{"timestamp": "2026-10-04 14:38:15 UTC", "ts": 1791124695.097687, "from_stage": "DATA_SYNC", "to_stage": "DATA_VALIDATION", "details": {"message": "Validating bar ranges and OHLC integrity"}}
{"timestamp": "2026-10-04 14:38:15 UTC", "ts": 1791124695.122254, "from_stage": "FEATURE_DISCOVERY", "to_stage": "FEATURE_PRECOMPUTATION", "details": {"message": "Precomputing features for 0 datasets"}}
{"timestamp": "2026-10-04 14:38:15 UTC", "ts": 1791124695.124797, "from_stage": "FEATURE_PRECOMPUTATION", "to_stage": "FEATURE_VALIDATION", "details": {"message": "Verifying column schemas and row counts"}}
{"timestamp": "2026-10-04 14:38:15 UTC", "ts": 1791124695.134388, "from_stage": "FEATURE_DISCOVERY", "to_stage": "FEATURE_PRECOMPUTATION", "details": {"message": "Precomputing features for 0 datasets"}}
{"timestamp": "2026-10-04 14:38:15 UTC", "ts": 1791124695.143483, "from_stage": "FEATURE_PRECOMPUTATION", "to_stage": "FEATURE_VALIDATION", "details": {"message": "Verifying column schemas and row counts"}}
{"timestamp": "2026-10-04 14:38:15 UTC", "ts": 1791124695.143946, "from_stage": "NODE_GENERATION", "to_stage": "EVALUATION", "details": {"nodes": 100}}
{"timestamp": "2026-10-04 14:38:15 UTC", "ts": 1791124695.149683, "from_stage": "DATA_VALIDATION", "to_stage": "FEATURE_DISCOVERY", "details": {"message": "Discovering cached indicator arrays"}}
{"timestamp": "2026-10-04 14:38:15 UTC", "ts": 1791124695.155128, "from_stage": "FEATURE_VALIDATION", "to_stage": "DATASET_REGISTRATION", "details": {"message": "All datasets and features registered in catalog"}}
{"timestamp": "2026-10-04 14:38:15 UTC", "ts": 1791124695.1646, "from_stage": "DATASET_REGISTRATION", "to_stage": "RESEARCH_INITIALIZATION", "details": {"message": "Initializing population and research loop"}}
{"timestamp": "2026-10-04 14:38:15 UTC", "ts": 1791124695.168558, "from_stage": "FEATURE_DISCOVERY", "to_stage": "FEATURE_PRECOMPUTATION", "details": {"message": "Precomputing features for 0 datasets"}}
{"timestamp": "2026-10-04 14:38:15 UTC", "ts": 1791124695.172927, "from_stage": "FEATURE_VALIDATION", "to_stage": "DATASET_REGISTRATION", "details": {"message": "All datasets and features registered in catalog"}}
{"timestamp": "2026-10-04 14:38:15 UTC", "ts": 1791124695.177867, "from_stage": "RESEARCH_INITIALIZATION", "to_stage": "RESEARCH", "details": {"message": "Starting research generation loop"}}
{"timestamp": "2026-10-04 14:38:15 UTC", "ts": 1791124695.187669, "from_stage": "FEATURE_PRECOMPUTATION", "to_stage": "FEATURE_VALIDATION", "details": {"message": "Verifying column schemas and row counts"}}
{"timestamp": "2026-10-04 14:38:15 UTC", "ts": 1791124695.199398, "from_stage": "DATASET_REGISTRATION", "to_stage": "RESEARCH_INITIALIZATION", "details": {"message": "Initializing population and research loop"}}
{"timestamp": "2026-10-04 14:38:15 UTC", "ts": 1791124695.208503, "from_stage": "RESEARCH_INITIALIZATION", "to_stage": "RESEARCH", "details": {"message": "Starting research generation loop"}}
{"timestamp": "2026-10-04 14:38:15 UTC", "ts": 1791124695.22558, "from_stage": "FEATURE_VALIDATION", "to_stage": "DATASET_REGISTRATION", "details": {"message": "All datasets and features registered in catalog"}}
{"timestamp": "2026-10-04 14:38:15 UTC", "ts": 1791124695.235743, "from_stage": "DATASET_REGISTRATION", "to_stage": "RESEARCH_INITIALIZATION", "details": {"message": "Initializing population and research loop"}}
{"timestamp": "2026-10-04 14:38:15 UTC", "ts": 1791124695.327312, "from_stage": "RESEARCH_INITIALIZATION", "to_stage": "RESEARCH", "details": {"message": "Starting research generation loop"}}
{"timestamp": "2026-10-04 14:38:46 UTC", "ts": 1791124726.629576, "from_stage": "RESEARCH", "to_stage": "BACKTESTING", "details": {"reason": "5 nodes ready for screening", "current_nodes": 5, "target": 50}}
{"timestamp": "2026-10-04 14:38:54 UTC", "ts": 1791124734.548048, "from_stage": "DATA_SYNC", "to_stage": "RESEARCH", "details": {"reason": "Test transition"}}
{"timestamp": "2026-10-04 14:39:07 UTC", "ts": 1791124747.461936, "from_stage": "RESEARCH", "to_stage": "BACKTESTING", "details": {"reason": "5 nodes ready for screening", "current_nodes": 5, "target": 50}}
{"timestamp": "2026-10-04 14:39:10 UTC", "ts": 1791124750.476354, "from_stage": "DATA_SYNC", "to_stage": "DATA_VALIDATION", "details": {}}
{"timestamp": "2026-10-04 14:39:10 UTC", "ts": 1791124750.47889, "from_stage": "DATA_VALIDATION", "to_stage": "FEATURE_DISCOVERY", "details": {}}
{"timestamp": "2026-10-04 14:39:10 UTC", "ts": 1791124750.481221, "from_stage": "FEATURE_DISCOVERY", "to_stage": "FEATURE_PRECOMPUTATION", "details": {}}
{"timestamp": "2026-10-04 14:39:10 UTC", "ts": 1791124750.486465, "from_stage": "FEATURE_PRECOMPUTATION", "to_stage": "FEATURE_VALIDATION", "details": {"message": "Verifying column schemas"}}
{"timestamp": "2026-10-04 14:39:10 UTC", "ts": 1791124750.488636, "from_stage": "FEATURE_VALIDATION", "to_stage": "DATASET_REGISTRATION", "details": {"message": "Registering dataset"}}
{"timestamp": "2026-10-04 14:39:10 UTC", "ts": 1791124750.490898, "from_stage": "DATASET_REGISTRATION", "to_stage": "RESEARCH_INITIALIZATION", "details": {"message": "Initializing population"}}
{"timestamp": "2026-10-04 14:39:10 UTC", "ts": 1791124750.49294, "from_stage": "RESEARCH_INITIALIZATION", "to_stage": "NODE_GENERATION", "details": {"message": "Generating candidates"}}
{"timestamp": "2026-10-04 14:39:10 UTC", "ts": 1791124750.495024, "from_stage": "NODE_GENERATION", "to_stage": "NODE_EVALUATION", "details": {"message": "Screening candidate nodes"}}
{"timestamp": "2026-10-04 14:39:12 UTC", "ts": 1791124752.110964, "from_stage": "INIT", "to_stage": "DATA_DISCOVERY", "details": {"message": "Scanning DATA_ROOT and discovering reusable artifacts"}}
{"timestamp": "2026-10-04 14:39:12 UTC", "ts": 1791124752.119562, "from_stage": "DATA_DISCOVERY", "to_stage": "DATA_SYNC", "details": {"message": "Market data sync initiated"}}
{"timestamp": "2026-10-04 14:39:12 UTC", "ts": 1791124752.326142, "from_stage": "DATA_SYNC", "to_stage": "DATA_VALIDATION", "details": {"message": "Validating bar ranges and OHLC integrity"}}
{"timestamp": "2026-10-04 14:39:12 UTC", "ts": 1791124752.328451, "from_stage": "DATA_VALIDATION", "to_stage": "FEATURE_DISCOVERY", "details": {"message": "Discovering cached indicator arrays"}}
{"timestamp": "2026-10-04 14:39:12 UTC", "ts": 1791124752.330741, "from_stage": "FEATURE_DISCOVERY", "to_stage": "FEATURE_PRECOMPUTATION", "details": {"message": "Precomputing features for 1 datasets"}}
{"timestamp": "2026-10-04 14:39:12 UTC", "ts": 1791124752.437832, "from_stage": "FEATURE_PRECOMPUTATION", "to_stage": "FEATURE_VALIDATION", "details": {"message": "Verifying column schemas and row counts"}}
{"timestamp": "2026-10-04 14:39:12 UTC", "ts": 1791124752.439963, "from_stage": "FEATURE_VALIDATION", "to_stage": "BLOCKED", "details": {"reason": "Feature validation failed", "action": "HALT_RESEARCH"}}
{"timestamp": "2026-10-04 14:39:12 UTC", "ts": 1791124752.475431, "from_stage": "RESEARCH", "to_stage": "BACKTESTING", "details": {"message": "Screening batch of 1 strategies"}}
{"timestamp": "2026-10-04 14:39:12 UTC", "ts": 1791124752.550471, "from_stage": "RESEARCH", "to_stage": "BACKTESTING", "details": {"message": "Screening batch of 1 strategies"}}
{"timestamp": "2026-10-04 14:39:13 UTC", "ts": 1791124753.528714, "from_stage": "DATA_SYNC", "to_stage": "DATA_VALIDATION", "details": {"test": true}}
{"timestamp": "2026-10-04 14:39:13 UTC", "ts": 1791124753.530845, "from_stage": "DATA_VALIDATION", "to_stage": "FEATURE_DISCOVERY", "details": {}}
{"timestamp": "2026-10-04 14:39:13 UTC", "ts": 1791124753.533496, "from_stage": "FEATURE_DISCOVERY", "to_stage": "FEATURE_PRECOMPUTATION", "details": {}}
{"timestamp": "2026-10-04 14:39:13 UTC", "ts": 1791124753.538742, "from_stage": "FEATURE_PRECOMPUTATION", "to_stage": "FEATURE_VALIDATION", "details": {}}
{"timestamp": "2026-10-04 14:39:13 UTC", "ts": 1791124753.54075, "from_stage": "FEATURE_VALIDATION", "to_stage": "DATASET_READY", "details": {}}
{"timestamp": "2026-10-04 14:39:13 UTC", "ts": 1791124753.542883, "from_stage": "DATASET_READY", "to_stage": "RESEARCH", "details": {}}
{"timestamp": "2026-10-04 14:39:13 UTC", "ts": 1791124753.559956, "from_stage": "INIT", "to_stage": "DATA_DISCOVERY", "details": {"message": "Scanning DATA_ROOT and discovering reusable artifacts"}}
{"timestamp": "2026-10-04 14:39:13 UTC", "ts": 1791124753.573085, "from_stage": "DATA_DISCOVERY", "to_stage": "DATA_SYNC", "details": {"message": "Market data sync initiated"}}
{"timestamp": "2026-10-04 14:39:13 UTC", "ts": 1791124753.581597, "from_stage": "DATA_SYNC", "to_stage": "DATA_VALIDATION", "details": {"message": "Validating bar ranges and OHLC integrity"}}
{"timestamp": "2026-10-04 14:39:13 UTC", "ts": 1791124753.588084, "from_stage": "DATA_VALIDATION", "to_stage": "FEATURE_DISCOVERY", "details": {"message": "Discovering cached indicator arrays"}}
{"timestamp": "2026-10-04 14:39:13 UTC", "ts": 1791124753.640069, "from_stage": "FEATURE_DISCOVERY", "to_stage": "FEATURE_PRECOMPUTATION", "details": {"message": "Precomputing features for 1 datasets"}}
{"timestamp": "2026-10-04 14:39:13 UTC", "ts": 1791124753.747029, "from_stage": "FEATURE_PRECOMPUTATION", "to_stage": "FEATURE_VALIDATION", "details": {"message": "Verifying column schemas and row counts"}}
{"timestamp": "2026-10-04 14:39:13 UTC", "ts": 1791124753.916691, "from_stage": "FEATURE_VALIDATION", "to_stage": "DATASET_REGISTRATION", "details": {"message": "All datasets and features registered in catalog"}}
{"timestamp": "2026-10-04 14:39:13 UTC", "ts": 1791124753.918805, "from_stage": "DATASET_REGISTRATION", "to_stage": "RESEARCH_INITIALIZATION", "details": {"message": "Initializing population and research loop"}}
{"timestamp": "2026-10-04 14:39:13 UTC", "ts": 1791124753.920867, "from_stage": "RESEARCH_INITIALIZATION", "to_stage": "RESEARCH", "details": {"message": "Starting research generation loop"}}
{"timestamp": "2026-10-04 14:39:13 UTC", "ts": 1791124753.927464, "from_stage": "DATA_SYNC", "to_stage": "RESEARCH", "details": {"reason": "Test transition"}}
{"timestamp": "2026-10-04 14:39:15 UTC", "ts": 1791124755.321445, "from_stage": "INIT", "to_stage": "DATA_DISCOVERY", "details": {"message": "Scanning DATA_ROOT and discovering reusable artifacts"}}
{"timestamp": "2026-10-04 14:39:15 UTC", "ts": 1791124755.331439, "from_stage": "DATA_DISCOVERY", "to_stage": "DATA_SYNC", "details": {"message": "Market data sync initiated"}}
{"timestamp": "2026-10-04 14:39:15 UTC", "ts": 1791124755.34531, "from_stage": "DATA_SYNC", "to_stage": "DATA_VALIDATION", "details": {"message": "Validating bar ranges and OHLC integrity"}}
{"timestamp": "2026-10-04 14:39:15 UTC", "ts": 1791124755.363747, "from_stage": "DATA_VALIDATION", "to_stage": "FEATURE_DISCOVERY", "details": {"message": "Discovering cached indicator arrays"}}
{"timestamp": "2026-10-04 14:39:15 UTC", "ts": 1791124755.380673, "from_stage": "FEATURE_DISCOVERY", "to_stage": "FEATURE_PRECOMPUTATION", "details": {"message": "Precomputing features for 0 datasets"}}
{"timestamp": "2026-10-04 14:39:15 UTC", "ts": 1791124755.38621, "from_stage": "INIT", "to_stage": "DATA_DISCOVERY", "details": {"message": "Scanning DATA_ROOT and discovering reusable artifacts"}}
{"timestamp": "2026-10-04 14:39:15 UTC", "ts": 1791124755.391816, "from_stage": "FEATURE_PRECOMPUTATION", "to_stage": "FEATURE_VALIDATION", "details": {"message": "Verifying column schemas and row counts"}}
{"timestamp": "2026-10-04 14:39:15 UTC", "ts": 1791124755.422328, "from_stage": "INIT", "to_stage": "DATA_DISCOVERY", "details": {"message": "Scanning DATA_ROOT and discovering reusable artifacts"}}
{"timestamp": "2026-10-04 14:39:15 UTC", "ts": 1791124755.424592, "from_stage": "DATA_DISCOVERY", "to_stage": "DATA_SYNC", "details": {"message": "Market data sync initiated"}}
{"timestamp": "2026-10-04 14:39:15 UTC", "ts": 1791124755.440923, "from_stage": "FEATURE_VALIDATION", "to_stage": "DATASET_REGISTRATION", "details": {"message": "All datasets and features registered in catalog"}}
{"timestamp": "2026-10-04 14:39:15 UTC", "ts": 1791124755.447592, "from_stage": "DATASET_REGISTRATION", "to_stage": "RESEARCH_INITIALIZATION", "details": {"message": "Initializing population and research loop"}}
{"timestamp": "2026-10-04 14:39:15 UTC", "ts": 1791124755.455772, "from_stage": "DATA_SYNC", "to_stage": "DATA_VALIDATION", "details": {"message": "Validating bar ranges and OHLC integrity"}}
{"timestamp": "2026-10-04 14:39:15 UTC", "ts": 1791124755.472667, "from_stage": "DATA_DISCOVERY", "to_stage": "DATA_SYNC", "details": {"message": "Market data sync initiated"}}
{"timestamp": "2026-10-04 14:39:15 UTC", "ts": 1791124755.479627, "from_stage": "RESEARCH_INITIALIZATION", "to_stage": "RESEARCH", "details": {"message": "Starting research generation loop"}}
{"timestamp": "2026-10-04 14:39:15 UTC", "ts": 1791124755.512583, "from_stage": "DATA_VALIDATION", "to_stage": "FEATURE_DISCOVERY", "details": {"message": "Discovering cached indicator arrays"}}
{"timestamp": "2026-10-04 14:39:15 UTC", "ts": 1791124755.544195, "from_stage": "DATA_SYNC", "to_stage": "DATA_VALIDATION", "details": {"message": "Validating bar ranges and OHLC integrity"}}
{"timestamp": "2026-10-04 14:39:15 UTC", "ts": 1791124755.564869, "from_stage": "NODE_GENERATION", "to_stage": "EVALUATION", "details": {"nodes": 100}}
{"timestamp": "2026-10-04 14:39:15 UTC", "ts": 1791124755.568471, "from_stage": "FEATURE_DISCOVERY", "to_stage": "FEATURE_PRECOMPUTATION", "details": {"message": "Precomputing features for 0 datasets"}}
{"timestamp": "2026-10-04 14:39:15 UTC", "ts": 1791124755.578884, "from_stage": "DATA_VALIDATION", "to_stage": "FEATURE_DISCOVERY", "details": {"message": "Discovering cached indicator arrays"}}
{"timestamp": "2026-10-04 14:39:15 UTC", "ts": 1791124755.585403, "from_stage": "FEATURE_PRECOMPUTATION", "to_stage": "FEATURE_VALIDATION", "details": {"message": "Verifying column schemas and row counts"}}
{"timestamp": "2026-10-04 14:39:15 UTC", "ts": 1791124755.59685, "from_stage": "FEATURE_DISCOVERY", "to_stage": "FEATURE_PRECOMPUTATION", "details": {"message": "Precomputing features for 0 datasets"}}
{"timestamp": "2026-10-04 14:39:15 UTC", "ts": 1791124755.606967, "from_stage": "FEATURE_PRECOMPUTATION", "to_stage": "FEATURE_VALIDATION", "details": {"message": "Verifying column schemas and row counts"}}
{"timestamp": "2026-10-04 14:39:15 UTC", "ts": 1791124755.649804, "from_stage": "FEATURE_VALIDATION", "to_stage": "DATASET_REGISTRATION", "details": {"message": "All datasets and features registered in catalog"}}
{"timestamp": "2026-10-04 14:39:15 UTC", "ts": 1791124755.659474, "from_stage": "DATASET_REGISTRATION", "to_stage": "RESEARCH_INITIALIZATION", "details": {"message": "Initializing population and research loop"}}
{"timestamp": "2026-10-04 14:39:15 UTC", "ts": 1791124755.663826, "from_stage": "FEATURE_VALIDATION", "to_stage": "DATASET_REGISTRATION", "details": {"message": "All datasets and features registered in catalog"}}
{"timestamp": "2026-10-04 14:39:15 UTC", "ts": 1791124755.666909, "from_stage": "RESEARCH_INITIALIZATION", "to_stage": "RESEARCH", "details": {"message": "Starting research generation loop"}}
{"timestamp": "2026-10-04 14:39:15 UTC", "ts": 1791124755.692332, "from_stage": "DATASET_REGISTRATION", "to_stage": "RESEARCH_INITIALIZATION", "details": {"message": "Initializing population and research loop"}}
{"timestamp": "2026-10-04 14:39:15 UTC", "ts": 1791124755.706856, "from_stage": "RESEARCH_INITIALIZATION", "to_stage": "RESEARCH", "details": {"message": "Starting research generation loop"}}
{"timestamp": "2026-10-04 14:39:15 UTC", "ts": 1791124755.817685, "from_stage": "RESEARCH", "to_stage": "BACKTESTING", "details": {"message": "Screening batch of 2 strategies"}}
{"timestamp": "2026-10-04 14:39:15 UTC", "ts": 1791124755.981873, "from_stage": "RESEARCH", "to_stage": "BACKTESTING", "details": {"message": "Screening batch of 2 strategies"}}
{"timestamp": "2026-10-04 14:39:15 UTC", "ts": 1791124755.994848, "from_stage": "RESEARCH", "to_stage": "BACKTESTING", "details": {"message": "Screening batch of 1 strategies"}}
{"timestamp": "2026-10-04 14:39:16 UTC", "ts": 1791124756.448023, "from_stage": "BACKTESTING", "to_stage": "VALIDATION", "details": {"message": "Advancing from detailed testing to validation"}}
{"timestamp": "2026-10-04 14:39:16 UTC", "ts": 1791124756.450558, "from_stage": "VALIDATION", "to_stage": "VALIDATION", "details": {"reason": "Advancing 3 candidate strategies to validation", "current_nodes": 787, "target": 200}}
{"timestamp": "2026-10-04 14:39:16 UTC", "ts": 1791124756.600781, "from_stage": "VALIDATION", "to_stage": "QUALIFICATION", "details": {"message": "Advancing to qualification and specialization"}}
{"timestamp": "2026-10-04 14:39:16 UTC", "ts": 1791124756.653797, "from_stage": "BACKTESTING", "to_stage": "VALIDATION", "details": {"message": "Advancing from detailed testing to validation"}}
{"timestamp": "2026-10-04 14:39:16 UTC", "ts": 1791124756.658044, "from_stage": "BACKTESTING", "to_stage": "VALIDATION", "details": {"message": "Advancing from detailed testing to validation"}}
{"timestamp": "2026-10-04 14:39:16 UTC", "ts": 1791124756.660747, "from_stage": "VALIDATION", "to_stage": "VALIDATION", "details": {"reason": "Advancing 3 candidate strategies to validation", "current_nodes": 787, "target": 200}}
{"timestamp": "2026-10-04 14:39:16 UTC", "ts": 1791124756.663306, "from_stage": "VALIDATION", "to_stage": "VALIDATION", "details": {"reason": "Advancing 3 candidate strategies to validation", "current_nodes": 787, "target": 200}}
{"timestamp": "2026-10-04 14:39:16 UTC", "ts": 1791124756.722637, "from_stage": "VALIDATION", "to_stage": "QUALIFICATION", "details": {"message": "Advancing to qualification and specialization"}}
{"timestamp": "2026-10-04 14:39:16 UTC", "ts": 1791124756.759618, "from_stage": "VALIDATION", "to_stage": "QUALIFICATION", "details": {"message": "Advancing to qualification and specialization"}}
{"timestamp": "2026-10-04 14:39:17 UTC", "ts": 1791124757.201799, "from_stage": "QUALIFICATION", "to_stage": "EVOLUTION", "details": {"reason": "Specialization pass complete; advancing to generation evaluation", "current_nodes": 787, "target": 200}}
{"timestamp": "2026-10-04 14:39:17 UTC", "ts": 1791124757.228583, "from_stage": "QUALIFICATION", "to_stage": "EVOLUTION", "details": {"reason": "Specialization pass complete; advancing to generation evaluation", "current_nodes": 787, "target": 200}}
{"timestamp": "2026-10-04 14:39:17 UTC", "ts": 1791124757.470024, "from_stage": "QUALIFICATION", "to_stage": "EVOLUTION", "details": {"reason": "Specialization pass complete; advancing to generation evaluation", "current_nodes": 787, "target": 200}}
{"timestamp": "2026-10-04 14:48:17 UTC", "ts": 1791125297.04344, "from_stage": "RESEARCH", "to_stage": "BACKTESTING", "details": {"reason": "5 nodes ready for screening", "current_nodes": 5, "target": 50}}
{"timestamp": "2026-10-04 14:48:19 UTC", "ts": 1791125299.676172, "from_stage": "DATA_SYNC", "to_stage": "DATA_VALIDATION", "details": {}}
{"timestamp": "2026-10-04 14:48:19 UTC", "ts": 1791125299.678514, "from_stage": "DATA_VALIDATION", "to_stage": "FEATURE_DISCOVERY", "details": {}}
{"timestamp": "2026-10-04 14:48:19 UTC", "ts": 1791125299.680968, "from_stage": "FEATURE_DISCOVERY", "to_stage": "FEATURE_PRECOMPUTATION", "details": {}}
{"timestamp": "2026-10-04 14:48:19 UTC", "ts": 1791125299.685591, "from_stage": "FEATURE_PRECOMPUTATION", "to_stage": "FEATURE_VALIDATION", "details": {"message": "Verifying column schemas"}}
{"timestamp": "2026-10-04 14:48:19 UTC", "ts": 1791125299.687401, "from_stage": "FEATURE_VALIDATION", "to_stage": "DATASET_REGISTRATION", "details": {"message": "Registering dataset"}}
{"timestamp": "2026-10-04 14:48:19 UTC", "ts": 1791125299.68916, "from_stage": "DATASET_REGISTRATION", "to_stage": "RESEARCH_INITIALIZATION", "details": {"message": "Initializing population"}}
{"timestamp": "2026-10-04 14:48:19 UTC", "ts": 1791125299.690995, "from_stage": "RESEARCH_INITIALIZATION", "to_stage": "NODE_GENERATION", "details": {"message": "Generating candidates"}}
{"timestamp": "2026-10-04 14:48:19 UTC", "ts": 1791125299.693004, "from_stage": "NODE_GENERATION", "to_stage": "NODE_EVALUATION", "details": {"message": "Screening candidate nodes"}}
{"timestamp": "2026-10-04 14:48:22 UTC", "ts": 1791125302.318636, "from_stage": "INIT", "to_stage": "DATA_DISCOVERY", "details": {"message": "Scanning DATA_ROOT and discovering reusable artifacts"}}
{"timestamp": "2026-10-04 14:48:22 UTC", "ts": 1791125302.330245, "from_stage": "DATA_DISCOVERY", "to_stage": "DATA_SYNC", "details": {"message": "Market data sync initiated"}}
{"timestamp": "2026-10-04 14:48:22 UTC", "ts": 1791125302.465162, "from_stage": "DATA_SYNC", "to_stage": "DATA_VALIDATION", "details": {"message": "Validating bar ranges and OHLC integrity"}}
{"timestamp": "2026-10-04 14:48:22 UTC", "ts": 1791125302.467171, "from_stage": "DATA_VALIDATION", "to_stage": "FEATURE_DISCOVERY", "details": {"message": "Discovering cached indicator arrays"}}
{"timestamp": "2026-10-04 14:48:22 UTC", "ts": 1791125302.469136, "from_stage": "FEATURE_DISCOVERY", "to_stage": "FEATURE_PRECOMPUTATION", "details": {"message": "Precomputing features for 1 datasets"}}
{"timestamp": "2026-10-04 14:48:22 UTC", "ts": 1791125302.554764, "from_stage": "FEATURE_PRECOMPUTATION", "to_stage": "FEATURE_VALIDATION", "details": {"message": "Verifying column schemas and row counts"}}
{"timestamp": "2026-10-04 14:48:22 UTC", "ts": 1791125302.556875, "from_stage": "FEATURE_VALIDATION", "to_stage": "BLOCKED", "details": {"reason": "Feature validation failed", "action": "HALT_RESEARCH"}}
{"timestamp": "2026-10-04 14:48:22 UTC", "ts": 1791125302.591567, "from_stage": "RESEARCH", "to_stage": "BACKTESTING", "details": {"message": "Screening batch of 1 strategies"}}
{"timestamp": "2026-10-04 14:48:22 UTC", "ts": 1791125302.675582, "from_stage": "RESEARCH", "to_stage": "BACKTESTING", "details": {"message": "Screening batch of 1 strategies"}}
{"timestamp": "2026-10-04 14:48:23 UTC", "ts": 1791125303.526138, "from_stage": "DATA_SYNC", "to_stage": "DATA_VALIDATION", "details": {"test": true}}
{"timestamp": "2026-10-04 14:48:23 UTC", "ts": 1791125303.527739, "from_stage": "DATA_VALIDATION", "to_stage": "FEATURE_DISCOVERY", "details": {}}
{"timestamp": "2026-10-04 14:48:23 UTC", "ts": 1791125303.52928, "from_stage": "FEATURE_DISCOVERY", "to_stage": "FEATURE_PRECOMPUTATION", "details": {}}
{"timestamp": "2026-10-04 14:48:23 UTC", "ts": 1791125303.532872, "from_stage": "FEATURE_PRECOMPUTATION", "to_stage": "FEATURE_VALIDATION", "details": {}}
{"timestamp": "2026-10-04 14:48:23 UTC", "ts": 1791125303.53448, "from_stage": "FEATURE_VALIDATION", "to_stage": "DATASET_READY", "details": {}}
{"timestamp": "2026-10-04 14:48:23 UTC", "ts": 1791125303.535985, "from_stage": "DATASET_READY", "to_stage": "RESEARCH", "details": {}}
{"timestamp": "2026-10-04 14:48:23 UTC", "ts": 1791125303.545823, "from_stage": "INIT", "to_stage": "DATA_DISCOVERY", "details": {"message": "Scanning DATA_ROOT and discovering reusable artifacts"}}
{"timestamp": "2026-10-04 14:48:23 UTC", "ts": 1791125303.554141, "from_stage": "DATA_DISCOVERY", "to_stage": "DATA_SYNC", "details": {"message": "Market data sync initiated"}}
{"timestamp": "2026-10-04 14:48:23 UTC", "ts": 1791125303.562165, "from_stage": "DATA_SYNC", "to_stage": "DATA_VALIDATION", "details": {"message": "Validating bar ranges and OHLC integrity"}}
{"timestamp": "2026-10-04 14:48:23 UTC", "ts": 1791125303.567255, "from_stage": "DATA_VALIDATION", "to_stage": "FEATURE_DISCOVERY", "details": {"message": "Discovering cached indicator arrays"}}
{"timestamp": "2026-10-04 14:48:23 UTC", "ts": 1791125303.627875, "from_stage": "FEATURE_DISCOVERY", "to_stage": "FEATURE_PRECOMPUTATION", "details": {"message": "Precomputing features for 0 datasets"}}
{"timestamp": "2026-10-04 14:48:23 UTC", "ts": 1791125303.629854, "from_stage": "FEATURE_PRECOMPUTATION", "to_stage": "FEATURE_VALIDATION", "details": {"message": "Verifying column schemas and row counts"}}
{"timestamp": "2026-10-04 14:48:23 UTC", "ts": 1791125303.745504, "from_stage": "FEATURE_VALIDATION", "to_stage": "DATASET_REGISTRATION", "details": {"message": "All datasets and features registered in catalog"}}
{"timestamp": "2026-10-04 14:48:23 UTC", "ts": 1791125303.747463, "from_stage": "DATASET_REGISTRATION", "to_stage": "RESEARCH_INITIALIZATION", "details": {"message": "Initializing population and research loop"}}
{"timestamp": "2026-10-04 14:48:23 UTC", "ts": 1791125303.749532, "from_stage": "RESEARCH_INITIALIZATION", "to_stage": "RESEARCH", "details": {"message": "Starting research generation loop"}}
{"timestamp": "2026-10-04 14:48:23 UTC", "ts": 1791125303.753331, "from_stage": "DATA_SYNC", "to_stage": "RESEARCH", "details": {"reason": "Test transition"}}
{"timestamp": "2026-10-04 14:48:24 UTC", "ts": 1791125304.983111, "from_stage": "INIT", "to_stage": "DATA_DISCOVERY", "details": {"message": "Scanning DATA_ROOT and discovering reusable artifacts"}}
{"timestamp": "2026-10-04 14:48:24 UTC", "ts": 1791125304.992911, "from_stage": "DATA_DISCOVERY", "to_stage": "DATA_SYNC", "details": {"message": "Market data sync initiated"}}
{"timestamp": "2026-10-04 14:48:25 UTC", "ts": 1791125305.006169, "from_stage": "DATA_SYNC", "to_stage": "DATA_VALIDATION", "details": {"message": "Validating bar ranges and OHLC integrity"}}
{"timestamp": "2026-10-04 14:48:25 UTC", "ts": 1791125305.019109, "from_stage": "DATA_VALIDATION", "to_stage": "FEATURE_DISCOVERY", "details": {"message": "Discovering cached indicator arrays"}}
{"timestamp": "2026-10-04 14:48:25 UTC", "ts": 1791125305.023677, "from_stage": "INIT", "to_stage": "DATA_DISCOVERY", "details": {"message": "Scanning DATA_ROOT and discovering reusable artifacts"}}
{"timestamp": "2026-10-04 14:48:25 UTC", "ts": 1791125305.038212, "from_stage": "DATA_DISCOVERY", "to_stage": "DATA_SYNC", "details": {"message": "Market data sync initiated"}}
{"timestamp": "2026-10-04 14:48:25 UTC", "ts": 1791125305.047368, "from_stage": "FEATURE_DISCOVERY", "to_stage": "FEATURE_PRECOMPUTATION", "details": {"message": "Precomputing features for 0 datasets"}}
{"timestamp": "2026-10-04 14:48:25 UTC", "ts": 1791125305.056425, "from_stage": "FEATURE_PRECOMPUTATION", "to_stage": "FEATURE_VALIDATION", "details": {"message": "Verifying column schemas and row counts"}}
{"timestamp": "2026-10-04 14:48:25 UTC", "ts": 1791125305.060849, "from_stage": "DATA_SYNC", "to_stage": "DATA_VALIDATION", "details": {"message": "Validating bar ranges and OHLC integrity"}}
{"timestamp": "2026-10-04 14:48:25 UTC", "ts": 1791125305.075299, "from_stage": "INIT", "to_stage": "DATA_DISCOVERY", "details": {"message": "Scanning DATA_ROOT and discovering reusable artifacts"}}
{"timestamp": "2026-10-04 14:48:25 UTC", "ts": 1791125305.080227, "from_stage": "DATA_VALIDATION", "to_stage": "FEATURE_DISCOVERY", "details": {"message": "Discovering cached indicator arrays"}}
{"timestamp": "2026-10-04 14:48:25 UTC", "ts": 1791125305.098361, "from_stage": "FEATURE_DISCOVERY", "to_stage": "FEATURE_PRECOMPUTATION", "details": {"message": "Precomputing features for 0 datasets"}}
{"timestamp": "2026-10-04 14:48:25 UTC", "ts": 1791125305.10311, "from_stage": "FEATURE_VALIDATION", "to_stage": "DATASET_REGISTRATION", "details": {"message": "All datasets and features registered in catalog"}}
{"timestamp": "2026-10-04 14:48:25 UTC", "ts": 1791125305.106279, "from_stage": "DATA_DISCOVERY", "to_stage": "DATA_SYNC", "details": {"message": "Market data sync initiated"}}
{"timestamp": "2026-10-04 14:48:25 UTC", "ts": 1791125305.111868, "from_stage": "FEATURE_PRECOMPUTATION", "to_stage": "FEATURE_VALIDATION", "details": {"message": "Verifying column schemas and row counts"}}
{"timestamp": "2026-10-04 14:48:25 UTC", "ts": 1791125305.12293, "from_stage": "DATASET_REGISTRATION", "to_stage": "RESEARCH_INITIALIZATION", "details": {"message": "Initializing population and research loop"}}
{"timestamp": "2026-10-04 14:48:25 UTC", "ts": 1791125305.135479, "from_stage": "RESEARCH_INITIALIZATION", "to_stage": "RESEARCH", "details": {"message": "Starting research generation loop"}}
{"timestamp": "2026-10-04 14:48:25 UTC", "ts": 1791125305.148049, "from_stage": "DATA_SYNC", "to_stage": "DATA_VALIDATION", "details": {"message": "Validating bar ranges and OHLC integrity"}}
{"timestamp": "2026-10-04 14:48:25 UTC", "ts": 1791125305.176452, "from_stage": "DATA_VALIDATION", "to_stage": "FEATURE_DISCOVERY", "details": {"message": "Discovering cached indicator arrays"}}
{"timestamp": "2026-10-04 14:48:25 UTC", "ts": 1791125305.184512, "from_stage": "NODE_GENERATION", "to_stage": "EVALUATION", "details": {"nodes": 100}}
{"timestamp": "2026-10-04 14:48:25 UTC", "ts": 1791125305.195619, "from_stage": "FEATURE_DISCOVERY", "to_stage": "FEATURE_PRECOMPUTATION", "details": {"message": "Precomputing features for 0 datasets"}}
{"timestamp": "2026-10-04 14:48:25 UTC", "ts": 1791125305.198419, "from_stage": "FEATURE_VALIDATION", "to_stage": "DATASET_REGISTRATION", "details": {"message": "All datasets and features registered in catalog"}}
{"timestamp": "2026-10-04 14:48:25 UTC", "ts": 1791125305.210084, "from_stage": "FEATURE_PRECOMPUTATION", "to_stage": "FEATURE_VALIDATION", "details": {"message": "Verifying column schemas and row counts"}}
{"timestamp": "2026-10-04 14:48:25 UTC", "ts": 1791125305.213602, "from_stage": "DATASET_REGISTRATION", "to_stage": "RESEARCH_INITIALIZATION", "details": {"message": "Initializing population and research loop"}}
{"timestamp": "2026-10-04 14:48:25 UTC", "ts": 1791125305.217076, "from_stage": "RESEARCH_INITIALIZATION", "to_stage": "RESEARCH", "details": {"message": "Starting research generation loop"}}
{"timestamp": "2026-10-04 14:48:25 UTC", "ts": 1791125305.252028, "from_stage": "FEATURE_VALIDATION", "to_stage": "DATASET_REGISTRATION", "details": {"message": "All datasets and features registered in catalog"}}
{"timestamp": "2026-10-04 14:48:25 UTC", "ts": 1791125305.263499, "from_stage": "DATASET_REGISTRATION", "to_stage": "RESEARCH_INITIALIZATION", "details": {"message": "Initializing population and research loop"}}
{"timestamp": "2026-10-04 14:48:25 UTC", "ts": 1791125305.284849, "from_stage": "RESEARCH_INITIALIZATION", "to_stage": "RESEARCH", "details": {"message": "Starting research generation loop"}}
{"timestamp": "2026-10-04 14:48:25 UTC", "ts": 1791125305.366294, "from_stage": "RESEARCH", "to_stage": "BACKTESTING", "details": {"message": "Screening batch of 3 strategies"}}
{"timestamp": "2026-10-04 14:48:25 UTC", "ts": 1791125305.392012, "from_stage": "RESEARCH", "to_stage": "BACKTESTING", "details": {"message": "Screening batch of 1 strategies"}}
{"timestamp": "2026-10-04 14:48:25 UTC", "ts": 1791125305.398789, "from_stage": "BACKTESTING", "to_stage": "VALIDATION", "details": {"reason": "Advancing 3 candidate strategies to validation", "current_nodes": 787, "target": 200}}
{"timestamp": "2026-10-04 14:48:25 UTC", "ts": 1791125305.423164, "from_stage": "VALIDATION", "to_stage": "QUALIFICATION", "details": {"message": "Advancing to qualification and specialization"}}
{"timestamp": "2026-10-04 14:48:25 UTC", "ts": 1791125305.614457, "from_stage": "BACKTESTING", "to_stage": "VALIDATION", "details": {"message": "Advancing from detailed testing to validation"}}
{"timestamp": "2026-10-04 14:48:25 UTC", "ts": 1791125305.619601, "from_stage": "BACKTESTING", "to_stage": "VALIDATION", "details": {"message": "Advancing from detailed testing to validation"}}
{"timestamp": "2026-10-04 14:48:25 UTC", "ts": 1791125305.635738, "from_stage": "VALIDATION", "to_stage": "VALIDATION", "details": {"reason": "Advancing 3 candidate strategies to validation", "current_nodes": 787, "target": 200}}
{"timestamp": "2026-10-04 14:48:25 UTC", "ts": 1791125305.646437, "from_stage": "VALIDATION", "to_stage": "VALIDATION", "details": {"reason": "Advancing 3 candidate strategies to validation", "current_nodes": 787, "target": 200}}
{"timestamp": "2026-10-04 14:48:25 UTC", "ts": 1791125305.678911, "from_stage": "VALIDATION", "to_stage": "QUALIFICATION", "details": {"message": "Advancing to qualification and specialization"}}
{"timestamp": "2026-10-04 14:48:25 UTC", "ts": 1791125305.683541, "from_stage": "VALIDATION", "to_stage": "QUALIFICATION", "details": {"message": "Advancing to qualification and specialization"}}
{"timestamp": "2026-10-04 14:48:25 UTC", "ts": 1791125305.744963, "from_stage": "QUALIFICATION", "to_stage": "EVOLUTION", "details": {"reason": "Specialization pass complete; advancing to generation evaluation", "current_nodes": 787, "target": 200}}
{"timestamp": "2026-10-04 14:48:25 UTC", "ts": 1791125305.759672, "from_stage": "QUALIFICATION", "to_stage": "EVOLUTION", "details": {"reason": "Specialization pass complete; advancing to generation evaluation", "current_nodes": 787, "target": 200}}
{"timestamp": "2026-10-04 14:48:25 UTC", "ts": 1791125305.917049, "from_stage": "QUALIFICATION", "to_stage": "EVOLUTION", "details": {"reason": "Specialization pass complete; advancing to generation evaluation", "current_nodes": 787, "target": 200}}
{"timestamp": "2026-10-04 14:48:44 UTC", "ts": 1791125324.368142, "from_stage": "RESEARCH", "to_stage": "BACKTESTING", "details": {"reason": "5 nodes ready for screening", "current_nodes": 5, "target": 50}}
{"timestamp": "2026-10-04 14:48:46 UTC", "ts": 1791125326.392608, "from_stage": "DATA_SYNC", "to_stage": "DATA_VALIDATION", "details": {}}
{"timestamp": "2026-10-04 14:48:46 UTC", "ts": 1791125326.394326, "from_stage": "DATA_VALIDATION", "to_stage": "FEATURE_DISCOVERY", "details": {}}
{"timestamp": "2026-10-04 14:48:46 UTC", "ts": 1791125326.395986, "from_stage": "FEATURE_DISCOVERY", "to_stage": "FEATURE_PRECOMPUTATION", "details": {}}
{"timestamp": "2026-10-04 14:48:46 UTC", "ts": 1791125326.399749, "from_stage": "FEATURE_PRECOMPUTATION", "to_stage": "FEATURE_VALIDATION", "details": {"message": "Verifying column schemas"}}
{"timestamp": "2026-10-04 14:48:46 UTC", "ts": 1791125326.401417, "from_stage": "FEATURE_VALIDATION", "to_stage": "DATASET_REGISTRATION", "details": {"message": "Registering dataset"}}
{"timestamp": "2026-10-04 14:48:46 UTC", "ts": 1791125326.403008, "from_stage": "DATASET_REGISTRATION", "to_stage": "RESEARCH_INITIALIZATION", "details": {"message": "Initializing population"}}
{"timestamp": "2026-10-04 14:48:46 UTC", "ts": 1791125326.40472, "from_stage": "RESEARCH_INITIALIZATION", "to_stage": "NODE_GENERATION", "details": {"message": "Generating candidates"}}
{"timestamp": "2026-10-04 14:48:46 UTC", "ts": 1791125326.406433, "from_stage": "NODE_GENERATION", "to_stage": "NODE_EVALUATION", "details": {"message": "Screening candidate nodes"}}
{"timestamp": "2026-10-04 14:48:47 UTC", "ts": 1791125327.570811, "from_stage": "INIT", "to_stage": "DATA_DISCOVERY", "details": {"message": "Scanning DATA_ROOT and discovering reusable artifacts"}}
{"timestamp": "2026-10-04 14:48:47 UTC", "ts": 1791125327.576985, "from_stage": "DATA_DISCOVERY", "to_stage": "DATA_SYNC", "details": {"message": "Market data sync initiated"}}
{"timestamp": "2026-10-04 14:48:47 UTC", "ts": 1791125327.723837, "from_stage": "DATA_SYNC", "to_stage": "DATA_VALIDATION", "details": {"message": "Validating bar ranges and OHLC integrity"}}
{"timestamp": "2026-10-04 14:48:47 UTC", "ts": 1791125327.725798, "from_stage": "DATA_VALIDATION", "to_stage": "FEATURE_DISCOVERY", "details": {"message": "Discovering cached indicator arrays"}}
{"timestamp": "2026-10-04 14:48:47 UTC", "ts": 1791125327.727831, "from_stage": "FEATURE_DISCOVERY", "to_stage": "FEATURE_PRECOMPUTATION", "details": {"message": "Precomputing features for 1 datasets"}}
{"timestamp": "2026-10-04 14:48:47 UTC", "ts": 1791125327.810735, "from_stage": "FEATURE_PRECOMPUTATION", "to_stage": "FEATURE_VALIDATION", "details": {"message": "Verifying column schemas and row counts"}}
{"timestamp": "2026-10-04 14:48:47 UTC", "ts": 1791125327.812505, "from_stage": "FEATURE_VALIDATION", "to_stage": "BLOCKED", "details": {"reason": "Feature validation failed", "action": "HALT_RESEARCH"}}
{"timestamp": "2026-10-04 14:48:47 UTC", "ts": 1791125327.842222, "from_stage": "RESEARCH", "to_stage": "BACKTESTING", "details": {"message": "Screening batch of 1 strategies"}}
{"timestamp": "2026-10-04 14:48:47 UTC", "ts": 1791125327.91029, "from_stage": "RESEARCH", "to_stage": "BACKTESTING", "details": {"message": "Screening batch of 1 strategies"}}
{"timestamp": "2026-10-04 14:48:48 UTC", "ts": 1791125328.760683, "from_stage": "DATA_SYNC", "to_stage": "DATA_VALIDATION", "details": {"test": true}}
{"timestamp": "2026-10-04 14:48:48 UTC", "ts": 1791125328.762706, "from_stage": "DATA_VALIDATION", "to_stage": "FEATURE_DISCOVERY", "details": {}}
{"timestamp": "2026-10-04 14:48:48 UTC", "ts": 1791125328.764523, "from_stage": "FEATURE_DISCOVERY", "to_stage": "FEATURE_PRECOMPUTATION", "details": {}}
{"timestamp": "2026-10-04 14:48:48 UTC", "ts": 1791125328.76882, "from_stage": "FEATURE_PRECOMPUTATION", "to_stage": "FEATURE_VALIDATION", "details": {}}
{"timestamp": "2026-10-04 14:48:48 UTC", "ts": 1791125328.770714, "from_stage": "FEATURE_VALIDATION", "to_stage": "DATASET_READY", "details": {}}
{"timestamp": "2026-10-04 14:48:48 UTC", "ts": 1791125328.772442, "from_stage": "DATASET_READY", "to_stage": "RESEARCH", "details": {}}
{"timestamp": "2026-10-04 14:48:48 UTC", "ts": 1791125328.783279, "from_stage": "INIT", "to_stage": "DATA_DISCOVERY", "details": {"message": "Scanning DATA_ROOT and discovering reusable artifacts"}}
{"timestamp": "2026-10-04 14:48:48 UTC", "ts": 1791125328.790997, "from_stage": "DATA_DISCOVERY", "to_stage": "DATA_SYNC", "details": {"message": "Market data sync initiated"}}
{"timestamp": "2026-10-04 14:48:48 UTC", "ts": 1791125328.797462, "from_stage": "DATA_SYNC", "to_stage": "DATA_VALIDATION", "details": {"message": "Validating bar ranges and OHLC integrity"}}
{"timestamp": "2026-10-04 14:48:48 UTC", "ts": 1791125328.802697, "from_stage": "DATA_VALIDATION", "to_stage": "FEATURE_DISCOVERY", "details": {"message": "Discovering cached indicator arrays"}}
{"timestamp": "2026-10-04 14:48:48 UTC", "ts": 1791125328.876667, "from_stage": "FEATURE_DISCOVERY", "to_stage": "FEATURE_PRECOMPUTATION", "details": {"message": "Precomputing features for 0 datasets"}}
{"timestamp": "2026-10-04 14:48:48 UTC", "ts": 1791125328.878718, "from_stage": "FEATURE_PRECOMPUTATION", "to_stage": "FEATURE_VALIDATION", "details": {"message": "Verifying column schemas and row counts"}}
{"timestamp": "2026-10-04 14:48:48 UTC", "ts": 1791125328.99512, "from_stage": "FEATURE_VALIDATION", "to_stage": "DATASET_REGISTRATION", "details": {"message": "All datasets and features registered in catalog"}}
{"timestamp": "2026-10-04 14:48:48 UTC", "ts": 1791125328.997115, "from_stage": "DATASET_REGISTRATION", "to_stage": "RESEARCH_INITIALIZATION", "details": {"message": "Initializing population and research loop"}}
{"timestamp": "2026-10-04 14:48:48 UTC", "ts": 1791125328.999083, "from_stage": "RESEARCH_INITIALIZATION", "to_stage": "RESEARCH", "details": {"message": "Starting research generation loop"}}
{"timestamp": "2026-10-04 14:48:49 UTC", "ts": 1791125329.002787, "from_stage": "DATA_SYNC", "to_stage": "RESEARCH", "details": {"reason": "Test transition"}}
{"timestamp": "2026-10-04 14:48:50 UTC", "ts": 1791125330.064904, "from_stage": "INIT", "to_stage": "DATA_DISCOVERY", "details": {"message": "Scanning DATA_ROOT and discovering reusable artifacts"}}
{"timestamp": "2026-10-04 14:48:50 UTC", "ts": 1791125330.072557, "from_stage": "DATA_DISCOVERY", "to_stage": "DATA_SYNC", "details": {"message": "Market data sync initiated"}}
{"timestamp": "2026-10-04 14:48:50 UTC", "ts": 1791125330.091601, "from_stage": "DATA_SYNC", "to_stage": "DATA_VALIDATION", "details": {"message": "Validating bar ranges and OHLC integrity"}}
{"timestamp": "2026-10-04 14:48:50 UTC", "ts": 1791125330.101236, "from_stage": "INIT", "to_stage": "DATA_DISCOVERY", "details": {"message": "Scanning DATA_ROOT and discovering reusable artifacts"}}
{"timestamp": "2026-10-04 14:48:50 UTC", "ts": 1791125330.109108, "from_stage": "DATA_VALIDATION", "to_stage": "FEATURE_DISCOVERY", "details": {"message": "Discovering cached indicator arrays"}}
{"timestamp": "2026-10-04 14:48:50 UTC", "ts": 1791125330.117614, "from_stage": "DATA_DISCOVERY", "to_stage": "DATA_SYNC", "details": {"message": "Market data sync initiated"}}
{"timestamp": "2026-10-04 14:48:50 UTC", "ts": 1791125330.128404, "from_stage": "FEATURE_DISCOVERY", "to_stage": "FEATURE_PRECOMPUTATION", "details": {"message": "Precomputing features for 0 datasets"}}
{"timestamp": "2026-10-04 14:48:50 UTC", "ts": 1791125330.135942, "from_stage": "INIT", "to_stage": "DATA_DISCOVERY", "details": {"message": "Scanning DATA_ROOT and discovering reusable artifacts"}}
{"timestamp": "2026-10-04 14:48:50 UTC", "ts": 1791125330.141936, "from_stage": "FEATURE_PRECOMPUTATION", "to_stage": "FEATURE_VALIDATION", "details": {"message": "Verifying column schemas and row counts"}}
{"timestamp": "2026-10-04 14:48:50 UTC", "ts": 1791125330.145576, "from_stage": "DATA_SYNC", "to_stage": "DATA_VALIDATION", "details": {"message": "Validating bar ranges and OHLC integrity"}}
{"timestamp": "2026-10-04 14:48:50 UTC", "ts": 1791125330.160934, "from_stage": "DATA_DISCOVERY", "to_stage": "DATA_SYNC", "details": {"message": "Market data sync initiated"}}
{"timestamp": "2026-10-04 14:48:50 UTC", "ts": 1791125330.174328, "from_stage": "DATA_VALIDATION", "to_stage": "FEATURE_DISCOVERY", "details": {"message": "Discovering cached indicator arrays"}}
{"timestamp": "2026-10-04 14:48:50 UTC", "ts": 1791125330.201062, "from_stage": "DATA_SYNC", "to_stage": "DATA_VALIDATION", "details": {"message": "Validating bar ranges and OHLC integrity"}}
{"timestamp": "2026-10-04 14:48:50 UTC", "ts": 1791125330.213961, "from_stage": "FEATURE_DISCOVERY", "to_stage": "FEATURE_PRECOMPUTATION", "details": {"message": "Precomputing features for 0 datasets"}}
{"timestamp": "2026-10-04 14:48:50 UTC", "ts": 1791125330.236272, "from_stage": "FEATURE_VALIDATION", "to_stage": "DATASET_REGISTRATION", "details": {"message": "All datasets and features registered in catalog"}}
{"timestamp": "2026-10-04 14:48:50 UTC", "ts": 1791125330.23912, "from_stage": "DATA_VALIDATION", "to_stage": "FEATURE_DISCOVERY", "details": {"message": "Discovering cached indicator arrays"}}
{"timestamp": "2026-10-04 14:48:50 UTC", "ts": 1791125330.257783, "from_stage": "FEATURE_PRECOMPUTATION", "to_stage": "FEATURE_VALIDATION", "details": {"message": "Verifying column schemas and row counts"}}
{"timestamp": "2026-10-04 14:48:50 UTC", "ts": 1791125330.258127, "from_stage": "NODE_GENERATION", "to_stage": "EVALUATION", "details": {"nodes": 100}}
{"timestamp": "2026-10-04 14:48:50 UTC", "ts": 1791125330.26436, "from_stage": "DATASET_REGISTRATION", "to_stage": "RESEARCH_INITIALIZATION", "details": {"message": "Initializing population and research loop"}}
{"timestamp": "2026-10-04 14:48:50 UTC", "ts": 1791125330.267739, "from_stage": "RESEARCH_INITIALIZATION", "to_stage": "RESEARCH", "details": {"message": "Starting research generation loop"}}
{"timestamp": "2026-10-04 14:48:50 UTC", "ts": 1791125330.275845, "from_stage": "FEATURE_DISCOVERY", "to_stage": "FEATURE_PRECOMPUTATION", "details": {"message": "Precomputing features for 0 datasets"}}
{"timestamp": "2026-10-04 14:48:50 UTC", "ts": 1791125330.285284, "from_stage": "FEATURE_PRECOMPUTATION", "to_stage": "FEATURE_VALIDATION", "details": {"message": "Verifying column schemas and row counts"}}
{"timestamp": "2026-10-04 14:48:50 UTC", "ts": 1791125330.322844, "from_stage": "FEATURE_VALIDATION", "to_stage": "DATASET_REGISTRATION", "details": {"message": "All datasets and features registered in catalog"}}
{"timestamp": "2026-10-04 14:48:50 UTC", "ts": 1791125330.332705, "from_stage": "DATASET_REGISTRATION", "to_stage": "RESEARCH_INITIALIZATION", "details": {"message": "Initializing population and research loop"}}
{"timestamp": "2026-10-04 14:48:50 UTC", "ts": 1791125330.341932, "from_stage": "RESEARCH_INITIALIZATION", "to_stage": "RESEARCH", "details": {"message": "Starting research generation loop"}}
{"timestamp": "2026-10-04 14:48:50 UTC", "ts": 1791125330.351308, "from_stage": "FEATURE_VALIDATION", "to_stage": "DATASET_REGISTRATION", "details": {"message": "All datasets and features registered in catalog"}}
{"timestamp": "2026-10-04 14:48:50 UTC", "ts": 1791125330.418347, "from_stage": "DATASET_REGISTRATION", "to_stage": "RESEARCH_INITIALIZATION", "details": {"message": "Initializing population and research loop"}}
{"timestamp": "2026-10-04 14:48:50 UTC", "ts": 1791125330.425696, "from_stage": "RESEARCH_INITIALIZATION", "to_stage": "RESEARCH", "details": {"message": "Starting research generation loop"}}
{"timestamp": "2026-10-04 14:48:50 UTC", "ts": 1791125330.453176, "from_stage": "RESEARCH", "to_stage": "BACKTESTING", "details": {"message": "Screening batch of 1 strategies"}}
{"timestamp": "2026-10-04 14:48:50 UTC", "ts": 1791125330.61163, "from_stage": "BACKTESTING", "to_stage": "VALIDATION", "details": {"reason": "Advancing 3 candidate strategies to validation", "current_nodes": 787, "target": 200}}
{"timestamp": "2026-10-04 14:48:50 UTC", "ts": 1791125330.651173, "from_stage": "RESEARCH", "to_stage": "BACKTESTING", "details": {"message": "Screening batch of 2 strategies"}}
{"timestamp": "2026-10-04 14:48:50 UTC", "ts": 1791125330.657815, "from_stage": "RESEARCH", "to_stage": "BACKTESTING", "details": {"message": "Screening batch of 2 strategies"}}
{"timestamp": "2026-10-04 14:48:50 UTC", "ts": 1791125330.661101, "from_stage": "VALIDATION", "to_stage": "QUALIFICATION", "details": {"message": "Advancing to qualification and specialization"}}
{"timestamp": "2026-10-04 14:48:51 UTC", "ts": 1791125331.142139, "from_stage": "BACKTESTING", "to_stage": "VALIDATION", "details": {"message": "Advancing from detailed testing to validation"}}
{"timestamp": "2026-10-04 14:48:51 UTC", "ts": 1791125331.156448, "from_stage": "VALIDATION", "to_stage": "VALIDATION", "details": {"reason": "Advancing 3 candidate strategies to validation", "current_nodes": 787, "target": 200}}
{"timestamp": "2026-10-04 14:48:51 UTC", "ts": 1791125331.166822, "from_stage": "QUALIFICATION", "to_stage": "EVOLUTION", "details": {"reason": "Specialization pass complete; advancing to generation evaluation", "current_nodes": 787, "target": 200}}
{"timestamp": "2026-10-04 14:48:51 UTC", "ts": 1791125331.179581, "from_stage": "BACKTESTING", "to_stage": "VALIDATION", "details": {"message": "Advancing from detailed testing to validation"}}
{"timestamp": "2026-10-04 14:48:51 UTC", "ts": 1791125331.185318, "from_stage": "VALIDATION", "to_stage": "VALIDATION", "details": {"reason": "Advancing 1 candidate strategies to validation", "current_nodes": 787, "target": 200}}
{"timestamp": "2026-10-04 14:48:51 UTC", "ts": 1791125331.193232, "from_stage": "VALIDATION", "to_stage": "QUALIFICATION", "details": {"message": "Advancing to qualification and specialization"}}
{"timestamp": "2026-10-04 14:48:51 UTC", "ts": 1791125331.211766, "from_stage": "VALIDATION", "to_stage": "QUALIFICATION", "details": {"message": "Advancing to qualification and specialization"}}
{"timestamp": "2026-10-04 14:48:51 UTC", "ts": 1791125331.236663, "from_stage": "QUALIFICATION", "to_stage": "EVOLUTION", "details": {"reason": "Specialization pass complete; advancing to generation evaluation", "current_nodes": 787, "target": 200}}
{"timestamp": "2026-10-04 14:48:51 UTC", "ts": 1791125331.244277, "from_stage": "QUALIFICATION", "to_stage": "EVOLUTION", "details": {"reason": "Specialization pass complete; advancing to generation evaluation", "current_nodes": 787, "target": 200}}
{"timestamp": "2026-10-04 14:54:00 UTC", "ts": 1791125640.497029, "from_stage": "RESEARCH", "to_stage": "BACKTESTING", "details": {"reason": "5 nodes ready for screening", "current_nodes": 5, "target": 50}}
{"timestamp": "2026-10-04 14:54:02 UTC", "ts": 1791125642.535252, "from_stage": "DATA_SYNC", "to_stage": "DATA_VALIDATION", "details": {}}
{"timestamp": "2026-10-04 14:54:02 UTC", "ts": 1791125642.541198, "from_stage": "DATA_VALIDATION", "to_stage": "FEATURE_DISCOVERY", "details": {}}
{"timestamp": "2026-10-04 14:54:02 UTC", "ts": 1791125642.546314, "from_stage": "FEATURE_DISCOVERY", "to_stage": "FEATURE_PRECOMPUTATION", "details": {}}
{"timestamp": "2026-10-04 14:54:02 UTC", "ts": 1791125642.554679, "from_stage": "FEATURE_PRECOMPUTATION", "to_stage": "FEATURE_VALIDATION", "details": {"message": "Verifying column schemas"}}
{"timestamp": "2026-10-04 14:54:02 UTC", "ts": 1791125642.560062, "from_stage": "FEATURE_VALIDATION", "to_stage": "DATASET_REGISTRATION", "details": {"message": "Registering dataset"}}
{"timestamp": "2026-10-04 14:54:02 UTC", "ts": 1791125642.565497, "from_stage": "DATASET_REGISTRATION", "to_stage": "RESEARCH_INITIALIZATION", "details": {"message": "Initializing population"}}
{"timestamp": "2026-10-04 14:54:02 UTC", "ts": 1791125642.571232, "from_stage": "RESEARCH_INITIALIZATION", "to_stage": "NODE_GENERATION", "details": {"message": "Generating candidates"}}
{"timestamp": "2026-10-04 14:54:02 UTC", "ts": 1791125642.576689, "from_stage": "NODE_GENERATION", "to_stage": "NODE_EVALUATION", "details": {"message": "Screening candidate nodes"}}
{"timestamp": "2026-10-04 14:54:04 UTC", "ts": 1791125644.003748, "from_stage": "INIT", "to_stage": "DATA_DISCOVERY", "details": {"message": "Scanning DATA_ROOT and discovering reusable artifacts"}}
{"timestamp": "2026-10-04 14:54:04 UTC", "ts": 1791125644.013342, "from_stage": "DATA_DISCOVERY", "to_stage": "DATA_SYNC", "details": {"message": "Market data sync initiated"}}
{"timestamp": "2026-10-04 14:54:04 UTC", "ts": 1791125644.171441, "from_stage": "DATA_SYNC", "to_stage": "DATA_VALIDATION", "details": {"message": "Validating bar ranges and OHLC integrity"}}
{"timestamp": "2026-10-04 14:54:04 UTC", "ts": 1791125644.177429, "from_stage": "DATA_VALIDATION", "to_stage": "FEATURE_DISCOVERY", "details": {"message": "Discovering cached indicator arrays"}}
{"timestamp": "2026-10-04 14:54:04 UTC", "ts": 1791125644.184014, "from_stage": "FEATURE_DISCOVERY", "to_stage": "FEATURE_PRECOMPUTATION", "details": {"message": "Precomputing features for 1 datasets"}}
{"timestamp": "2026-10-04 14:54:04 UTC", "ts": 1791125644.404226, "from_stage": "FEATURE_PRECOMPUTATION", "to_stage": "FEATURE_VALIDATION", "details": {"message": "Verifying column schemas and row counts"}}
{"timestamp": "2026-10-04 14:54:04 UTC", "ts": 1791125644.408988, "from_stage": "FEATURE_VALIDATION", "to_stage": "BLOCKED", "details": {"reason": "Feature validation failed", "action": "HALT_RESEARCH"}}
{"timestamp": "2026-10-04 14:54:04 UTC", "ts": 1791125644.44486, "from_stage": "RESEARCH", "to_stage": "BACKTESTING", "details": {"message": "Screening batch of 1 strategies"}}
{"timestamp": "2026-10-04 14:54:04 UTC", "ts": 1791125644.516805, "from_stage": "RESEARCH", "to_stage": "BACKTESTING", "details": {"message": "Screening batch of 1 strategies"}}
{"timestamp": "2026-10-04 14:54:05 UTC", "ts": 1791125645.405815, "from_stage": "DATA_SYNC", "to_stage": "DATA_VALIDATION", "details": {"test": true}}
{"timestamp": "2026-10-04 14:54:05 UTC", "ts": 1791125645.412438, "from_stage": "DATA_VALIDATION", "to_stage": "FEATURE_DISCOVERY", "details": {}}
{"timestamp": "2026-10-04 14:54:05 UTC", "ts": 1791125645.417441, "from_stage": "FEATURE_DISCOVERY", "to_stage": "FEATURE_PRECOMPUTATION", "details": {}}
{"timestamp": "2026-10-04 14:54:05 UTC", "ts": 1791125645.42514, "from_stage": "FEATURE_PRECOMPUTATION", "to_stage": "FEATURE_VALIDATION", "details": {}}
{"timestamp": "2026-10-04 14:54:05 UTC", "ts": 1791125645.431599, "from_stage": "FEATURE_VALIDATION", "to_stage": "DATASET_READY", "details": {}}
{"timestamp": "2026-10-04 14:54:05 UTC", "ts": 1791125645.436831, "from_stage": "DATASET_READY", "to_stage": "RESEARCH", "details": {}}
{"timestamp": "2026-10-04 14:54:05 UTC", "ts": 1791125645.451976, "from_stage": "INIT", "to_stage": "DATA_DISCOVERY", "details": {"message": "Scanning DATA_ROOT and discovering reusable artifacts"}}
{"timestamp": "2026-10-04 14:54:05 UTC", "ts": 1791125645.464048, "from_stage": "DATA_DISCOVERY", "to_stage": "DATA_SYNC", "details": {"message": "Market data sync initiated"}}
{"timestamp": "2026-10-04 14:54:05 UTC", "ts": 1791125645.473506, "from_stage": "DATA_SYNC", "to_stage": "DATA_VALIDATION", "details": {"message": "Validating bar ranges and OHLC integrity"}}
{"timestamp": "2026-10-04 14:54:05 UTC", "ts": 1791125645.481794, "from_stage": "DATA_VALIDATION", "to_stage": "FEATURE_DISCOVERY", "details": {"message": "Discovering cached indicator arrays"}}
{"timestamp": "2026-10-04 14:54:05 UTC", "ts": 1791125645.579177, "from_stage": "FEATURE_DISCOVERY", "to_stage": "FEATURE_PRECOMPUTATION", "details": {"message": "Precomputing features for 0 datasets"}}
{"timestamp": "2026-10-04 14:54:05 UTC", "ts": 1791125645.584268, "from_stage": "FEATURE_PRECOMPUTATION", "to_stage": "FEATURE_VALIDATION", "details": {"message": "Verifying column schemas and row counts"}}
{"timestamp": "2026-10-04 14:54:05 UTC", "ts": 1791125645.699704, "from_stage": "FEATURE_VALIDATION", "to_stage": "BLOCKED", "details": {"reason": "Feature validation failed", "action": "HALT_RESEARCH"}}
{"timestamp": "2026-10-04 14:54:05 UTC", "ts": 1791125645.737363, "from_stage": "DATA_SYNC", "to_stage": "RESEARCH", "details": {"reason": "Test transition"}}
{"timestamp": "2026-10-04 14:54:06 UTC", "ts": 1791125646.872244, "from_stage": "INIT", "to_stage": "DATA_DISCOVERY", "details": {"message": "Scanning DATA_ROOT and discovering reusable artifacts"}}
{"timestamp": "2026-10-04 14:54:06 UTC", "ts": 1791125646.885848, "from_stage": "DATA_DISCOVERY", "to_stage": "DATA_SYNC", "details": {"message": "Market data sync initiated"}}
{"timestamp": "2026-10-04 14:54:06 UTC", "ts": 1791125646.908274, "from_stage": "DATA_SYNC", "to_stage": "DATA_VALIDATION", "details": {"message": "Validating bar ranges and OHLC integrity"}}
{"timestamp": "2026-10-04 14:54:06 UTC", "ts": 1791125646.939507, "from_stage": "DATA_VALIDATION", "to_stage": "FEATURE_DISCOVERY", "details": {"message": "Discovering cached indicator arrays"}}
{"timestamp": "2026-10-04 14:54:06 UTC", "ts": 1791125646.961575, "from_stage": "INIT", "to_stage": "DATA_DISCOVERY", "details": {"message": "Scanning DATA_ROOT and discovering reusable artifacts"}}
{"timestamp": "2026-10-04 14:54:06 UTC", "ts": 1791125646.987898, "from_stage": "INIT", "to_stage": "DATA_DISCOVERY", "details": {"message": "Scanning DATA_ROOT and discovering reusable artifacts"}}
{"timestamp": "2026-10-04 14:54:07 UTC", "ts": 1791125647.004854, "from_stage": "DATA_DISCOVERY", "to_stage": "DATA_SYNC", "details": {"message": "Market data sync initiated"}}
{"timestamp": "2026-10-04 14:54:07 UTC", "ts": 1791125647.01642, "from_stage": "FEATURE_DISCOVERY", "to_stage": "FEATURE_PRECOMPUTATION", "details": {"message": "Precomputing features for 1 datasets"}}
{"timestamp": "2026-10-04 14:54:07 UTC", "ts": 1791125647.034416, "from_stage": "DATA_DISCOVERY", "to_stage": "DATA_SYNC", "details": {"message": "Market data sync initiated"}}
{"timestamp": "2026-10-04 14:54:07 UTC", "ts": 1791125647.061655, "from_stage": "DATA_SYNC", "to_stage": "DATA_VALIDATION", "details": {"message": "Validating bar ranges and OHLC integrity"}}
{"timestamp": "2026-10-04 14:54:07 UTC", "ts": 1791125647.118634, "from_stage": "NODE_GENERATION", "to_stage": "EVALUATION", "details": {"nodes": 100}}
{"timestamp": "2026-10-04 14:54:07 UTC", "ts": 1791125647.124449, "from_stage": "DATA_SYNC", "to_stage": "DATA_VALIDATION", "details": {"message": "Validating bar ranges and OHLC integrity"}}
{"timestamp": "2026-10-04 14:54:07 UTC", "ts": 1791125647.16071, "from_stage": "DATA_VALIDATION", "to_stage": "FEATURE_DISCOVERY", "details": {"message": "Discovering cached indicator arrays"}}
{"timestamp": "2026-10-04 14:54:07 UTC", "ts": 1791125647.19487, "from_stage": "DATA_VALIDATION", "to_stage": "FEATURE_DISCOVERY", "details": {"message": "Discovering cached indicator arrays"}}
{"timestamp": "2026-10-04 14:54:07 UTC", "ts": 1791125647.237953, "from_stage": "FEATURE_DISCOVERY", "to_stage": "FEATURE_PRECOMPUTATION", "details": {"message": "Precomputing features for 1 datasets"}}
{"timestamp": "2026-10-04 14:54:07 UTC", "ts": 1791125647.385859, "from_stage": "FEATURE_PRECOMPUTATION", "to_stage": "FEATURE_VALIDATION", "details": {"message": "Verifying column schemas and row counts"}}
{"timestamp": "2026-10-04 14:54:07 UTC", "ts": 1791125647.403315, "from_stage": "FEATURE_DISCOVERY", "to_stage": "FEATURE_PRECOMPUTATION", "details": {"message": "Precomputing features for 1 datasets"}}
{"timestamp": "2026-10-04 14:54:07 UTC", "ts": 1791125647.450581, "from_stage": "FEATURE_VALIDATION", "to_stage": "BLOCKED", "details": {"reason": "Feature validation failed", "action": "HALT_RESEARCH"}}
{"timestamp": "2026-10-04 14:54:07 UTC", "ts": 1791125647.487995, "from_stage": "FEATURE_PRECOMPUTATION", "to_stage": "FEATURE_VALIDATION", "details": {"message": "Verifying column schemas and row counts"}}
{"timestamp": "2026-10-04 14:54:07 UTC", "ts": 1791125647.579056, "from_stage": "FEATURE_VALIDATION", "to_stage": "BLOCKED", "details": {"reason": "Feature validation failed", "action": "HALT_RESEARCH"}}
{"timestamp": "2026-10-04 14:54:07 UTC", "ts": 1791125647.781916, "from_stage": "FEATURE_PRECOMPUTATION", "to_stage": "FEATURE_VALIDATION", "details": {"message": "Verifying column schemas and row counts"}}
{"timestamp": "2026-10-04 14:54:07 UTC", "ts": 1791125647.974193, "from_stage": "FEATURE_VALIDATION", "to_stage": "DATASET_REGISTRATION", "details": {"message": "All datasets and features registered in catalog"}}
{"timestamp": "2026-10-04 14:54:08 UTC", "ts": 1791125648.00361, "from_stage": "DATASET_REGISTRATION", "to_stage": "RESEARCH_INITIALIZATION", "details": {"message": "Initializing population and research loop"}}
{"timestamp": "2026-10-04 14:54:08 UTC", "ts": 1791125648.009177, "from_stage": "RESEARCH_INITIALIZATION", "to_stage": "RESEARCH", "details": {"message": "Starting research generation loop"}}
{"timestamp": "2026-10-04 14:54:08 UTC", "ts": 1791125648.371274, "from_stage": "RESEARCH", "to_stage": "BACKTESTING", "details": {"message": "Screening batch of 1 strategies"}}
{"timestamp": "2026-10-04 14:54:08 UTC", "ts": 1791125648.595483, "from_stage": "BACKTESTING", "to_stage": "VALIDATION", "details": {"message": "Advancing from detailed testing to validation"}}
{"timestamp": "2026-10-04 14:54:08 UTC", "ts": 1791125648.627348, "from_stage": "VALIDATION", "to_stage": "VALIDATION", "details": {"reason": "Advancing 3 candidate strategies to validation", "current_nodes": 787, "target": 200}}
{"timestamp": "2026-10-04 14:54:08 UTC", "ts": 1791125648.664697, "from_stage": "VALIDATION", "to_stage": "QUALIFICATION", "details": {"message": "Advancing to qualification and specialization"}}
{"timestamp": "2026-10-04 14:54:09 UTC", "ts": 1791125649.106581, "from_stage": "QUALIFICATION", "to_stage": "EVOLUTION", "details": {"reason": "Specialization pass complete; advancing to generation evaluation", "current_nodes": 787, "target": 200}}
{"timestamp": "2026-10-04 14:54:19 UTC", "ts": 1791125659.166649, "from_stage": "DATA_SYNC", "to_stage": "DATA_VALIDATION", "details": {"test": true}}
{"timestamp": "2026-10-04 14:54:19 UTC", "ts": 1791125659.171359, "from_stage": "DATA_VALIDATION", "to_stage": "FEATURE_DISCOVERY", "details": {}}
{"timestamp": "2026-10-04 14:54:19 UTC", "ts": 1791125659.175968, "from_stage": "FEATURE_DISCOVERY", "to_stage": "FEATURE_PRECOMPUTATION", "details": {}}
{"timestamp": "2026-10-04 14:54:19 UTC", "ts": 1791125659.180572, "from_stage": "FEATURE_PRECOMPUTATION", "to_stage": "FEATURE_VALIDATION", "details": {}}
{"timestamp": "2026-10-04 14:54:19 UTC", "ts": 1791125659.184969, "from_stage": "FEATURE_VALIDATION", "to_stage": "DATASET_READY", "details": {}}
{"timestamp": "2026-10-04 14:54:19 UTC", "ts": 1791125659.18945, "from_stage": "DATASET_READY", "to_stage": "RESEARCH", "details": {}}
{"timestamp": "2026-10-04 14:54:19 UTC", "ts": 1791125659.252247, "from_stage": "INIT", "to_stage": "DATA_DISCOVERY", "details": {"message": "Scanning DATA_ROOT and discovering reusable artifacts"}}
{"timestamp": "2026-10-04 14:54:19 UTC", "ts": 1791125659.274087, "from_stage": "DATA_DISCOVERY", "to_stage": "DATA_SYNC", "details": {"message": "Market data sync initiated"}}
{"timestamp": "2026-10-04 14:54:19 UTC", "ts": 1791125659.420897, "from_stage": "DATA_SYNC", "to_stage": "DATA_VALIDATION", "details": {"message": "Validating bar ranges and OHLC integrity"}}
{"timestamp": "2026-10-04 14:54:19 UTC", "ts": 1791125659.42835, "from_stage": "DATA_VALIDATION", "to_stage": "FEATURE_DISCOVERY", "details": {"message": "Discovering cached indicator arrays"}}
{"timestamp": "2026-10-04 14:54:19 UTC", "ts": 1791125659.550732, "from_stage": "FEATURE_DISCOVERY", "to_stage": "FEATURE_PRECOMPUTATION", "details": {"message": "Precomputing features for 0 datasets"}}
{"timestamp": "2026-10-04 14:54:19 UTC", "ts": 1791125659.555301, "from_stage": "FEATURE_PRECOMPUTATION", "to_stage": "FEATURE_VALIDATION", "details": {"message": "Verifying column schemas and row counts"}}
{"timestamp": "2026-10-04 14:54:19 UTC", "ts": 1791125659.594266, "from_stage": "FEATURE_VALIDATION", "to_stage": "DATASET_REGISTRATION", "details": {"message": "All datasets and features registered in catalog"}}
{"timestamp": "2026-10-04 14:54:19 UTC", "ts": 1791125659.599121, "from_stage": "DATASET_REGISTRATION", "to_stage": "RESEARCH_INITIALIZATION", "details": {"message": "Initializing population and research loop"}}
{"timestamp": "2026-10-04 14:54:19 UTC", "ts": 1791125659.603473, "from_stage": "RESEARCH_INITIALIZATION", "to_stage": "RESEARCH", "details": {"message": "Starting research generation loop"}}
{"timestamp": "2026-10-04 14:54:25 UTC", "ts": 1791125665.054561, "from_stage": "DATA_SYNC", "to_stage": "DATA_VALIDATION", "details": {"test": true}}
{"timestamp": "2026-10-04 14:54:25 UTC", "ts": 1791125665.059206, "from_stage": "DATA_VALIDATION", "to_stage": "FEATURE_DISCOVERY", "details": {}}
{"timestamp": "2026-10-04 14:54:25 UTC", "ts": 1791125665.063644, "from_stage": "FEATURE_DISCOVERY", "to_stage": "FEATURE_PRECOMPUTATION", "details": {}}
{"timestamp": "2026-10-04 14:54:25 UTC", "ts": 1791125665.067923, "from_stage": "FEATURE_PRECOMPUTATION", "to_stage": "FEATURE_VALIDATION", "details": {}}
{"timestamp": "2026-10-04 14:54:25 UTC", "ts": 1791125665.072221, "from_stage": "FEATURE_VALIDATION", "to_stage": "DATASET_READY", "details": {}}
{"timestamp": "2026-10-04 14:54:25 UTC", "ts": 1791125665.076711, "from_stage": "DATASET_READY", "to_stage": "RESEARCH", "details": {}}
{"timestamp": "2026-10-04 14:54:25 UTC", "ts": 1791125665.182249, "from_stage": "INIT", "to_stage": "DATA_DISCOVERY", "details": {"message": "Scanning DATA_ROOT and discovering reusable artifacts"}}
{"timestamp": "2026-10-04 14:54:25 UTC", "ts": 1791125665.200022, "from_stage": "DATA_DISCOVERY", "to_stage": "DATA_SYNC", "details": {"message": "Market data sync initiated"}}
{"timestamp": "2026-10-04 14:54:25 UTC", "ts": 1791125665.318063, "from_stage": "DATA_SYNC", "to_stage": "DATA_VALIDATION", "details": {"message": "Validating bar ranges and OHLC integrity"}}
{"timestamp": "2026-10-04 14:54:25 UTC", "ts": 1791125665.324731, "from_stage": "DATA_VALIDATION", "to_stage": "FEATURE_DISCOVERY", "details": {"message": "Discovering cached indicator arrays"}}
{"timestamp": "2026-10-04 14:54:25 UTC", "ts": 1791125665.412895, "from_stage": "FEATURE_DISCOVERY", "to_stage": "FEATURE_PRECOMPUTATION", "details": {"message": "Precomputing features for 0 datasets"}}
{"timestamp": "2026-10-04 14:54:25 UTC", "ts": 1791125665.417017, "from_stage": "FEATURE_PRECOMPUTATION", "to_stage": "FEATURE_VALIDATION", "details": {"message": "Verifying column schemas and row counts"}}
{"timestamp": "2026-10-04 14:54:25 UTC", "ts": 1791125665.449661, "from_stage": "FEATURE_VALIDATION", "to_stage": "DATASET_REGISTRATION", "details": {"message": "All datasets and features registered in catalog"}}
{"timestamp": "2026-10-04 14:54:25 UTC", "ts": 1791125665.453652, "from_stage": "DATASET_REGISTRATION", "to_stage": "RESEARCH_INITIALIZATION", "details": {"message": "Initializing population and research loop"}}
{"timestamp": "2026-10-04 14:54:25 UTC", "ts": 1791125665.457637, "from_stage": "RESEARCH_INITIALIZATION", "to_stage": "RESEARCH", "details": {"message": "Starting research generation loop"}}
{"timestamp": "2026-10-04 14:54:29 UTC", "ts": 1791125669.645516, "from_stage": "INIT", "to_stage": "DATA_DISCOVERY", "details": {"message": "Scanning DATA_ROOT and discovering reusable artifacts"}}
{"timestamp": "2026-10-04 14:54:29 UTC", "ts": 1791125669.653542, "from_stage": "DATA_DISCOVERY", "to_stage": "DATA_SYNC", "details": {"message": "Market data sync initiated"}}
{"timestamp": "2026-10-04 14:54:29 UTC", "ts": 1791125669.811183, "from_stage": "DATA_SYNC", "to_stage": "DATA_VALIDATION", "details": {"message": "Validating bar ranges and OHLC integrity"}}
{"timestamp": "2026-10-04 14:54:29 UTC", "ts": 1791125669.814372, "from_stage": "DATA_VALIDATION", "to_stage": "FEATURE_DISCOVERY", "details": {"message": "Discovering cached indicator arrays"}}
{"timestamp": "2026-10-04 14:54:29 UTC", "ts": 1791125669.831914, "from_stage": "FEATURE_DISCOVERY", "to_stage": "FEATURE_PRECOMPUTATION", "details": {"message": "Precomputing features for 1 datasets"}}
{"timestamp": "2026-10-04 14:54:29 UTC", "ts": 1791125669.930642, "from_stage": "FEATURE_PRECOMPUTATION", "to_stage": "FEATURE_VALIDATION", "details": {"message": "Verifying column schemas and row counts"}}
{"timestamp": "2026-10-04 14:54:29 UTC", "ts": 1791125669.933415, "from_stage": "FEATURE_VALIDATION", "to_stage": "BLOCKED", "details": {"reason": "Feature validation failed", "action": "HALT_RESEARCH"}}
{"timestamp": "2026-10-04 14:54:29 UTC", "ts": 1791125669.961148, "from_stage": "RESEARCH", "to_stage": "BACKTESTING", "details": {"message": "Screening batch of 1 strategies"}}
{"timestamp": "2026-10-04 14:54:30 UTC", "ts": 1791125670.017744, "from_stage": "RESEARCH", "to_stage": "BACKTESTING", "details": {"message": "Screening batch of 1 strategies"}}
{"timestamp": "2026-10-04 14:54:30 UTC", "ts": 1791125670.855663, "from_stage": "DATA_SYNC", "to_stage": "DATA_VALIDATION", "details": {"test": true}}
{"timestamp": "2026-10-04 14:54:30 UTC", "ts": 1791125670.859031, "from_stage": "DATA_VALIDATION", "to_stage": "FEATURE_DISCOVERY", "details": {}}
{"timestamp": "2026-10-04 14:54:30 UTC", "ts": 1791125670.862311, "from_stage": "FEATURE_DISCOVERY", "to_stage": "FEATURE_PRECOMPUTATION", "details": {}}
{"timestamp": "2026-10-04 14:54:30 UTC", "ts": 1791125670.868271, "from_stage": "FEATURE_PRECOMPUTATION", "to_stage": "FEATURE_VALIDATION", "details": {}}
{"timestamp": "2026-10-04 14:54:30 UTC", "ts": 1791125670.871604, "from_stage": "FEATURE_VALIDATION", "to_stage": "DATASET_READY", "details": {}}
{"timestamp": "2026-10-04 14:54:30 UTC", "ts": 1791125670.874872, "from_stage": "DATASET_READY", "to_stage": "RESEARCH", "details": {}}
{"timestamp": "2026-10-04 14:54:30 UTC", "ts": 1791125670.887525, "from_stage": "INIT", "to_stage": "DATA_DISCOVERY", "details": {"message": "Scanning DATA_ROOT and discovering reusable artifacts"}}
{"timestamp": "2026-10-04 14:54:30 UTC", "ts": 1791125670.89583, "from_stage": "DATA_DISCOVERY", "to_stage": "DATA_SYNC", "details": {"message": "Market data sync initiated"}}
{"timestamp": "2026-10-04 14:54:30 UTC", "ts": 1791125670.903694, "from_stage": "DATA_SYNC", "to_stage": "DATA_VALIDATION", "details": {"message": "Validating bar ranges and OHLC integrity"}}
{"timestamp": "2026-10-04 14:54:30 UTC", "ts": 1791125670.910179, "from_stage": "DATA_VALIDATION", "to_stage": "FEATURE_DISCOVERY", "details": {"message": "Discovering cached indicator arrays"}}
{"timestamp": "2026-10-04 14:54:30 UTC", "ts": 1791125670.994258, "from_stage": "FEATURE_DISCOVERY", "to_stage": "FEATURE_PRECOMPUTATION", "details": {"message": "Precomputing features for 0 datasets"}}
{"timestamp": "2026-10-04 14:54:30 UTC", "ts": 1791125670.997282, "from_stage": "FEATURE_PRECOMPUTATION", "to_stage": "FEATURE_VALIDATION", "details": {"message": "Verifying column schemas and row counts"}}
{"timestamp": "2026-10-04 14:54:31 UTC", "ts": 1791125671.029897, "from_stage": "FEATURE_VALIDATION", "to_stage": "DATASET_REGISTRATION", "details": {"message": "All datasets and features registered in catalog"}}
{"timestamp": "2026-10-04 14:54:31 UTC", "ts": 1791125671.033075, "from_stage": "DATASET_REGISTRATION", "to_stage": "RESEARCH_INITIALIZATION", "details": {"message": "Initializing population and research loop"}}
{"timestamp": "2026-10-04 14:54:31 UTC", "ts": 1791125671.03635, "from_stage": "RESEARCH_INITIALIZATION", "to_stage": "RESEARCH", "details": {"message": "Starting research generation loop"}}
{"timestamp": "2026-10-04 14:54:37 UTC", "ts": 1791125677.177462, "from_stage": "RESEARCH", "to_stage": "BACKTESTING", "details": {"reason": "5 nodes ready for screening", "current_nodes": 5, "target": 50}}
{"timestamp": "2026-10-04 14:54:39 UTC", "ts": 1791125679.856931, "from_stage": "DATA_SYNC", "to_stage": "DATA_VALIDATION", "details": {}}
{"timestamp": "2026-10-04 14:54:39 UTC", "ts": 1791125679.86214, "from_stage": "DATA_VALIDATION", "to_stage": "FEATURE_DISCOVERY", "details": {}}
{"timestamp": "2026-10-04 14:54:39 UTC", "ts": 1791125679.867461, "from_stage": "FEATURE_DISCOVERY", "to_stage": "FEATURE_PRECOMPUTATION", "details": {}}
{"timestamp": "2026-10-04 14:54:39 UTC", "ts": 1791125679.875354, "from_stage": "FEATURE_PRECOMPUTATION", "to_stage": "FEATURE_VALIDATION", "details": {"message": "Verifying column schemas"}}
{"timestamp": "2026-10-04 14:54:39 UTC", "ts": 1791125679.88051, "from_stage": "FEATURE_VALIDATION", "to_stage": "DATASET_REGISTRATION", "details": {"message": "Registering dataset"}}
{"timestamp": "2026-10-04 14:54:39 UTC", "ts": 1791125679.8858, "from_stage": "DATASET_REGISTRATION", "to_stage": "RESEARCH_INITIALIZATION", "details": {"message": "Initializing population"}}
{"timestamp": "2026-10-04 14:54:39 UTC", "ts": 1791125679.891093, "from_stage": "RESEARCH_INITIALIZATION", "to_stage": "NODE_GENERATION", "details": {"message": "Generating candidates"}}
{"timestamp": "2026-10-04 14:54:39 UTC", "ts": 1791125679.896331, "from_stage": "NODE_GENERATION", "to_stage": "NODE_EVALUATION", "details": {"message": "Screening candidate nodes"}}
{"timestamp": "2026-10-04 14:54:40 UTC", "ts": 1791125680.908956, "from_stage": "DATA_SYNC", "to_stage": "DATA_VALIDATION", "details": {"test": true}}
{"timestamp": "2026-10-04 14:54:40 UTC", "ts": 1791125680.913742, "from_stage": "DATA_VALIDATION", "to_stage": "FEATURE_DISCOVERY", "details": {}}
{"timestamp": "2026-10-04 14:54:40 UTC", "ts": 1791125680.918611, "from_stage": "FEATURE_DISCOVERY", "to_stage": "FEATURE_PRECOMPUTATION", "details": {}}
{"timestamp": "2026-10-04 14:54:40 UTC", "ts": 1791125680.923337, "from_stage": "FEATURE_PRECOMPUTATION", "to_stage": "FEATURE_VALIDATION", "details": {}}
{"timestamp": "2026-10-04 14:54:40 UTC", "ts": 1791125680.92817, "from_stage": "FEATURE_VALIDATION", "to_stage": "DATASET_READY", "details": {}}
{"timestamp": "2026-10-04 14:54:40 UTC", "ts": 1791125680.935349, "from_stage": "DATASET_READY", "to_stage": "RESEARCH", "details": {}}
{"timestamp": "2026-10-04 14:54:41 UTC", "ts": 1791125681.00076, "from_stage": "INIT", "to_stage": "DATA_DISCOVERY", "details": {"message": "Scanning DATA_ROOT and discovering reusable artifacts"}}
{"timestamp": "2026-10-04 14:54:41 UTC", "ts": 1791125681.023043, "from_stage": "DATA_DISCOVERY", "to_stage": "DATA_SYNC", "details": {"message": "Market data sync initiated"}}
{"timestamp": "2026-10-04 14:54:41 UTC", "ts": 1791125681.153605, "from_stage": "DATA_SYNC", "to_stage": "DATA_VALIDATION", "details": {"message": "Validating bar ranges and OHLC integrity"}}
{"timestamp": "2026-10-04 14:54:41 UTC", "ts": 1791125681.161752, "from_stage": "DATA_VALIDATION", "to_stage": "FEATURE_DISCOVERY", "details": {"message": "Discovering cached indicator arrays"}}
{"timestamp": "2026-10-04 14:54:41 UTC", "ts": 1791125681.259959, "from_stage": "FEATURE_DISCOVERY", "to_stage": "FEATURE_PRECOMPUTATION", "details": {"message": "Precomputing features for 1 datasets"}}
{"timestamp": "2026-10-04 14:54:41 UTC", "ts": 1791125681.426102, "from_stage": "FEATURE_PRECOMPUTATION", "to_stage": "FEATURE_VALIDATION", "details": {"message": "Verifying column schemas and row counts"}}
{"timestamp": "2026-10-04 14:54:41 UTC", "ts": 1791125681.468276, "from_stage": "FEATURE_VALIDATION", "to_stage": "DATASET_REGISTRATION", "details": {"message": "All datasets and features registered in catalog"}}
{"timestamp": "2026-10-04 14:54:41 UTC", "ts": 1791125681.472947, "from_stage": "DATASET_REGISTRATION", "to_stage": "RESEARCH_INITIALIZATION", "details": {"message": "Initializing population and research loop"}}
{"timestamp": "2026-10-04 14:54:41 UTC", "ts": 1791125681.479745, "from_stage": "RESEARCH_INITIALIZATION", "to_stage": "RESEARCH", "details": {"message": "Starting research generation loop"}}
{"timestamp": "2026-10-04 14:54:45 UTC", "ts": 1791125685.181035, "from_stage": "DATA_SYNC", "to_stage": "DATA_VALIDATION", "details": {"test": true}}
{"timestamp": "2026-10-04 14:54:45 UTC", "ts": 1791125685.185995, "from_stage": "DATA_VALIDATION", "to_stage": "FEATURE_DISCOVERY", "details": {}}
{"timestamp": "2026-10-04 14:54:45 UTC", "ts": 1791125685.190729, "from_stage": "FEATURE_DISCOVERY", "to_stage": "FEATURE_PRECOMPUTATION", "details": {}}
{"timestamp": "2026-10-04 14:54:45 UTC", "ts": 1791125685.195479, "from_stage": "FEATURE_PRECOMPUTATION", "to_stage": "FEATURE_VALIDATION", "details": {}}
{"timestamp": "2026-10-04 14:54:45 UTC", "ts": 1791125685.200258, "from_stage": "FEATURE_VALIDATION", "to_stage": "DATASET_READY", "details": {}}
{"timestamp": "2026-10-04 14:54:45 UTC", "ts": 1791125685.20499, "from_stage": "DATASET_READY", "to_stage": "RESEARCH", "details": {}}
{"timestamp": "2026-10-04 14:54:45 UTC", "ts": 1791125685.260757, "from_stage": "INIT", "to_stage": "DATA_DISCOVERY", "details": {"message": "Scanning DATA_ROOT and discovering reusable artifacts"}}
{"timestamp": "2026-10-04 14:54:45 UTC", "ts": 1791125685.32937, "from_stage": "DATA_DISCOVERY", "to_stage": "DATA_SYNC", "details": {"message": "Market data sync initiated"}}
{"timestamp": "2026-10-04 14:54:45 UTC", "ts": 1791125685.466587, "from_stage": "DATA_SYNC", "to_stage": "DATA_VALIDATION", "details": {"message": "Validating bar ranges and OHLC integrity"}}
{"timestamp": "2026-10-04 14:54:45 UTC", "ts": 1791125685.473951, "from_stage": "DATA_VALIDATION", "to_stage": "FEATURE_DISCOVERY", "details": {"message": "Discovering cached indicator arrays"}}
{"timestamp": "2026-10-04 14:54:45 UTC", "ts": 1791125685.615288, "from_stage": "FEATURE_DISCOVERY", "to_stage": "FEATURE_PRECOMPUTATION", "details": {"message": "Precomputing features for 0 datasets"}}
{"timestamp": "2026-10-04 14:54:45 UTC", "ts": 1791125685.619833, "from_stage": "FEATURE_PRECOMPUTATION", "to_stage": "FEATURE_VALIDATION", "details": {"message": "Verifying column schemas and row counts"}}
{"timestamp": "2026-10-04 14:54:45 UTC", "ts": 1791125685.659053, "from_stage": "FEATURE_VALIDATION", "to_stage": "DATASET_REGISTRATION", "details": {"message": "All datasets and features registered in catalog"}}
{"timestamp": "2026-10-04 14:54:45 UTC", "ts": 1791125685.663341, "from_stage": "DATASET_REGISTRATION", "to_stage": "RESEARCH_INITIALIZATION", "details": {"message": "Initializing population and research loop"}}
{"timestamp": "2026-10-04 14:54:45 UTC", "ts": 1791125685.667618, "from_stage": "RESEARCH_INITIALIZATION", "to_stage": "RESEARCH", "details": {"message": "Starting research generation loop"}}
{"timestamp": "2026-10-04 14:54:49 UTC", "ts": 1791125689.812, "from_stage": "INIT", "to_stage": "DATA_DISCOVERY", "details": {"message": "Scanning DATA_ROOT and discovering reusable artifacts"}}
{"timestamp": "2026-10-04 14:54:49 UTC", "ts": 1791125689.820418, "from_stage": "DATA_DISCOVERY", "to_stage": "DATA_SYNC", "details": {"message": "Market data sync initiated"}}
{"timestamp": "2026-10-04 14:54:49 UTC", "ts": 1791125689.970835, "from_stage": "DATA_SYNC", "to_stage": "DATA_VALIDATION", "details": {"message": "Validating bar ranges and OHLC integrity"}}
{"timestamp": "2026-10-04 14:54:49 UTC", "ts": 1791125689.97408, "from_stage": "DATA_VALIDATION", "to_stage": "FEATURE_DISCOVERY", "details": {"message": "Discovering cached indicator arrays"}}
{"timestamp": "2026-10-04 14:54:49 UTC", "ts": 1791125689.977716, "from_stage": "FEATURE_DISCOVERY", "to_stage": "FEATURE_PRECOMPUTATION", "details": {"message": "Precomputing features for 2 datasets"}}
{"timestamp": "2026-10-04 14:54:50 UTC", "ts": 1791125690.267909, "from_stage": "FEATURE_PRECOMPUTATION", "to_stage": "FEATURE_VALIDATION", "details": {"message": "Verifying column schemas and row counts"}}
{"timestamp": "2026-10-04 14:54:50 UTC", "ts": 1791125690.271054, "from_stage": "FEATURE_VALIDATION", "to_stage": "BLOCKED", "details": {"reason": "Feature validation failed", "action": "HALT_RESEARCH"}}
{"timestamp": "2026-10-04 14:54:50 UTC", "ts": 1791125690.3012, "from_stage": "RESEARCH", "to_stage": "BACKTESTING", "details": {"message": "Screening batch of 1 strategies"}}
{"timestamp": "2026-10-04 14:54:50 UTC", "ts": 1791125690.361157, "from_stage": "RESEARCH", "to_stage": "BACKTESTING", "details": {"message": "Screening batch of 1 strategies"}}
{"timestamp": "2026-10-04 14:54:51 UTC", "ts": 1791125691.884782, "from_stage": "DATA_SYNC", "to_stage": "DATA_VALIDATION", "details": {"test": true}}
{"timestamp": "2026-10-04 14:54:51 UTC", "ts": 1791125691.888349, "from_stage": "DATA_VALIDATION", "to_stage": "FEATURE_DISCOVERY", "details": {}}
{"timestamp": "2026-10-04 14:54:51 UTC", "ts": 1791125691.89189, "from_stage": "FEATURE_DISCOVERY", "to_stage": "FEATURE_PRECOMPUTATION", "details": {}}
{"timestamp": "2026-10-04 14:54:51 UTC", "ts": 1791125691.895301, "from_stage": "FEATURE_PRECOMPUTATION", "to_stage": "FEATURE_VALIDATION", "details": {}}
{"timestamp": "2026-10-04 14:54:51 UTC", "ts": 1791125691.898815, "from_stage": "FEATURE_VALIDATION", "to_stage": "DATASET_READY", "details": {}}
{"timestamp": "2026-10-04 14:54:51 UTC", "ts": 1791125691.902269, "from_stage": "DATASET_READY", "to_stage": "RESEARCH", "details": {}}
{"timestamp": "2026-10-04 14:54:51 UTC", "ts": 1791125691.913462, "from_stage": "INIT", "to_stage": "DATA_DISCOVERY", "details": {"message": "Scanning DATA_ROOT and discovering reusable artifacts"}}
{"timestamp": "2026-10-04 14:54:51 UTC", "ts": 1791125691.92122, "from_stage": "DATA_DISCOVERY", "to_stage": "DATA_SYNC", "details": {"message": "Market data sync initiated"}}
{"timestamp": "2026-10-04 14:54:51 UTC", "ts": 1791125691.933187, "from_stage": "DATA_SYNC", "to_stage": "DATA_VALIDATION", "details": {"message": "Validating bar ranges and OHLC integrity"}}
{"timestamp": "2026-10-04 14:54:51 UTC", "ts": 1791125691.939801, "from_stage": "DATA_VALIDATION", "to_stage": "FEATURE_DISCOVERY", "details": {"message": "Discovering cached indicator arrays"}}
{"timestamp": "2026-10-04 14:54:52 UTC", "ts": 1791125692.086104, "from_stage": "FEATURE_DISCOVERY", "to_stage": "FEATURE_PRECOMPUTATION", "details": {"message": "Precomputing features for 0 datasets"}}
{"timestamp": "2026-10-04 14:54:52 UTC", "ts": 1791125692.088942, "from_stage": "FEATURE_PRECOMPUTATION", "to_stage": "FEATURE_VALIDATION", "details": {"message": "Verifying column schemas and row counts"}}
{"timestamp": "2026-10-04 14:54:52 UTC", "ts": 1791125692.132896, "from_stage": "FEATURE_VALIDATION", "to_stage": "DATASET_REGISTRATION", "details": {"message": "All datasets and features registered in catalog"}}
{"timestamp": "2026-10-04 14:54:52 UTC", "ts": 1791125692.136716, "from_stage": "DATASET_REGISTRATION", "to_stage": "RESEARCH_INITIALIZATION", "details": {"message": "Initializing population and research loop"}}
{"timestamp": "2026-10-04 14:54:52 UTC", "ts": 1791125692.140288, "from_stage": "RESEARCH_INITIALIZATION", "to_stage": "RESEARCH", "details": {"message": "Starting research generation loop"}}
{"timestamp": "2026-10-04 14:56:07 UTC", "ts": 1791125767.622577, "from_stage": "RESEARCH", "to_stage": "BACKTESTING", "details": {"reason": "5 nodes ready for screening", "current_nodes": 5, "target": 50}}
{"timestamp": "2026-10-04 14:56:10 UTC", "ts": 1791125770.216547, "from_stage": "DATA_SYNC", "to_stage": "DATA_VALIDATION", "details": {}}
{"timestamp": "2026-10-04 14:56:10 UTC", "ts": 1791125770.220933, "from_stage": "DATA_VALIDATION", "to_stage": "FEATURE_DISCOVERY", "details": {}}
{"timestamp": "2026-10-04 14:56:10 UTC", "ts": 1791125770.225319, "from_stage": "FEATURE_DISCOVERY", "to_stage": "FEATURE_PRECOMPUTATION", "details": {}}
{"timestamp": "2026-10-04 14:56:10 UTC", "ts": 1791125770.231977, "from_stage": "FEATURE_PRECOMPUTATION", "to_stage": "FEATURE_VALIDATION", "details": {"message": "Verifying column schemas"}}
{"timestamp": "2026-10-04 14:56:10 UTC", "ts": 1791125770.236439, "from_stage": "FEATURE_VALIDATION", "to_stage": "DATASET_REGISTRATION", "details": {"message": "Registering dataset"}}
{"timestamp": "2026-10-04 14:56:10 UTC", "ts": 1791125770.240767, "from_stage": "DATASET_REGISTRATION", "to_stage": "RESEARCH_INITIALIZATION", "details": {"message": "Initializing population"}}
{"timestamp": "2026-10-04 14:56:10 UTC", "ts": 1791125770.245037, "from_stage": "RESEARCH_INITIALIZATION", "to_stage": "NODE_GENERATION", "details": {"message": "Generating candidates"}}
{"timestamp": "2026-10-04 14:56:10 UTC", "ts": 1791125770.249615, "from_stage": "NODE_GENERATION", "to_stage": "NODE_EVALUATION", "details": {"message": "Screening candidate nodes"}}
{"timestamp": "2026-10-04 14:56:11 UTC", "ts": 1791125771.510491, "from_stage": "INIT", "to_stage": "DATA_DISCOVERY", "details": {"message": "Scanning DATA_ROOT and discovering reusable artifacts"}}
{"timestamp": "2026-10-04 14:56:11 UTC", "ts": 1791125771.52433, "from_stage": "DATA_DISCOVERY", "to_stage": "DATA_SYNC", "details": {"message": "Market data sync initiated"}}
{"timestamp": "2026-10-04 14:56:11 UTC", "ts": 1791125771.656611, "from_stage": "DATA_SYNC", "to_stage": "DATA_VALIDATION", "details": {"message": "Validating bar ranges and OHLC integrity"}}
{"timestamp": "2026-10-04 14:56:11 UTC", "ts": 1791125771.660916, "from_stage": "DATA_VALIDATION", "to_stage": "FEATURE_DISCOVERY", "details": {"message": "Discovering cached indicator arrays"}}
{"timestamp": "2026-10-04 14:56:11 UTC", "ts": 1791125771.665976, "from_stage": "FEATURE_DISCOVERY", "to_stage": "FEATURE_PRECOMPUTATION", "details": {"message": "Precomputing features for 1 datasets"}}
{"timestamp": "2026-10-04 14:56:11 UTC", "ts": 1791125771.819525, "from_stage": "FEATURE_PRECOMPUTATION", "to_stage": "FEATURE_VALIDATION", "details": {"message": "Verifying column schemas and row counts"}}
{"timestamp": "2026-10-04 14:56:11 UTC", "ts": 1791125771.823492, "from_stage": "FEATURE_VALIDATION", "to_stage": "BLOCKED", "details": {"reason": "Feature validation failed", "action": "HALT_RESEARCH"}}
{"timestamp": "2026-10-04 14:56:11 UTC", "ts": 1791125771.851818, "from_stage": "RESEARCH", "to_stage": "BACKTESTING", "details": {"message": "Screening batch of 1 strategies"}}
{"timestamp": "2026-10-04 14:56:11 UTC", "ts": 1791125771.915679, "from_stage": "RESEARCH", "to_stage": "BACKTESTING", "details": {"message": "Screening batch of 1 strategies"}}
{"timestamp": "2026-10-04 14:56:12 UTC", "ts": 1791125772.732831, "from_stage": "DATA_SYNC", "to_stage": "DATA_VALIDATION", "details": {"test": true}}
{"timestamp": "2026-10-04 14:56:12 UTC", "ts": 1791125772.73762, "from_stage": "DATA_VALIDATION", "to_stage": "FEATURE_DISCOVERY", "details": {}}
{"timestamp": "2026-10-04 14:56:12 UTC", "ts": 1791125772.742286, "from_stage": "FEATURE_DISCOVERY", "to_stage": "FEATURE_PRECOMPUTATION", "details": {}}
{"timestamp": "2026-10-04 14:56:12 UTC", "ts": 1791125772.749054, "from_stage": "FEATURE_PRECOMPUTATION", "to_stage": "FEATURE_VALIDATION", "details": {}}
{"timestamp": "2026-10-04 14:56:12 UTC", "ts": 1791125772.753817, "from_stage": "FEATURE_VALIDATION", "to_stage": "DATASET_READY", "details": {}}
{"timestamp": "2026-10-04 14:56:12 UTC", "ts": 1791125772.758297, "from_stage": "DATASET_READY", "to_stage": "RESEARCH", "details": {}}
{"timestamp": "2026-10-04 14:56:12 UTC", "ts": 1791125772.770572, "from_stage": "INIT", "to_stage": "DATA_DISCOVERY", "details": {"message": "Scanning DATA_ROOT and discovering reusable artifacts"}}
{"timestamp": "2026-10-04 14:56:12 UTC", "ts": 1791125772.782778, "from_stage": "DATA_DISCOVERY", "to_stage": "DATA_SYNC", "details": {"message": "Market data sync initiated"}}
{"timestamp": "2026-10-04 14:56:12 UTC", "ts": 1791125772.79202, "from_stage": "DATA_SYNC", "to_stage": "DATA_VALIDATION", "details": {"message": "Validating bar ranges and OHLC integrity"}}
{"timestamp": "2026-10-04 14:56:12 UTC", "ts": 1791125772.800137, "from_stage": "DATA_VALIDATION", "to_stage": "FEATURE_DISCOVERY", "details": {"message": "Discovering cached indicator arrays"}}
{"timestamp": "2026-10-04 14:56:12 UTC", "ts": 1791125772.936696, "from_stage": "FEATURE_DISCOVERY", "to_stage": "FEATURE_PRECOMPUTATION", "details": {"message": "Precomputing features for 1 datasets"}}
{"timestamp": "2026-10-04 14:56:13 UTC", "ts": 1791125773.120459, "from_stage": "FEATURE_PRECOMPUTATION", "to_stage": "FEATURE_VALIDATION", "details": {"message": "Verifying column schemas and row counts"}}
{"timestamp": "2026-10-04 14:56:13 UTC", "ts": 1791125773.170718, "from_stage": "FEATURE_VALIDATION", "to_stage": "DATASET_REGISTRATION", "details": {"message": "All datasets and features registered in catalog"}}
{"timestamp": "2026-10-04 14:56:13 UTC", "ts": 1791125773.175182, "from_stage": "DATASET_REGISTRATION", "to_stage": "RESEARCH_INITIALIZATION", "details": {"message": "Initializing population and research loop"}}
{"timestamp": "2026-10-04 14:56:13 UTC", "ts": 1791125773.179648, "from_stage": "RESEARCH_INITIALIZATION", "to_stage": "RESEARCH", "details": {"message": "Starting research generation loop"}}
{"timestamp": "2026-10-04 14:56:13 UTC", "ts": 1791125773.186364, "from_stage": "DATA_SYNC", "to_stage": "RESEARCH", "details": {"reason": "Test transition"}}
{"timestamp": "2026-10-04 14:56:14 UTC", "ts": 1791125774.278091, "from_stage": "INIT", "to_stage": "DATA_DISCOVERY", "details": {"message": "Scanning DATA_ROOT and discovering reusable artifacts"}}
{"timestamp": "2026-10-04 14:56:14 UTC", "ts": 1791125774.301657, "from_stage": "DATA_DISCOVERY", "to_stage": "DATA_SYNC", "details": {"message": "Market data sync initiated"}}
{"timestamp": "2026-10-04 14:56:14 UTC", "ts": 1791125774.314566, "from_stage": "INIT", "to_stage": "DATA_DISCOVERY", "details": {"message": "Scanning DATA_ROOT and discovering reusable artifacts"}}
{"timestamp": "2026-10-04 14:56:14 UTC", "ts": 1791125774.334579, "from_stage": "DATA_SYNC", "to_stage": "DATA_VALIDATION", "details": {"message": "Validating bar ranges and OHLC integrity"}}
{"timestamp": "2026-10-04 14:56:14 UTC", "ts": 1791125774.359443, "from_stage": "DATA_DISCOVERY", "to_stage": "DATA_SYNC", "details": {"message": "Market data sync initiated"}}
{"timestamp": "2026-10-04 14:56:14 UTC", "ts": 1791125774.372396, "from_stage": "DATA_VALIDATION", "to_stage": "FEATURE_DISCOVERY", "details": {"message": "Discovering cached indicator arrays"}}
{"timestamp": "2026-10-04 14:56:14 UTC", "ts": 1791125774.389019, "from_stage": "INIT", "to_stage": "DATA_DISCOVERY", "details": {"message": "Scanning DATA_ROOT and discovering reusable artifacts"}}
{"timestamp": "2026-10-04 14:56:14 UTC", "ts": 1791125774.416302, "from_stage": "DATA_SYNC", "to_stage": "DATA_VALIDATION", "details": {"message": "Validating bar ranges and OHLC integrity"}}
{"timestamp": "2026-10-04 14:56:14 UTC", "ts": 1791125774.470287, "from_stage": "DATA_DISCOVERY", "to_stage": "DATA_SYNC", "details": {"message": "Market data sync initiated"}}
{"timestamp": "2026-10-04 14:56:14 UTC", "ts": 1791125774.470695, "from_stage": "NODE_GENERATION", "to_stage": "EVALUATION", "details": {"nodes": 100}}
{"timestamp": "2026-10-04 14:56:14 UTC", "ts": 1791125774.48278, "from_stage": "DATA_VALIDATION", "to_stage": "FEATURE_DISCOVERY", "details": {"message": "Discovering cached indicator arrays"}}
{"timestamp": "2026-10-04 14:56:14 UTC", "ts": 1791125774.499748, "from_stage": "FEATURE_DISCOVERY", "to_stage": "FEATURE_PRECOMPUTATION", "details": {"message": "Precomputing features for 3 datasets"}}
{"timestamp": "2026-10-04 14:56:14 UTC", "ts": 1791125774.533739, "from_stage": "DATA_SYNC", "to_stage": "DATA_VALIDATION", "details": {"message": "Validating bar ranges and OHLC integrity"}}
{"timestamp": "2026-10-04 14:56:14 UTC", "ts": 1791125774.564196, "from_stage": "FEATURE_DISCOVERY", "to_stage": "FEATURE_PRECOMPUTATION", "details": {"message": "Precomputing features for 3 datasets"}}
{"timestamp": "2026-10-04 14:56:14 UTC", "ts": 1791125774.594453, "from_stage": "DATA_VALIDATION", "to_stage": "FEATURE_DISCOVERY", "details": {"message": "Discovering cached indicator arrays"}}
{"timestamp": "2026-10-04 14:56:14 UTC", "ts": 1791125774.864895, "from_stage": "FEATURE_DISCOVERY", "to_stage": "FEATURE_PRECOMPUTATION", "details": {"message": "Precomputing features for 3 datasets"}}
{"timestamp": "2026-10-04 14:56:16 UTC", "ts": 1791125776.764097, "from_stage": "FEATURE_PRECOMPUTATION", "to_stage": "FEATURE_VALIDATION", "details": {"message": "Verifying column schemas and row counts"}}
{"timestamp": "2026-10-04 14:56:16 UTC", "ts": 1791125776.848076, "from_stage": "FEATURE_VALIDATION", "to_stage": "DATASET_REGISTRATION", "details": {"message": "All datasets and features registered in catalog"}}
{"timestamp": "2026-10-04 14:56:16 UTC", "ts": 1791125776.852093, "from_stage": "DATASET_REGISTRATION", "to_stage": "RESEARCH_INITIALIZATION", "details": {"message": "Initializing population and research loop"}}
{"timestamp": "2026-10-04 14:56:16 UTC", "ts": 1791125776.892871, "from_stage": "RESEARCH_INITIALIZATION", "to_stage": "RESEARCH", "details": {"message": "Starting research generation loop"}}
{"timestamp": "2026-10-04 14:56:16 UTC", "ts": 1791125776.95949, "from_stage": "FEATURE_PRECOMPUTATION", "to_stage": "FEATURE_VALIDATION", "details": {"message": "Verifying column schemas and row counts"}}
{"timestamp": "2026-10-04 14:56:16 UTC", "ts": 1791125776.972446, "from_stage": "FEATURE_PRECOMPUTATION", "to_stage": "FEATURE_VALIDATION", "details": {"message": "Verifying column schemas and row counts"}}
{"timestamp": "2026-10-04 14:56:17 UTC", "ts": 1791125777.018588, "from_stage": "FEATURE_VALIDATION", "to_stage": "VALIDATION", "details": {"reason": "Advancing 3 candidate strategies to validation", "current_nodes": 787, "target": 200}}
{"timestamp": "2026-10-04 14:56:17 UTC", "ts": 1791125777.045906, "from_stage": "VALIDATION", "to_stage": "QUALIFICATION", "details": {"message": "Advancing to qualification and specialization"}}
{"timestamp": "2026-10-04 14:56:17 UTC", "ts": 1791125777.115425, "from_stage": "FEATURE_VALIDATION", "to_stage": "DATASET_REGISTRATION", "details": {"message": "All datasets and features registered in catalog"}}
{"timestamp": "2026-10-04 14:56:17 UTC", "ts": 1791125777.124166, "from_stage": "FEATURE_VALIDATION", "to_stage": "DATASET_REGISTRATION", "details": {"message": "All datasets and features registered in catalog"}}
{"timestamp": "2026-10-04 14:56:17 UTC", "ts": 1791125777.143974, "from_stage": "DATASET_REGISTRATION", "to_stage": "RESEARCH_INITIALIZATION", "details": {"message": "Initializing population and research loop"}}
{"timestamp": "2026-10-04 14:56:17 UTC", "ts": 1791125777.191921, "from_stage": "DATASET_REGISTRATION", "to_stage": "RESEARCH_INITIALIZATION", "details": {"message": "Initializing population and research loop"}}
{"timestamp": "2026-10-04 14:56:17 UTC", "ts": 1791125777.210342, "from_stage": "RESEARCH_INITIALIZATION", "to_stage": "RESEARCH", "details": {"message": "Starting research generation loop"}}
{"timestamp": "2026-10-04 14:56:17 UTC", "ts": 1791125777.249897, "from_stage": "RESEARCH_INITIALIZATION", "to_stage": "RESEARCH", "details": {"message": "Starting research generation loop"}}
{"timestamp": "2026-10-04 14:56:17 UTC", "ts": 1791125777.304766, "from_stage": "RESEARCH", "to_stage": "VALIDATION", "details": {"reason": "Advancing 3 candidate strategies to validation", "current_nodes": 787, "target": 200}}
{"timestamp": "2026-10-04 14:56:17 UTC", "ts": 1791125777.35615, "from_stage": "QUALIFICATION", "to_stage": "EVOLUTION", "details": {"reason": "Specialization pass complete; advancing to generation evaluation", "current_nodes": 787, "target": 200}}
{"timestamp": "2026-10-04 14:56:17 UTC", "ts": 1791125777.363104, "from_stage": "VALIDATION", "to_stage": "QUALIFICATION", "details": {"message": "Advancing to qualification and specialization"}}
{"timestamp": "2026-10-04 14:56:17 UTC", "ts": 1791125777.400944, "from_stage": "QUALIFICATION", "to_stage": "VALIDATION", "details": {"reason": "Advancing 3 candidate strategies to validation", "current_nodes": 787, "target": 200}}
{"timestamp": "2026-10-04 14:56:17 UTC", "ts": 1791125777.434974, "from_stage": "QUALIFICATION", "to_stage": "EVOLUTION", "details": {"reason": "Specialization pass complete; advancing to generation evaluation", "current_nodes": 787, "target": 200}}
{"timestamp": "2026-10-04 14:56:17 UTC", "ts": 1791125777.473044, "from_stage": "VALIDATION", "to_stage": "QUALIFICATION", "details": {"message": "Advancing to qualification and specialization"}}
{"timestamp": "2026-10-04 14:56:17 UTC", "ts": 1791125777.519369, "from_stage": "QUALIFICATION", "to_stage": "EVOLUTION", "details": {"reason": "Specialization pass complete; advancing to generation evaluation", "current_nodes": 787, "target": 200}}
{"timestamp": "2026-10-04 14:57:20 UTC", "ts": 1791125840.175194, "from_stage": "RESEARCH", "to_stage": "BACKTESTING", "details": {"reason": "5 nodes ready for screening", "current_nodes": 5, "target": 50}}
{"timestamp": "2026-10-04 14:57:22 UTC", "ts": 1791125842.665852, "from_stage": "DATA_SYNC", "to_stage": "DATA_VALIDATION", "details": {}}
{"timestamp": "2026-10-04 14:57:22 UTC", "ts": 1791125842.669995, "from_stage": "DATA_VALIDATION", "to_stage": "FEATURE_DISCOVERY", "details": {}}
{"timestamp": "2026-10-04 14:57:22 UTC", "ts": 1791125842.674363, "from_stage": "FEATURE_DISCOVERY", "to_stage": "FEATURE_PRECOMPUTATION", "details": {}}
{"timestamp": "2026-10-04 14:57:22 UTC", "ts": 1791125842.680712, "from_stage": "FEATURE_PRECOMPUTATION", "to_stage": "FEATURE_VALIDATION", "details": {"message": "Verifying column schemas"}}
{"timestamp": "2026-10-04 14:57:22 UTC", "ts": 1791125842.684858, "from_stage": "FEATURE_VALIDATION", "to_stage": "DATASET_REGISTRATION", "details": {"message": "Registering dataset"}}
{"timestamp": "2026-10-04 14:57:22 UTC", "ts": 1791125842.690368, "from_stage": "DATASET_REGISTRATION", "to_stage": "RESEARCH_INITIALIZATION", "details": {"message": "Initializing population"}}
{"timestamp": "2026-10-04 14:57:22 UTC", "ts": 1791125842.695073, "from_stage": "RESEARCH_INITIALIZATION", "to_stage": "NODE_GENERATION", "details": {"message": "Generating candidates"}}
{"timestamp": "2026-10-04 14:57:22 UTC", "ts": 1791125842.699632, "from_stage": "NODE_GENERATION", "to_stage": "NODE_EVALUATION", "details": {"message": "Screening candidate nodes"}}
{"timestamp": "2026-10-04 14:57:24 UTC", "ts": 1791125844.113448, "from_stage": "INIT", "to_stage": "DATA_DISCOVERY", "details": {"message": "Scanning DATA_ROOT and discovering reusable artifacts"}}
{"timestamp": "2026-10-04 14:57:24 UTC", "ts": 1791125844.120929, "from_stage": "DATA_DISCOVERY", "to_stage": "DATA_SYNC", "details": {"message": "Market data sync initiated"}}
{"timestamp": "2026-10-04 14:57:24 UTC", "ts": 1791125844.247875, "from_stage": "DATA_SYNC", "to_stage": "DATA_VALIDATION", "details": {"message": "Validating bar ranges and OHLC integrity"}}
{"timestamp": "2026-10-04 14:57:24 UTC", "ts": 1791125844.251965, "from_stage": "DATA_VALIDATION", "to_stage": "FEATURE_DISCOVERY", "details": {"message": "Discovering cached indicator arrays"}}
{"timestamp": "2026-10-04 14:57:24 UTC", "ts": 1791125844.256568, "from_stage": "FEATURE_DISCOVERY", "to_stage": "FEATURE_PRECOMPUTATION", "details": {"message": "Precomputing features for 1 datasets"}}
{"timestamp": "2026-10-04 14:57:24 UTC", "ts": 1791125844.406333, "from_stage": "FEATURE_PRECOMPUTATION", "to_stage": "FEATURE_VALIDATION", "details": {"message": "Verifying column schemas and row counts"}}
{"timestamp": "2026-10-04 14:57:24 UTC", "ts": 1791125844.410236, "from_stage": "FEATURE_VALIDATION", "to_stage": "BLOCKED", "details": {"reason": "Feature validation failed", "action": "HALT_RESEARCH"}}
{"timestamp": "2026-10-04 14:57:24 UTC", "ts": 1791125844.442377, "from_stage": "RESEARCH", "to_stage": "BACKTESTING", "details": {"message": "Screening batch of 1 strategies"}}
{"timestamp": "2026-10-04 14:57:24 UTC", "ts": 1791125844.50704, "from_stage": "RESEARCH", "to_stage": "BACKTESTING", "details": {"message": "Screening batch of 1 strategies"}}
{"timestamp": "2026-10-04 14:57:25 UTC", "ts": 1791125845.411816, "from_stage": "DATA_SYNC", "to_stage": "DATA_VALIDATION", "details": {"test": true}}
{"timestamp": "2026-10-04 14:57:25 UTC", "ts": 1791125845.416543, "from_stage": "DATA_VALIDATION", "to_stage": "FEATURE_DISCOVERY", "details": {}}
{"timestamp": "2026-10-04 14:57:25 UTC", "ts": 1791125845.421242, "from_stage": "FEATURE_DISCOVERY", "to_stage": "FEATURE_PRECOMPUTATION", "details": {}}
{"timestamp": "2026-10-04 14:57:25 UTC", "ts": 1791125845.428328, "from_stage": "FEATURE_PRECOMPUTATION", "to_stage": "FEATURE_VALIDATION", "details": {}}
{"timestamp": "2026-10-04 14:57:25 UTC", "ts": 1791125845.433444, "from_stage": "FEATURE_VALIDATION", "to_stage": "DATASET_READY", "details": {}}
{"timestamp": "2026-10-04 14:57:25 UTC", "ts": 1791125845.438235, "from_stage": "DATASET_READY", "to_stage": "RESEARCH", "details": {}}
{"timestamp": "2026-10-04 14:57:25 UTC", "ts": 1791125845.453791, "from_stage": "INIT", "to_stage": "DATA_DISCOVERY", "details": {"message": "Scanning DATA_ROOT and discovering reusable artifacts"}}
{"timestamp": "2026-10-04 14:57:25 UTC", "ts": 1791125845.465084, "from_stage": "DATA_DISCOVERY", "to_stage": "DATA_SYNC", "details": {"message": "Market data sync initiated"}}
{"timestamp": "2026-10-04 14:57:25 UTC", "ts": 1791125845.474707, "from_stage": "DATA_SYNC", "to_stage": "DATA_VALIDATION", "details": {"message": "Validating bar ranges and OHLC integrity"}}
{"timestamp": "2026-10-04 14:57:25 UTC", "ts": 1791125845.483099, "from_stage": "DATA_VALIDATION", "to_stage": "FEATURE_DISCOVERY", "details": {"message": "Discovering cached indicator arrays"}}
{"timestamp": "2026-10-04 14:57:25 UTC", "ts": 1791125845.624796, "from_stage": "FEATURE_DISCOVERY", "to_stage": "FEATURE_PRECOMPUTATION", "details": {"message": "Precomputing features for 1 datasets"}}
{"timestamp": "2026-10-04 14:57:25 UTC", "ts": 1791125845.80797, "from_stage": "FEATURE_PRECOMPUTATION", "to_stage": "FEATURE_VALIDATION", "details": {"message": "Verifying column schemas and row counts"}}
{"timestamp": "2026-10-04 14:57:25 UTC", "ts": 1791125845.860623, "from_stage": "FEATURE_VALIDATION", "to_stage": "DATASET_REGISTRATION", "details": {"message": "All datasets and features registered in catalog"}}
{"timestamp": "2026-10-04 14:57:25 UTC", "ts": 1791125845.865355, "from_stage": "DATASET_REGISTRATION", "to_stage": "RESEARCH_INITIALIZATION", "details": {"message": "Initializing population and research loop"}}
{"timestamp": "2026-10-04 14:57:25 UTC", "ts": 1791125845.869886, "from_stage": "RESEARCH_INITIALIZATION", "to_stage": "RESEARCH", "details": {"message": "Starting research generation loop"}}
{"timestamp": "2026-10-04 14:57:25 UTC", "ts": 1791125845.876021, "from_stage": "DATA_SYNC", "to_stage": "RESEARCH", "details": {"reason": "Test transition"}}
{"timestamp": "2026-10-04 14:57:27 UTC", "ts": 1791125847.065935, "from_stage": "INIT", "to_stage": "DATA_DISCOVERY", "details": {"message": "Scanning DATA_ROOT and discovering reusable artifacts"}}
{"timestamp": "2026-10-04 14:57:27 UTC", "ts": 1791125847.093328, "from_stage": "DATA_DISCOVERY", "to_stage": "DATA_SYNC", "details": {"message": "Market data sync initiated"}}
{"timestamp": "2026-10-04 14:57:27 UTC", "ts": 1791125847.12435, "from_stage": "DATA_SYNC", "to_stage": "DATA_VALIDATION", "details": {"message": "Validating bar ranges and OHLC integrity"}}
{"timestamp": "2026-10-04 14:57:27 UTC", "ts": 1791125847.154165, "from_stage": "INIT", "to_stage": "DATA_DISCOVERY", "details": {"message": "Scanning DATA_ROOT and discovering reusable artifacts"}}
{"timestamp": "2026-10-04 14:57:27 UTC", "ts": 1791125847.170443, "from_stage": "INIT", "to_stage": "DATA_DISCOVERY", "details": {"message": "Scanning DATA_ROOT and discovering reusable artifacts"}}
{"timestamp": "2026-10-04 14:57:27 UTC", "ts": 1791125847.189587, "from_stage": "DATA_VALIDATION", "to_stage": "FEATURE_DISCOVERY", "details": {"message": "Discovering cached indicator arrays"}}
{"timestamp": "2026-10-04 14:57:27 UTC", "ts": 1791125847.235488, "from_stage": "DATA_DISCOVERY", "to_stage": "DATA_SYNC", "details": {"message": "Market data sync initiated"}}
{"timestamp": "2026-10-04 14:57:27 UTC", "ts": 1791125847.235901, "from_stage": "NODE_GENERATION", "to_stage": "EVALUATION", "details": {"nodes": 100}}
{"timestamp": "2026-10-04 14:57:27 UTC", "ts": 1791125847.244333, "from_stage": "DATA_DISCOVERY", "to_stage": "DATA_SYNC", "details": {"message": "Market data sync initiated"}}
{"timestamp": "2026-10-04 14:57:27 UTC", "ts": 1791125847.276315, "from_stage": "DATA_SYNC", "to_stage": "DATA_VALIDATION", "details": {"message": "Validating bar ranges and OHLC integrity"}}
{"timestamp": "2026-10-04 14:57:27 UTC", "ts": 1791125847.289079, "from_stage": "DATA_SYNC", "to_stage": "DATA_VALIDATION", "details": {"message": "Validating bar ranges and OHLC integrity"}}
{"timestamp": "2026-10-04 14:57:27 UTC", "ts": 1791125847.313345, "from_stage": "FEATURE_DISCOVERY", "to_stage": "FEATURE_PRECOMPUTATION", "details": {"message": "Precomputing features for 4 datasets"}}
{"timestamp": "2026-10-04 14:57:27 UTC", "ts": 1791125847.343919, "from_stage": "DATA_VALIDATION", "to_stage": "FEATURE_DISCOVERY", "details": {"message": "Discovering cached indicator arrays"}}
{"timestamp": "2026-10-04 14:57:27 UTC", "ts": 1791125847.466036, "from_stage": "DATA_VALIDATION", "to_stage": "FEATURE_DISCOVERY", "details": {"message": "Discovering cached indicator arrays"}}
{"timestamp": "2026-10-04 14:57:27 UTC", "ts": 1791125847.558217, "from_stage": "FEATURE_DISCOVERY", "to_stage": "FEATURE_PRECOMPUTATION", "details": {"message": "Precomputing features for 4 datasets"}}
{"timestamp": "2026-10-04 14:57:27 UTC", "ts": 1791125847.651626, "from_stage": "FEATURE_DISCOVERY", "to_stage": "FEATURE_PRECOMPUTATION", "details": {"message": "Precomputing features for 4 datasets"}}
{"timestamp": "2026-10-04 14:57:29 UTC", "ts": 1791125849.798671, "from_stage": "FEATURE_PRECOMPUTATION", "to_stage": "FEATURE_VALIDATION", "details": {"message": "Verifying column schemas and row counts"}}
{"timestamp": "2026-10-04 14:57:29 UTC", "ts": 1791125849.84068, "from_stage": "FEATURE_PRECOMPUTATION", "to_stage": "FEATURE_VALIDATION", "details": {"message": "Verifying column schemas and row counts"}}
{"timestamp": "2026-10-04 14:57:29 UTC", "ts": 1791125849.944411, "from_stage": "FEATURE_VALIDATION", "to_stage": "DATASET_REGISTRATION", "details": {"message": "All datasets and features registered in catalog"}}
{"timestamp": "2026-10-04 14:57:29 UTC", "ts": 1791125849.96545, "from_stage": "DATASET_REGISTRATION", "to_stage": "RESEARCH_INITIALIZATION", "details": {"message": "Initializing population and research loop"}}
{"timestamp": "2026-10-04 14:57:29 UTC", "ts": 1791125849.982492, "from_stage": "FEATURE_VALIDATION", "to_stage": "DATASET_REGISTRATION", "details": {"message": "All datasets and features registered in catalog"}}
{"timestamp": "2026-10-04 14:57:30 UTC", "ts": 1791125850.000226, "from_stage": "RESEARCH_INITIALIZATION", "to_stage": "RESEARCH", "details": {"message": "Starting research generation loop"}}
{"timestamp": "2026-10-04 14:57:30 UTC", "ts": 1791125850.028301, "from_stage": "DATASET_REGISTRATION", "to_stage": "RESEARCH_INITIALIZATION", "details": {"message": "Initializing population and research loop"}}
{"timestamp": "2026-10-04 14:57:30 UTC", "ts": 1791125850.106291, "from_stage": "RESEARCH_INITIALIZATION", "to_stage": "RESEARCH", "details": {"message": "Starting research generation loop"}}
{"timestamp": "2026-10-04 14:57:30 UTC", "ts": 1791125850.167285, "from_stage": "RESEARCH", "to_stage": "BACKTESTING", "details": {"message": "Screening batch of 1 strategies"}}
{"timestamp": "2026-10-04 14:57:30 UTC", "ts": 1791125850.365834, "from_stage": "BACKTESTING", "to_stage": "VALIDATION", "details": {"reason": "Advancing 3 candidate strategies to validation", "current_nodes": 787, "target": 200}}
{"timestamp": "2026-10-04 14:57:30 UTC", "ts": 1791125850.396696, "from_stage": "VALIDATION", "to_stage": "QUALIFICATION", "details": {"message": "Advancing to qualification and specialization"}}
{"timestamp": "2026-10-04 14:57:30 UTC", "ts": 1791125850.671232, "from_stage": "FEATURE_PRECOMPUTATION", "to_stage": "FEATURE_VALIDATION", "details": {"message": "Verifying column schemas and row counts"}}
{"timestamp": "2026-10-04 14:57:30 UTC", "ts": 1791125850.708309, "from_stage": "QUALIFICATION", "to_stage": "EVOLUTION", "details": {"reason": "Specialization pass complete; advancing to generation evaluation", "current_nodes": 787, "target": 200}}
{"timestamp": "2026-10-04 14:57:30 UTC", "ts": 1791125850.926752, "from_stage": "RESEARCH", "to_stage": "BACKTESTING", "details": {"message": "Screening batch of 11 strategies"}}
{"timestamp": "2026-10-04 17:00:10 UTC", "ts": 1791133210.001049, "from_stage": "RESEARCH", "to_stage": "BACKTESTING", "details": {"reason": "5 nodes ready for screening", "current_nodes": 5, "target": 50}}
{"timestamp": "2026-10-04 17:00:14 UTC", "ts": 1791133214.004476, "from_stage": "DATA_SYNC", "to_stage": "DATA_VALIDATION", "details": {}}
{"timestamp": "2026-10-04 17:00:14 UTC", "ts": 1791133214.011933, "from_stage": "DATA_VALIDATION", "to_stage": "FEATURE_DISCOVERY", "details": {}}
{"timestamp": "2026-10-04 17:00:14 UTC", "ts": 1791133214.020401, "from_stage": "FEATURE_DISCOVERY", "to_stage": "FEATURE_PRECOMPUTATION", "details": {}}
{"timestamp": "2026-10-04 17:00:14 UTC", "ts": 1791133214.035509, "from_stage": "FEATURE_PRECOMPUTATION", "to_stage": "FEATURE_VALIDATION", "details": {"message": "Verifying column schemas"}}
{"timestamp": "2026-10-04 17:00:14 UTC", "ts": 1791133214.045436, "from_stage": "FEATURE_VALIDATION", "to_stage": "DATASET_REGISTRATION", "details": {"message": "Registering dataset"}}
{"timestamp": "2026-10-04 17:00:14 UTC", "ts": 1791133214.052592, "from_stage": "DATASET_REGISTRATION", "to_stage": "RESEARCH_INITIALIZATION", "details": {"message": "Initializing population"}}
{"timestamp": "2026-10-04 17:00:14 UTC", "ts": 1791133214.063198, "from_stage": "RESEARCH_INITIALIZATION", "to_stage": "NODE_GENERATION", "details": {"message": "Generating candidates"}}
{"timestamp": "2026-10-04 17:00:14 UTC", "ts": 1791133214.070142, "from_stage": "NODE_GENERATION", "to_stage": "NODE_EVALUATION", "details": {"message": "Screening candidate nodes"}}
{"timestamp": "2026-10-04 17:00:20 UTC", "ts": 1791133220.286181, "from_stage": "INIT", "to_stage": "DATA_DISCOVERY", "details": {"message": "Scanning DATA_ROOT and discovering reusable artifacts"}}
{"timestamp": "2026-10-04 17:00:20 UTC", "ts": 1791133220.315548, "from_stage": "DATA_DISCOVERY", "to_stage": "DATA_SYNC", "details": {"message": "Market data sync initiated"}}
{"timestamp": "2026-10-04 17:00:20 UTC", "ts": 1791133220.692112, "from_stage": "DATA_SYNC", "to_stage": "DATA_VALIDATION", "details": {"message": "Validating bar ranges and OHLC integrity"}}
{"timestamp": "2026-10-04 17:00:20 UTC", "ts": 1791133220.704633, "from_stage": "DATA_VALIDATION", "to_stage": "FEATURE_DISCOVERY", "details": {"message": "Discovering cached indicator arrays"}}
{"timestamp": "2026-10-04 17:00:20 UTC", "ts": 1791133220.719426, "from_stage": "FEATURE_DISCOVERY", "to_stage": "FEATURE_PRECOMPUTATION", "details": {"message": "Precomputing features for 1 datasets"}}
{"timestamp": "2026-10-04 17:00:21 UTC", "ts": 1791133221.168611, "from_stage": "FEATURE_PRECOMPUTATION", "to_stage": "FEATURE_VALIDATION", "details": {"message": "Verifying column schemas and row counts"}}
{"timestamp": "2026-10-04 17:00:21 UTC", "ts": 1791133221.180143, "from_stage": "FEATURE_VALIDATION", "to_stage": "BLOCKED", "details": {"reason": "Feature validation failed", "action": "HALT_RESEARCH"}}
{"timestamp": "2026-10-04 17:00:21 UTC", "ts": 1791133221.248085, "from_stage": "RESEARCH", "to_stage": "BACKTESTING", "details": {"message": "Screening batch of 1 strategies"}}
{"timestamp": "2026-10-04 17:00:21 UTC", "ts": 1791133221.388042, "from_stage": "RESEARCH", "to_stage": "BACKTESTING", "details": {"message": "Screening batch of 1 strategies"}}
{"timestamp": "2026-10-04 17:00:22 UTC", "ts": 1791133222.640534, "from_stage": "DATA_SYNC", "to_stage": "DATA_VALIDATION", "details": {"test": true}}
{"timestamp": "2026-10-04 17:00:22 UTC", "ts": 1791133222.650792, "from_stage": "DATA_VALIDATION", "to_stage": "FEATURE_DISCOVERY", "details": {}}
{"timestamp": "2026-10-04 17:00:22 UTC", "ts": 1791133222.659135, "from_stage": "FEATURE_DISCOVERY", "to_stage": "FEATURE_PRECOMPUTATION", "details": {}}
{"timestamp": "2026-10-04 17:00:22 UTC", "ts": 1791133222.677798, "from_stage": "FEATURE_PRECOMPUTATION", "to_stage": "FEATURE_VALIDATION", "details": {}}
{"timestamp": "2026-10-04 17:00:22 UTC", "ts": 1791133222.691885, "from_stage": "FEATURE_VALIDATION", "to_stage": "DATASET_READY", "details": {}}
{"timestamp": "2026-10-04 17:00:22 UTC", "ts": 1791133222.703329, "from_stage": "DATASET_READY", "to_stage": "RESEARCH", "details": {}}
{"timestamp": "2026-10-04 17:00:22 UTC", "ts": 1791133222.735709, "from_stage": "INIT", "to_stage": "DATA_DISCOVERY", "details": {"message": "Scanning DATA_ROOT and discovering reusable artifacts"}}
{"timestamp": "2026-10-04 17:00:22 UTC", "ts": 1791133222.762752, "from_stage": "DATA_DISCOVERY", "to_stage": "DATA_SYNC", "details": {"message": "Market data sync initiated"}}
{"timestamp": "2026-10-04 17:00:22 UTC", "ts": 1791133222.78628, "from_stage": "DATA_SYNC", "to_stage": "DATA_VALIDATION", "details": {"message": "Validating bar ranges and OHLC integrity"}}
{"timestamp": "2026-10-04 17:00:22 UTC", "ts": 1791133222.807451, "from_stage": "DATA_VALIDATION", "to_stage": "FEATURE_DISCOVERY", "details": {"message": "Discovering cached indicator arrays"}}
{"timestamp": "2026-10-04 17:00:23 UTC", "ts": 1791133223.148576, "from_stage": "FEATURE_DISCOVERY", "to_stage": "FEATURE_PRECOMPUTATION", "details": {"message": "Precomputing features for 1 datasets"}}
{"timestamp": "2026-10-04 17:00:23 UTC", "ts": 1791133223.493654, "from_stage": "FEATURE_PRECOMPUTATION", "to_stage": "FEATURE_VALIDATION", "details": {"message": "Verifying column schemas and row counts"}}
{"timestamp": "2026-10-04 17:00:23 UTC", "ts": 1791133223.58951, "from_stage": "FEATURE_VALIDATION", "to_stage": "DATASET_REGISTRATION", "details": {"message": "All datasets and features registered in catalog"}}
{"timestamp": "2026-10-04 17:00:23 UTC", "ts": 1791133223.597316, "from_stage": "DATASET_REGISTRATION", "to_stage": "RESEARCH_INITIALIZATION", "details": {"message": "Initializing population and research loop"}}
{"timestamp": "2026-10-04 17:00:23 UTC", "ts": 1791133223.605236, "from_stage": "RESEARCH_INITIALIZATION", "to_stage": "RESEARCH", "details": {"message": "Starting research generation loop"}}
{"timestamp": "2026-10-04 17:00:23 UTC", "ts": 1791133223.618892, "from_stage": "DATA_SYNC", "to_stage": "RESEARCH", "details": {"reason": "Test transition"}}
{"timestamp": "2026-10-04 17:00:25 UTC", "ts": 1791133225.239671, "from_stage": "INIT", "to_stage": "DATA_DISCOVERY", "details": {"message": "Scanning DATA_ROOT and discovering reusable artifacts"}}
{"timestamp": "2026-10-04 17:00:25 UTC", "ts": 1791133225.284739, "from_stage": "DATA_DISCOVERY", "to_stage": "DATA_SYNC", "details": {"message": "Market data sync initiated"}}
{"timestamp": "2026-10-04 17:00:25 UTC", "ts": 1791133225.337695, "from_stage": "INIT", "to_stage": "DATA_DISCOVERY", "details": {"message": "Scanning DATA_ROOT and discovering reusable artifacts"}}
{"timestamp": "2026-10-04 17:00:25 UTC", "ts": 1791133225.366697, "from_stage": "DATA_SYNC", "to_stage": "DATA_VALIDATION", "details": {"message": "Validating bar ranges and OHLC integrity"}}
{"timestamp": "2026-10-04 17:00:25 UTC", "ts": 1791133225.414139, "from_stage": "DATA_DISCOVERY", "to_stage": "DATA_SYNC", "details": {"message": "Market data sync initiated"}}
{"timestamp": "2026-10-04 17:00:25 UTC", "ts": 1791133225.448282, "from_stage": "DATA_VALIDATION", "to_stage": "FEATURE_DISCOVERY", "details": {"message": "Discovering cached indicator arrays"}}
{"timestamp": "2026-10-04 17:00:25 UTC", "ts": 1791133225.522944, "from_stage": "NODE_GENERATION", "to_stage": "EVALUATION", "details": {"nodes": 100}}
{"timestamp": "2026-10-04 17:00:25 UTC", "ts": 1791133225.535487, "from_stage": "INIT", "to_stage": "DATA_DISCOVERY", "details": {"message": "Scanning DATA_ROOT and discovering reusable artifacts"}}
{"timestamp": "2026-10-04 17:00:25 UTC", "ts": 1791133225.580863, "from_stage": "DATA_SYNC", "to_stage": "DATA_VALIDATION", "details": {"message": "Validating bar ranges and OHLC integrity"}}
{"timestamp": "2026-10-04 17:00:25 UTC", "ts": 1791133225.613028, "from_stage": "DATA_DISCOVERY", "to_stage": "DATA_SYNC", "details": {"message": "Market data sync initiated"}}
{"timestamp": "2026-10-04 17:00:25 UTC", "ts": 1791133225.636807, "from_stage": "FEATURE_DISCOVERY", "to_stage": "FEATURE_PRECOMPUTATION", "details": {"message": "Precomputing features for 5 datasets"}}
{"timestamp": "2026-10-04 17:00:25 UTC", "ts": 1791133225.677504, "from_stage": "DATA_VALIDATION", "to_stage": "FEATURE_DISCOVERY", "details": {"message": "Discovering cached indicator arrays"}}
{"timestamp": "2026-10-04 17:00:25 UTC", "ts": 1791133225.833982, "from_stage": "DATA_SYNC", "to_stage": "DATA_VALIDATION", "details": {"message": "Validating bar ranges and OHLC integrity"}}
{"timestamp": "2026-10-04 17:00:25 UTC", "ts": 1791133225.983392, "from_stage": "DATA_VALIDATION", "to_stage": "FEATURE_DISCOVERY", "details": {"message": "Discovering cached indicator arrays"}}
{"timestamp": "2026-10-04 17:00:26 UTC", "ts": 1791133226.065549, "from_stage": "FEATURE_DISCOVERY", "to_stage": "FEATURE_PRECOMPUTATION", "details": {"message": "Precomputing features for 5 datasets"}}
{"timestamp": "2026-10-04 17:00:26 UTC", "ts": 1791133226.355932, "from_stage": "FEATURE_DISCOVERY", "to_stage": "FEATURE_PRECOMPUTATION", "details": {"message": "Precomputing features for 5 datasets"}}
{"timestamp": "2026-10-04 17:00:30 UTC", "ts": 1791133230.007593, "from_stage": "FEATURE_PRECOMPUTATION", "to_stage": "FEATURE_VALIDATION", "details": {"message": "Verifying column schemas and row counts"}}
{"timestamp": "2026-10-04 17:00:30 UTC", "ts": 1791133230.168167, "from_stage": "FEATURE_VALIDATION", "to_stage": "DATASET_REGISTRATION", "details": {"message": "All datasets and features registered in catalog"}}
{"timestamp": "2026-10-04 17:00:30 UTC", "ts": 1791133230.260874, "from_stage": "DATASET_REGISTRATION", "to_stage": "RESEARCH_INITIALIZATION", "details": {"message": "Initializing population and research loop"}}
{"timestamp": "2026-10-04 17:00:30 UTC", "ts": 1791133230.362746, "from_stage": "RESEARCH_INITIALIZATION", "to_stage": "RESEARCH", "details": {"message": "Starting research generation loop"}}
{"timestamp": "2026-10-04 17:17:35 UTC", "ts": 1791134255.0352, "from_stage": "RESEARCH", "to_stage": "BACKTESTING", "details": {"reason": "5 nodes ready for screening", "current_nodes": 5, "target": 50}}
{"timestamp": "2026-10-04 17:17:39 UTC", "ts": 1791134259.318521, "from_stage": "DATA_SYNC", "to_stage": "DATA_VALIDATION", "details": {}}
{"timestamp": "2026-10-04 17:17:39 UTC", "ts": 1791134259.331424, "from_stage": "DATA_VALIDATION", "to_stage": "FEATURE_DISCOVERY", "details": {}}
{"timestamp": "2026-10-04 17:17:39 UTC", "ts": 1791134259.342974, "from_stage": "FEATURE_DISCOVERY", "to_stage": "FEATURE_PRECOMPUTATION", "details": {}}
{"timestamp": "2026-10-04 17:17:39 UTC", "ts": 1791134259.360203, "from_stage": "FEATURE_PRECOMPUTATION", "to_stage": "FEATURE_VALIDATION", "details": {"message": "Verifying column schemas"}}
{"timestamp": "2026-10-04 17:17:39 UTC", "ts": 1791134259.372272, "from_stage": "FEATURE_VALIDATION", "to_stage": "DATASET_REGISTRATION", "details": {"message": "Registering dataset"}}
{"timestamp": "2026-10-04 17:17:39 UTC", "ts": 1791134259.388299, "from_stage": "DATASET_REGISTRATION", "to_stage": "RESEARCH_INITIALIZATION", "details": {"message": "Initializing population"}}
{"timestamp": "2026-10-04 17:17:39 UTC", "ts": 1791134259.40003, "from_stage": "RESEARCH_INITIALIZATION", "to_stage": "NODE_GENERATION", "details": {"message": "Generating candidates"}}
{"timestamp": "2026-10-04 17:17:39 UTC", "ts": 1791134259.412083, "from_stage": "NODE_GENERATION", "to_stage": "NODE_EVALUATION", "details": {"message": "Screening candidate nodes"}}
{"timestamp": "2026-10-04 17:17:42 UTC", "ts": 1791134262.039581, "from_stage": "INIT", "to_stage": "DATA_DISCOVERY", "details": {"message": "Scanning DATA_ROOT and discovering reusable artifacts"}}
{"timestamp": "2026-10-04 17:17:42 UTC", "ts": 1791134262.074727, "from_stage": "DATA_DISCOVERY", "to_stage": "DATA_SYNC", "details": {"message": "Market data sync initiated"}}
{"timestamp": "2026-10-04 17:17:42 UTC", "ts": 1791134262.448571, "from_stage": "DATA_SYNC", "to_stage": "DATA_VALIDATION", "details": {"message": "Validating bar ranges and OHLC integrity"}}
{"timestamp": "2026-10-04 17:17:42 UTC", "ts": 1791134262.457516, "from_stage": "DATA_VALIDATION", "to_stage": "FEATURE_DISCOVERY", "details": {"message": "Discovering cached indicator arrays"}}
{"timestamp": "2026-10-04 17:17:42 UTC", "ts": 1791134262.467992, "from_stage": "FEATURE_DISCOVERY", "to_stage": "FEATURE_PRECOMPUTATION", "details": {"message": "Precomputing features for 1 datasets"}}
{"timestamp": "2026-10-04 17:17:42 UTC", "ts": 1791134262.815995, "from_stage": "FEATURE_PRECOMPUTATION", "to_stage": "FEATURE_VALIDATION", "details": {"message": "Verifying column schemas and row counts"}}
{"timestamp": "2026-10-04 17:17:42 UTC", "ts": 1791134262.821815, "from_stage": "FEATURE_VALIDATION", "to_stage": "BLOCKED", "details": {"reason": "Feature validation failed", "action": "HALT_RESEARCH"}}
{"timestamp": "2026-10-04 17:17:42 UTC", "ts": 1791134262.870739, "from_stage": "RESEARCH", "to_stage": "BACKTESTING", "details": {"message": "Screening batch of 1 strategies"}}
{"timestamp": "2026-10-04 17:17:42 UTC", "ts": 1791134262.983878, "from_stage": "RESEARCH", "to_stage": "BACKTESTING", "details": {"message": "Screening batch of 1 strategies"}}
{"timestamp": "2026-10-04 17:17:44 UTC", "ts": 1791134264.259191, "from_stage": "DATA_SYNC", "to_stage": "DATA_VALIDATION", "details": {"test": true}}
{"timestamp": "2026-10-04 17:17:44 UTC", "ts": 1791134264.272954, "from_stage": "DATA_VALIDATION", "to_stage": "FEATURE_DISCOVERY", "details": {}}
{"timestamp": "2026-10-04 17:17:44 UTC", "ts": 1791134264.285591, "from_stage": "FEATURE_DISCOVERY", "to_stage": "FEATURE_PRECOMPUTATION", "details": {}}
{"timestamp": "2026-10-04 17:17:44 UTC", "ts": 1791134264.31101, "from_stage": "FEATURE_PRECOMPUTATION", "to_stage": "FEATURE_VALIDATION", "details": {}}
{"timestamp": "2026-10-04 17:17:44 UTC", "ts": 1791134264.324829, "from_stage": "FEATURE_VALIDATION", "to_stage": "DATASET_READY", "details": {}}
{"timestamp": "2026-10-04 17:17:44 UTC", "ts": 1791134264.336808, "from_stage": "DATASET_READY", "to_stage": "RESEARCH", "details": {}}
{"timestamp": "2026-10-04 17:17:44 UTC", "ts": 1791134264.367689, "from_stage": "INIT", "to_stage": "DATA_DISCOVERY", "details": {"message": "Scanning DATA_ROOT and discovering reusable artifacts"}}
{"timestamp": "2026-10-04 17:17:44 UTC", "ts": 1791134264.390491, "from_stage": "DATA_DISCOVERY", "to_stage": "DATA_SYNC", "details": {"message": "Market data sync initiated"}}
{"timestamp": "2026-10-04 17:17:44 UTC", "ts": 1791134264.411674, "from_stage": "DATA_SYNC", "to_stage": "DATA_VALIDATION", "details": {"message": "Validating bar ranges and OHLC integrity"}}
{"timestamp": "2026-10-04 17:17:44 UTC", "ts": 1791134264.429883, "from_stage": "DATA_VALIDATION", "to_stage": "FEATURE_DISCOVERY", "details": {"message": "Discovering cached indicator arrays"}}
{"timestamp": "2026-10-04 17:17:44 UTC", "ts": 1791134264.856277, "from_stage": "FEATURE_DISCOVERY", "to_stage": "FEATURE_PRECOMPUTATION", "details": {"message": "Precomputing features for 1 datasets"}}
{"timestamp": "2026-10-04 17:17:45 UTC", "ts": 1791134265.253991, "from_stage": "FEATURE_PRECOMPUTATION", "to_stage": "FEATURE_VALIDATION", "details": {"message": "Verifying column schemas and row counts"}}
{"timestamp": "2026-10-04 17:17:45 UTC", "ts": 1791134265.396821, "from_stage": "FEATURE_VALIDATION", "to_stage": "DATASET_REGISTRATION", "details": {"message": "All datasets and features registered in catalog"}}
{"timestamp": "2026-10-04 17:17:45 UTC", "ts": 1791134265.412924, "from_stage": "DATASET_REGISTRATION", "to_stage": "RESEARCH_INITIALIZATION", "details": {"message": "Initializing population and research loop"}}
{"timestamp": "2026-10-04 17:17:45 UTC", "ts": 1791134265.428839, "from_stage": "RESEARCH_INITIALIZATION", "to_stage": "RESEARCH", "details": {"message": "Starting research generation loop"}}
{"timestamp": "2026-10-04 17:17:45 UTC", "ts": 1791134265.448692, "from_stage": "DATA_SYNC", "to_stage": "RESEARCH", "details": {"reason": "Test transition"}}
{"timestamp": "2026-10-04 17:17:47 UTC", "ts": 1791134267.937001, "from_stage": "INIT", "to_stage": "DATA_DISCOVERY", "details": {"message": "Scanning DATA_ROOT and discovering reusable artifacts"}}
{"timestamp": "2026-10-04 17:17:47 UTC", "ts": 1791134267.985095, "from_stage": "DATA_DISCOVERY", "to_stage": "DATA_SYNC", "details": {"message": "Market data sync initiated"}}
{"timestamp": "2026-10-04 17:17:48 UTC", "ts": 1791134268.034581, "from_stage": "DATA_SYNC", "to_stage": "DATA_VALIDATION", "details": {"message": "Validating bar ranges and OHLC integrity"}}
{"timestamp": "2026-10-04 17:17:48 UTC", "ts": 1791134268.078742, "from_stage": "INIT", "to_stage": "DATA_DISCOVERY", "details": {"message": "Scanning DATA_ROOT and discovering reusable artifacts"}}
{"timestamp": "2026-10-04 17:17:48 UTC", "ts": 1791134268.105202, "from_stage": "INIT", "to_stage": "DATA_DISCOVERY", "details": {"message": "Scanning DATA_ROOT and discovering reusable artifacts"}}
{"timestamp": "2026-10-04 17:17:48 UTC", "ts": 1791134268.127347, "from_stage": "DATA_VALIDATION", "to_stage": "FEATURE_DISCOVERY", "details": {"message": "Discovering cached indicator arrays"}}
{"timestamp": "2026-10-04 17:17:48 UTC", "ts": 1791134268.166442, "from_stage": "DATA_DISCOVERY", "to_stage": "DATA_SYNC", "details": {"message": "Market data sync initiated"}}
{"timestamp": "2026-10-04 17:17:48 UTC", "ts": 1791134268.275126, "from_stage": "DATA_DISCOVERY", "to_stage": "DATA_SYNC", "details": {"message": "Market data sync initiated"}}
{"timestamp": "2026-10-04 17:17:48 UTC", "ts": 1791134268.322532, "from_stage": "DATA_SYNC", "to_stage": "DATA_VALIDATION", "details": {"message": "Validating bar ranges and OHLC integrity"}}
{"timestamp": "2026-10-04 17:17:48 UTC", "ts": 1791134268.344173, "from_stage": "DATA_SYNC", "to_stage": "DATA_VALIDATION", "details": {"message": "Validating bar ranges and OHLC integrity"}}
{"timestamp": "2026-10-04 17:17:48 UTC", "ts": 1791134268.372696, "from_stage": "FEATURE_DISCOVERY", "to_stage": "FEATURE_PRECOMPUTATION", "details": {"message": "Precomputing features for 6 datasets"}}
{"timestamp": "2026-10-04 17:17:48 UTC", "ts": 1791134268.403029, "from_stage": "DATA_VALIDATION", "to_stage": "FEATURE_DISCOVERY", "details": {"message": "Discovering cached indicator arrays"}}
{"timestamp": "2026-10-04 17:17:48 UTC", "ts": 1791134268.49469, "from_stage": "DATA_VALIDATION", "to_stage": "FEATURE_DISCOVERY", "details": {"message": "Discovering cached indicator arrays"}}
{"timestamp": "2026-10-04 17:17:48 UTC", "ts": 1791134268.852387, "from_stage": "FEATURE_DISCOVERY", "to_stage": "FEATURE_PRECOMPUTATION", "details": {"message": "Precomputing features for 6 datasets"}}
{"timestamp": "2026-10-04 17:17:48 UTC", "ts": 1791134268.971284, "from_stage": "FEATURE_DISCOVERY", "to_stage": "FEATURE_PRECOMPUTATION", "details": {"message": "Precomputing features for 6 datasets"}}
{"timestamp": "2026-10-04 17:18:16 UTC", "ts": 1791134296.414177, "from_stage": "RESEARCH", "to_stage": "BACKTESTING", "details": {"reason": "5 nodes ready for screening", "current_nodes": 5, "target": 50}}
{"timestamp": "2026-10-04 17:18:20 UTC", "ts": 1791134300.228085, "from_stage": "DATA_SYNC", "to_stage": "DATA_VALIDATION", "details": {}}
{"timestamp": "2026-10-04 17:18:20 UTC", "ts": 1791134300.239204, "from_stage": "DATA_VALIDATION", "to_stage": "FEATURE_DISCOVERY", "details": {}}
{"timestamp": "2026-10-04 17:18:20 UTC", "ts": 1791134300.249921, "from_stage": "FEATURE_DISCOVERY", "to_stage": "FEATURE_PRECOMPUTATION", "details": {}}
{"timestamp": "2026-10-04 17:18:20 UTC", "ts": 1791134300.266121, "from_stage": "FEATURE_PRECOMPUTATION", "to_stage": "FEATURE_VALIDATION", "details": {"message": "Verifying column schemas"}}
{"timestamp": "2026-10-04 17:18:20 UTC", "ts": 1791134300.275608, "from_stage": "FEATURE_VALIDATION", "to_stage": "DATASET_REGISTRATION", "details": {"message": "Registering dataset"}}
{"timestamp": "2026-10-04 17:18:20 UTC", "ts": 1791134300.285828, "from_stage": "DATASET_REGISTRATION", "to_stage": "RESEARCH_INITIALIZATION", "details": {"message": "Initializing population"}}
{"timestamp": "2026-10-04 17:18:20 UTC", "ts": 1791134300.296144, "from_stage": "RESEARCH_INITIALIZATION", "to_stage": "NODE_GENERATION", "details": {"message": "Generating candidates"}}
{"timestamp": "2026-10-04 17:18:20 UTC", "ts": 1791134300.306667, "from_stage": "NODE_GENERATION", "to_stage": "NODE_EVALUATION", "details": {"message": "Screening candidate nodes"}}
{"timestamp": "2026-10-04 17:18:22 UTC", "ts": 1791134302.625249, "from_stage": "INIT", "to_stage": "DATA_DISCOVERY", "details": {"message": "Scanning DATA_ROOT and discovering reusable artifacts"}}
{"timestamp": "2026-10-04 17:18:22 UTC", "ts": 1791134302.645317, "from_stage": "DATA_DISCOVERY", "to_stage": "DATA_SYNC", "details": {"message": "Market data sync initiated"}}
{"timestamp": "2026-10-04 17:18:23 UTC", "ts": 1791134303.004126, "from_stage": "DATA_SYNC", "to_stage": "DATA_VALIDATION", "details": {"message": "Validating bar ranges and OHLC integrity"}}
{"timestamp": "2026-10-04 17:18:23 UTC", "ts": 1791134303.017607, "from_stage": "DATA_VALIDATION", "to_stage": "FEATURE_DISCOVERY", "details": {"message": "Discovering cached indicator arrays"}}
{"timestamp": "2026-10-04 17:18:23 UTC", "ts": 1791134303.031513, "from_stage": "FEATURE_DISCOVERY", "to_stage": "FEATURE_PRECOMPUTATION", "details": {"message": "Precomputing features for 1 datasets"}}
{"timestamp": "2026-10-04 17:18:23 UTC", "ts": 1791134303.424888, "from_stage": "FEATURE_PRECOMPUTATION", "to_stage": "FEATURE_VALIDATION", "details": {"message": "Verifying column schemas and row counts"}}
{"timestamp": "2026-10-04 17:18:23 UTC", "ts": 1791134303.435648, "from_stage": "FEATURE_VALIDATION", "to_stage": "BLOCKED", "details": {"reason": "Feature validation failed", "action": "HALT_RESEARCH"}}
{"timestamp": "2026-10-04 17:18:23 UTC", "ts": 1791134303.500666, "from_stage": "RESEARCH", "to_stage": "BACKTESTING", "details": {"message": "Screening batch of 1 strategies"}}
{"timestamp": "2026-10-04 17:18:23 UTC", "ts": 1791134303.628043, "from_stage": "RESEARCH", "to_stage": "BACKTESTING", "details": {"message": "Screening batch of 1 strategies"}}
{"timestamp": "2026-10-04 17:18:24 UTC", "ts": 1791134304.902046, "from_stage": "DATA_SYNC", "to_stage": "DATA_VALIDATION", "details": {"test": true}}
{"timestamp": "2026-10-04 17:18:24 UTC", "ts": 1791134304.909641, "from_stage": "DATA_VALIDATION", "to_stage": "FEATURE_DISCOVERY", "details": {}}
{"timestamp": "2026-10-04 17:18:24 UTC", "ts": 1791134304.915875, "from_stage": "FEATURE_DISCOVERY", "to_stage": "FEATURE_PRECOMPUTATION", "details": {}}
{"timestamp": "2026-10-04 17:18:24 UTC", "ts": 1791134304.925139, "from_stage": "FEATURE_PRECOMPUTATION", "to_stage": "FEATURE_VALIDATION", "details": {}}
{"timestamp": "2026-10-04 17:18:24 UTC", "ts": 1791134304.931434, "from_stage": "FEATURE_VALIDATION", "to_stage": "DATASET_READY", "details": {}}
{"timestamp": "2026-10-04 17:18:24 UTC", "ts": 1791134304.938565, "from_stage": "DATASET_READY", "to_stage": "RESEARCH", "details": {}}
{"timestamp": "2026-10-04 17:18:24 UTC", "ts": 1791134304.957814, "from_stage": "INIT", "to_stage": "DATA_DISCOVERY", "details": {"message": "Scanning DATA_ROOT and discovering reusable artifacts"}}
{"timestamp": "2026-10-04 17:18:24 UTC", "ts": 1791134304.972753, "from_stage": "DATA_DISCOVERY", "to_stage": "DATA_SYNC", "details": {"message": "Market data sync initiated"}}
{"timestamp": "2026-10-04 17:18:24 UTC", "ts": 1791134304.990291, "from_stage": "DATA_SYNC", "to_stage": "DATA_VALIDATION", "details": {"message": "Validating bar ranges and OHLC integrity"}}
{"timestamp": "2026-10-04 17:18:25 UTC", "ts": 1791134305.002432, "from_stage": "DATA_VALIDATION", "to_stage": "FEATURE_DISCOVERY", "details": {"message": "Discovering cached indicator arrays"}}
{"timestamp": "2026-10-04 17:18:25 UTC", "ts": 1791134305.377302, "from_stage": "FEATURE_DISCOVERY", "to_stage": "FEATURE_PRECOMPUTATION", "details": {"message": "Precomputing features for 1 datasets"}}
{"timestamp": "2026-10-04 17:18:25 UTC", "ts": 1791134305.713128, "from_stage": "FEATURE_PRECOMPUTATION", "to_stage": "FEATURE_VALIDATION", "details": {"message": "Verifying column schemas and row counts"}}
{"timestamp": "2026-10-04 17:18:25 UTC", "ts": 1791134305.809058, "from_stage": "FEATURE_VALIDATION", "to_stage": "DATASET_REGISTRATION", "details": {"message": "All datasets and features registered in catalog"}}
{"timestamp": "2026-10-04 17:18:25 UTC", "ts": 1791134305.81648, "from_stage": "DATASET_REGISTRATION", "to_stage": "RESEARCH_INITIALIZATION", "details": {"message": "Initializing population and research loop"}}
{"timestamp": "2026-10-04 17:18:25 UTC", "ts": 1791134305.823223, "from_stage": "RESEARCH_INITIALIZATION", "to_stage": "RESEARCH", "details": {"message": "Starting research generation loop"}}
{"timestamp": "2026-10-04 17:18:25 UTC", "ts": 1791134305.835392, "from_stage": "DATA_SYNC", "to_stage": "RESEARCH", "details": {"reason": "Test transition"}}
{"timestamp": "2026-10-04 17:18:27 UTC", "ts": 1791134307.799078, "from_stage": "INIT", "to_stage": "DATA_DISCOVERY", "details": {"message": "Scanning DATA_ROOT and discovering reusable artifacts"}}
{"timestamp": "2026-10-04 17:18:27 UTC", "ts": 1791134307.833693, "from_stage": "DATA_DISCOVERY", "to_stage": "DATA_SYNC", "details": {"message": "Market data sync initiated"}}
{"timestamp": "2026-10-04 17:18:27 UTC", "ts": 1791134307.88629, "from_stage": "DATA_SYNC", "to_stage": "DATA_VALIDATION", "details": {"message": "Validating bar ranges and OHLC integrity"}}
{"timestamp": "2026-10-04 17:18:27 UTC", "ts": 1791134307.960216, "from_stage": "DATA_VALIDATION", "to_stage": "FEATURE_DISCOVERY", "details": {"message": "Discovering cached indicator arrays"}}
{"timestamp": "2026-10-04 17:18:27 UTC", "ts": 1791134307.995364, "from_stage": "INIT", "to_stage": "DATA_DISCOVERY", "details": {"message": "Scanning DATA_ROOT and discovering reusable artifacts"}}
{"timestamp": "2026-10-04 17:18:28 UTC", "ts": 1791134308.058817, "from_stage": "INIT", "to_stage": "DATA_DISCOVERY", "details": {"message": "Scanning DATA_ROOT and discovering reusable artifacts"}}
{"timestamp": "2026-10-04 17:18:28 UTC", "ts": 1791134308.081915, "from_stage": "DATA_DISCOVERY", "to_stage": "DATA_SYNC", "details": {"message": "Market data sync initiated"}}
{"timestamp": "2026-10-04 17:18:28 UTC", "ts": 1791134308.102022, "from_stage": "FEATURE_DISCOVERY", "to_stage": "FEATURE_PRECOMPUTATION", "details": {"message": "Precomputing features for 7 datasets"}}
{"timestamp": "2026-10-04 17:18:28 UTC", "ts": 1791134308.169049, "from_stage": "DATA_DISCOVERY", "to_stage": "DATA_SYNC", "details": {"message": "Market data sync initiated"}}
{"timestamp": "2026-10-04 17:18:28 UTC", "ts": 1791134308.217201, "from_stage": "DATA_SYNC", "to_stage": "DATA_VALIDATION", "details": {"message": "Validating bar ranges and OHLC integrity"}}
{"timestamp": "2026-10-04 17:18:28 UTC", "ts": 1791134308.221718, "from_stage": "NODE_GENERATION", "to_stage": "EVALUATION", "details": {"nodes": 100}}
{"timestamp": "2026-10-04 17:18:28 UTC", "ts": 1791134308.280867, "from_stage": "DATA_SYNC", "to_stage": "DATA_VALIDATION", "details": {"message": "Validating bar ranges and OHLC integrity"}}
{"timestamp": "2026-10-04 17:18:28 UTC", "ts": 1791134308.339023, "from_stage": "DATA_VALIDATION", "to_stage": "FEATURE_DISCOVERY", "details": {"message": "Discovering cached indicator arrays"}}
{"timestamp": "2026-10-04 17:18:28 UTC", "ts": 1791134308.36913, "from_stage": "DATA_VALIDATION", "to_stage": "FEATURE_DISCOVERY", "details": {"message": "Discovering cached indicator arrays"}}
{"timestamp": "2026-10-04 17:18:28 UTC", "ts": 1791134308.631682, "from_stage": "FEATURE_DISCOVERY", "to_stage": "FEATURE_PRECOMPUTATION", "details": {"message": "Precomputing features for 7 datasets"}}
{"timestamp": "2026-10-04 17:18:28 UTC", "ts": 1791134308.738601, "from_stage": "FEATURE_DISCOVERY", "to_stage": "FEATURE_PRECOMPUTATION", "details": {"message": "Precomputing features for 7 datasets"}}
{"timestamp": "2026-10-04 17:19:25 UTC", "ts": 1791134365.669507, "from_stage": "RESEARCH", "to_stage": "BACKTESTING", "details": {"reason": "5 nodes ready for screening", "current_nodes": 5, "target": 50}}
{"timestamp": "2026-10-04 17:19:29 UTC", "ts": 1791134369.2322, "from_stage": "DATA_SYNC", "to_stage": "DATA_VALIDATION", "details": {}}
{"timestamp": "2026-10-04 17:19:29 UTC", "ts": 1791134369.240563, "from_stage": "DATA_VALIDATION", "to_stage": "FEATURE_DISCOVERY", "details": {}}
{"timestamp": "2026-10-04 17:19:29 UTC", "ts": 1791134369.249349, "from_stage": "FEATURE_DISCOVERY", "to_stage": "FEATURE_PRECOMPUTATION", "details": {}}
{"timestamp": "2026-10-04 17:19:29 UTC", "ts": 1791134369.256805, "from_stage": "FEATURE_PRECOMPUTATION", "to_stage": "FEATURE_VALIDATION", "details": {"message": "Verifying column schemas"}}
{"timestamp": "2026-10-04 17:19:29 UTC", "ts": 1791134369.263358, "from_stage": "FEATURE_VALIDATION", "to_stage": "DATASET_REGISTRATION", "details": {"message": "Registering dataset"}}
{"timestamp": "2026-10-04 17:19:29 UTC", "ts": 1791134369.269796, "from_stage": "DATASET_REGISTRATION", "to_stage": "RESEARCH_INITIALIZATION", "details": {"message": "Initializing population"}}
{"timestamp": "2026-10-04 17:19:29 UTC", "ts": 1791134369.276196, "from_stage": "RESEARCH_INITIALIZATION", "to_stage": "NODE_GENERATION", "details": {"message": "Generating candidates"}}
{"timestamp": "2026-10-04 17:19:29 UTC", "ts": 1791134369.285587, "from_stage": "NODE_GENERATION", "to_stage": "NODE_EVALUATION", "details": {"message": "Screening candidate nodes"}}
{"timestamp": "2026-10-04 17:19:31 UTC", "ts": 1791134371.381673, "from_stage": "INIT", "to_stage": "DATA_DISCOVERY", "details": {"message": "Scanning DATA_ROOT and discovering reusable artifacts"}}
{"timestamp": "2026-10-04 17:19:31 UTC", "ts": 1791134371.396309, "from_stage": "DATA_DISCOVERY", "to_stage": "DATA_SYNC", "details": {"message": "Market data sync initiated"}}
{"timestamp": "2026-10-04 17:19:31 UTC", "ts": 1791134371.427808, "from_stage": "DATA_SYNC", "to_stage": "DATA_VALIDATION", "details": {"message": "Validating bar ranges and OHLC integrity"}}
{"timestamp": "2026-10-04 17:19:31 UTC", "ts": 1791134371.434289, "from_stage": "DATA_VALIDATION", "to_stage": "FEATURE_DISCOVERY", "details": {"message": "Discovering cached indicator arrays"}}
{"timestamp": "2026-10-04 17:19:31 UTC", "ts": 1791134371.441263, "from_stage": "FEATURE_DISCOVERY", "to_stage": "FEATURE_PRECOMPUTATION", "details": {"message": "Precomputing features for 1 datasets"}}
{"timestamp": "2026-10-04 17:19:31 UTC", "ts": 1791134371.716782, "from_stage": "FEATURE_PRECOMPUTATION", "to_stage": "FEATURE_VALIDATION", "details": {"message": "Verifying column schemas and row counts"}}
{"timestamp": "2026-10-04 17:19:31 UTC", "ts": 1791134371.726168, "from_stage": "FEATURE_VALIDATION", "to_stage": "BLOCKED", "details": {"reason": "Feature validation failed", "action": "HALT_RESEARCH"}}
{"timestamp": "2026-10-04 17:19:31 UTC", "ts": 1791134371.796079, "from_stage": "RESEARCH", "to_stage": "BACKTESTING", "details": {"message": "Screening batch of 1 strategies"}}
{"timestamp": "2026-10-04 17:19:31 UTC", "ts": 1791134371.889027, "from_stage": "RESEARCH", "to_stage": "BACKTESTING", "details": {"message": "Screening batch of 1 strategies"}}
{"timestamp": "2026-10-04 17:19:32 UTC", "ts": 1791134372.768975, "from_stage": "DATA_SYNC", "to_stage": "DATA_VALIDATION", "details": {"test": true}}
{"timestamp": "2026-10-04 17:19:32 UTC", "ts": 1791134372.775455, "from_stage": "DATA_VALIDATION", "to_stage": "FEATURE_DISCOVERY", "details": {}}
{"timestamp": "2026-10-04 17:19:32 UTC", "ts": 1791134372.782026, "from_stage": "FEATURE_DISCOVERY", "to_stage": "FEATURE_PRECOMPUTATION", "details": {}}
{"timestamp": "2026-10-04 17:19:32 UTC", "ts": 1791134372.789652, "from_stage": "FEATURE_PRECOMPUTATION", "to_stage": "FEATURE_VALIDATION", "details": {}}
{"timestamp": "2026-10-04 17:19:32 UTC", "ts": 1791134372.798027, "from_stage": "FEATURE_VALIDATION", "to_stage": "DATASET_READY", "details": {}}
{"timestamp": "2026-10-04 17:19:32 UTC", "ts": 1791134372.806687, "from_stage": "DATASET_READY", "to_stage": "RESEARCH", "details": {}}
{"timestamp": "2026-10-04 17:19:32 UTC", "ts": 1791134372.836076, "from_stage": "INIT", "to_stage": "DATA_DISCOVERY", "details": {"message": "Scanning DATA_ROOT and discovering reusable artifacts"}}
{"timestamp": "2026-10-04 17:19:32 UTC", "ts": 1791134372.853134, "from_stage": "DATA_DISCOVERY", "to_stage": "DATA_SYNC", "details": {"message": "Market data sync initiated"}}
{"timestamp": "2026-10-04 17:19:32 UTC", "ts": 1791134372.86671, "from_stage": "DATA_SYNC", "to_stage": "DATA_VALIDATION", "details": {"message": "Validating bar ranges and OHLC integrity"}}
{"timestamp": "2026-10-04 17:19:32 UTC", "ts": 1791134372.877824, "from_stage": "DATA_VALIDATION", "to_stage": "FEATURE_DISCOVERY", "details": {"message": "Discovering cached indicator arrays"}}
{"timestamp": "2026-10-04 17:19:33 UTC", "ts": 1791134373.224271, "from_stage": "FEATURE_DISCOVERY", "to_stage": "FEATURE_PRECOMPUTATION", "details": {"message": "Precomputing features for 1 datasets"}}
{"timestamp": "2026-10-04 17:19:33 UTC", "ts": 1791134373.496361, "from_stage": "FEATURE_PRECOMPUTATION", "to_stage": "FEATURE_VALIDATION", "details": {"message": "Verifying column schemas and row counts"}}
{"timestamp": "2026-10-04 17:19:33 UTC", "ts": 1791134373.611099, "from_stage": "FEATURE_VALIDATION", "to_stage": "DATASET_REGISTRATION", "details": {"message": "All datasets and features registered in catalog"}}
{"timestamp": "2026-10-04 17:19:33 UTC", "ts": 1791134373.620392, "from_stage": "DATASET_REGISTRATION", "to_stage": "RESEARCH_INITIALIZATION", "details": {"message": "Initializing population and research loop"}}
{"timestamp": "2026-10-04 17:19:33 UTC", "ts": 1791134373.632554, "from_stage": "RESEARCH_INITIALIZATION", "to_stage": "RESEARCH", "details": {"message": "Starting research generation loop"}}
{"timestamp": "2026-10-04 17:19:33 UTC", "ts": 1791134373.643804, "from_stage": "DATA_SYNC", "to_stage": "RESEARCH", "details": {"reason": "Test transition"}}
{"timestamp": "2026-10-04 17:19:35 UTC", "ts": 1791134375.47375, "from_stage": "INIT", "to_stage": "DATA_DISCOVERY", "details": {"message": "Scanning DATA_ROOT and discovering reusable artifacts"}}
{"timestamp": "2026-10-04 17:19:35 UTC", "ts": 1791134375.502612, "from_stage": "DATA_DISCOVERY", "to_stage": "DATA_SYNC", "details": {"message": "Market data sync initiated"}}
{"timestamp": "2026-10-04 17:19:35 UTC", "ts": 1791134375.522437, "from_stage": "INIT", "to_stage": "DATA_DISCOVERY", "details": {"message": "Scanning DATA_ROOT and discovering reusable artifacts"}}
{"timestamp": "2026-10-04 17:19:35 UTC", "ts": 1791134375.557968, "from_stage": "DATA_SYNC", "to_stage": "DATA_VALIDATION", "details": {"message": "Validating bar ranges and OHLC integrity"}}
{"timestamp": "2026-10-04 17:19:35 UTC", "ts": 1791134375.582437, "from_stage": "DATA_DISCOVERY", "to_stage": "DATA_SYNC", "details": {"message": "Market data sync initiated"}}
{"timestamp": "2026-10-04 17:19:35 UTC", "ts": 1791134375.604813, "from_stage": "DATA_VALIDATION", "to_stage": "FEATURE_DISCOVERY", "details": {"message": "Discovering cached indicator arrays"}}
{"timestamp": "2026-10-04 17:19:35 UTC", "ts": 1791134375.635412, "from_stage": "DATA_SYNC", "to_stage": "DATA_VALIDATION", "details": {"message": "Validating bar ranges and OHLC integrity"}}
{"timestamp": "2026-10-04 17:19:35 UTC", "ts": 1791134375.677138, "from_stage": "INIT", "to_stage": "DATA_DISCOVERY", "details": {"message": "Scanning DATA_ROOT and discovering reusable artifacts"}}
{"timestamp": "2026-10-04 17:19:35 UTC", "ts": 1791134375.749877, "from_stage": "NODE_GENERATION", "to_stage": "EVALUATION", "details": {"nodes": 100}}
{"timestamp": "2026-10-04 17:19:35 UTC", "ts": 1791134375.761676, "from_stage": "DATA_VALIDATION", "to_stage": "FEATURE_DISCOVERY", "details": {"message": "Discovering cached indicator arrays"}}
{"timestamp": "2026-10-04 17:19:35 UTC", "ts": 1791134375.785234, "from_stage": "DATA_DISCOVERY", "to_stage": "DATA_SYNC", "details": {"message": "Market data sync initiated"}}
{"timestamp": "2026-10-04 17:19:35 UTC", "ts": 1791134375.812675, "from_stage": "FEATURE_DISCOVERY", "to_stage": "FEATURE_PRECOMPUTATION", "details": {"message": "Precomputing features for 8 datasets"}}
{"timestamp": "2026-10-04 17:19:35 UTC", "ts": 1791134375.862152, "from_stage": "DATA_SYNC", "to_stage": "DATA_VALIDATION", "details": {"message": "Validating bar ranges and OHLC integrity"}}
{"timestamp": "2026-10-04 17:19:35 UTC", "ts": 1791134375.934143, "from_stage": "FEATURE_DISCOVERY", "to_stage": "FEATURE_PRECOMPUTATION", "details": {"message": "Precomputing features for 8 datasets"}}
{"timestamp": "2026-10-04 17:19:36 UTC", "ts": 1791134376.072202, "from_stage": "DATA_VALIDATION", "to_stage": "FEATURE_DISCOVERY", "details": {"message": "Discovering cached indicator arrays"}}
{"timestamp": "2026-10-04 17:19:36 UTC", "ts": 1791134376.440104, "from_stage": "FEATURE_DISCOVERY", "to_stage": "FEATURE_PRECOMPUTATION", "details": {"message": "Precomputing features for 8 datasets"}}
{"timestamp": "2026-10-05 04:53:29 UTC", "ts": 1791176009.83445, "from_stage": "RESEARCH", "to_stage": "BACKTESTING", "details": {"reason": "5 nodes ready for screening", "current_nodes": 5, "target": 50}}
{"timestamp": "2026-10-05 04:53:33 UTC", "ts": 1791176013.244344, "from_stage": "DATA_SYNC", "to_stage": "DATA_VALIDATION", "details": {}}
{"timestamp": "2026-10-05 04:53:33 UTC", "ts": 1791176013.249814, "from_stage": "DATA_VALIDATION", "to_stage": "FEATURE_DISCOVERY", "details": {}}
{"timestamp": "2026-10-05 04:53:33 UTC", "ts": 1791176013.255291, "from_stage": "FEATURE_DISCOVERY", "to_stage": "FEATURE_PRECOMPUTATION", "details": {}}
{"timestamp": "2026-10-05 04:53:33 UTC", "ts": 1791176013.260988, "from_stage": "FEATURE_PRECOMPUTATION", "to_stage": "FEATURE_VALIDATION", "details": {"message": "Verifying column schemas"}}
{"timestamp": "2026-10-05 04:53:33 UTC", "ts": 1791176013.266737, "from_stage": "FEATURE_VALIDATION", "to_stage": "DATASET_REGISTRATION", "details": {"message": "Registering dataset"}}
{"timestamp": "2026-10-05 04:53:33 UTC", "ts": 1791176013.272102, "from_stage": "DATASET_REGISTRATION", "to_stage": "RESEARCH_INITIALIZATION", "details": {"message": "Initializing population"}}
{"timestamp": "2026-10-05 04:53:33 UTC", "ts": 1791176013.277378, "from_stage": "RESEARCH_INITIALIZATION", "to_stage": "NODE_GENERATION", "details": {"message": "Generating candidates"}}
{"timestamp": "2026-10-05 04:53:33 UTC", "ts": 1791176013.283049, "from_stage": "NODE_GENERATION", "to_stage": "NODE_EVALUATION", "details": {"message": "Screening candidate nodes"}}
{"timestamp": "2026-10-05 04:53:35 UTC", "ts": 1791176015.032609, "from_stage": "INIT", "to_stage": "DATA_DISCOVERY", "details": {"message": "Scanning DATA_ROOT and discovering reusable artifacts"}}
{"timestamp": "2026-10-05 04:53:35 UTC", "ts": 1791176015.049495, "from_stage": "DATA_DISCOVERY", "to_stage": "DATA_SYNC", "details": {"message": "Market data sync initiated"}}
{"timestamp": "2026-10-05 04:53:35 UTC", "ts": 1791176015.076947, "from_stage": "DATA_SYNC", "to_stage": "DATA_VALIDATION", "details": {"message": "Validating bar ranges and OHLC integrity"}}
{"timestamp": "2026-10-05 04:53:35 UTC", "ts": 1791176015.082652, "from_stage": "DATA_VALIDATION", "to_stage": "FEATURE_DISCOVERY", "details": {"message": "Discovering cached indicator arrays"}}
{"timestamp": "2026-10-05 04:53:35 UTC", "ts": 1791176015.088454, "from_stage": "FEATURE_DISCOVERY", "to_stage": "FEATURE_PRECOMPUTATION", "details": {"message": "Precomputing features for 1 datasets"}}
{"timestamp": "2026-10-05 04:53:35 UTC", "ts": 1791176015.307683, "from_stage": "FEATURE_PRECOMPUTATION", "to_stage": "FEATURE_VALIDATION", "details": {"message": "Verifying column schemas and row counts"}}
{"timestamp": "2026-10-05 04:53:35 UTC", "ts": 1791176015.314288, "from_stage": "FEATURE_VALIDATION", "to_stage": "BLOCKED", "details": {"reason": "Feature validation failed", "action": "HALT_RESEARCH"}}
{"timestamp": "2026-10-05 04:53:35 UTC", "ts": 1791176015.358396, "from_stage": "RESEARCH", "to_stage": "BACKTESTING", "details": {"message": "Screening batch of 1 strategies"}}
{"timestamp": "2026-10-05 04:53:35 UTC", "ts": 1791176015.441394, "from_stage": "RESEARCH", "to_stage": "BACKTESTING", "details": {"message": "Screening batch of 1 strategies"}}
{"timestamp": "2026-10-05 04:53:36 UTC", "ts": 1791176016.215464, "from_stage": "DATA_SYNC", "to_stage": "DATA_VALIDATION", "details": {"test": true}}
{"timestamp": "2026-10-05 04:53:36 UTC", "ts": 1791176016.220849, "from_stage": "DATA_VALIDATION", "to_stage": "FEATURE_DISCOVERY", "details": {}}
{"timestamp": "2026-10-05 04:53:36 UTC", "ts": 1791176016.226184, "from_stage": "FEATURE_DISCOVERY", "to_stage": "FEATURE_PRECOMPUTATION", "details": {}}
{"timestamp": "2026-10-05 04:53:36 UTC", "ts": 1791176016.231537, "from_stage": "FEATURE_PRECOMPUTATION", "to_stage": "FEATURE_VALIDATION", "details": {}}
{"timestamp": "2026-10-05 04:53:36 UTC", "ts": 1791176016.23676, "from_stage": "FEATURE_VALIDATION", "to_stage": "DATASET_READY", "details": {}}
{"timestamp": "2026-10-05 04:53:36 UTC", "ts": 1791176016.242127, "from_stage": "DATASET_READY", "to_stage": "RESEARCH", "details": {}}
{"timestamp": "2026-10-05 04:53:36 UTC", "ts": 1791176016.263739, "from_stage": "INIT", "to_stage": "DATA_DISCOVERY", "details": {"message": "Scanning DATA_ROOT and discovering reusable artifacts"}}
{"timestamp": "2026-10-05 04:53:36 UTC", "ts": 1791176016.279231, "from_stage": "DATA_DISCOVERY", "to_stage": "DATA_SYNC", "details": {"message": "Market data sync initiated"}}
{"timestamp": "2026-10-05 04:53:36 UTC", "ts": 1791176016.28691, "from_stage": "DATA_SYNC", "to_stage": "DATA_VALIDATION", "details": {"message": "Validating bar ranges and OHLC integrity"}}
{"timestamp": "2026-10-05 04:53:36 UTC", "ts": 1791176016.298972, "from_stage": "DATA_VALIDATION", "to_stage": "FEATURE_DISCOVERY", "details": {"message": "Discovering cached indicator arrays"}}
{"timestamp": "2026-10-05 04:53:36 UTC", "ts": 1791176016.573082, "from_stage": "FEATURE_DISCOVERY", "to_stage": "FEATURE_PRECOMPUTATION", "details": {"message": "Precomputing features for 1 datasets"}}
{"timestamp": "2026-10-05 04:53:36 UTC", "ts": 1791176016.800183, "from_stage": "FEATURE_PRECOMPUTATION", "to_stage": "FEATURE_VALIDATION", "details": {"message": "Verifying column schemas and row counts"}}
{"timestamp": "2026-10-05 04:53:36 UTC", "ts": 1791176016.877221, "from_stage": "FEATURE_VALIDATION", "to_stage": "DATASET_REGISTRATION", "details": {"message": "All datasets and features registered in catalog"}}
{"timestamp": "2026-10-05 04:53:36 UTC", "ts": 1791176016.882678, "from_stage": "DATASET_REGISTRATION", "to_stage": "RESEARCH_INITIALIZATION", "details": {"message": "Initializing population and research loop"}}
{"timestamp": "2026-10-05 04:53:36 UTC", "ts": 1791176016.888054, "from_stage": "RESEARCH_INITIALIZATION", "to_stage": "RESEARCH", "details": {"message": "Starting research generation loop"}}
{"timestamp": "2026-10-05 04:53:36 UTC", "ts": 1791176016.895985, "from_stage": "DATA_SYNC", "to_stage": "RESEARCH", "details": {"reason": "Test transition"}}
{"timestamp": "2026-10-05 04:53:38 UTC", "ts": 1791176018.466621, "from_stage": "INIT", "to_stage": "DATA_DISCOVERY", "details": {"message": "Scanning DATA_ROOT and discovering reusable artifacts"}}
{"timestamp": "2026-10-05 04:53:38 UTC", "ts": 1791176018.483961, "from_stage": "DATA_DISCOVERY", "to_stage": "DATA_SYNC", "details": {"message": "Market data sync initiated"}}
{"timestamp": "2026-10-05 04:53:38 UTC", "ts": 1791176018.504715, "from_stage": "DATA_SYNC", "to_stage": "DATA_VALIDATION", "details": {"message": "Validating bar ranges and OHLC integrity"}}
{"timestamp": "2026-10-05 04:53:38 UTC", "ts": 1791176018.54242, "from_stage": "DATA_VALIDATION", "to_stage": "FEATURE_DISCOVERY", "details": {"message": "Discovering cached indicator arrays"}}
{"timestamp": "2026-10-05 04:53:38 UTC", "ts": 1791176018.572672, "from_stage": "INIT", "to_stage": "DATA_DISCOVERY", "details": {"message": "Scanning DATA_ROOT and discovering reusable artifacts"}}
{"timestamp": "2026-10-05 04:53:38 UTC", "ts": 1791176018.597616, "from_stage": "INIT", "to_stage": "DATA_DISCOVERY", "details": {"message": "Scanning DATA_ROOT and discovering reusable artifacts"}}
{"timestamp": "2026-10-05 04:53:38 UTC", "ts": 1791176018.626984, "from_stage": "DATA_DISCOVERY", "to_stage": "DATA_SYNC", "details": {"message": "Market data sync initiated"}}
{"timestamp": "2026-10-05 04:53:38 UTC", "ts": 1791176018.641161, "from_stage": "DATA_DISCOVERY", "to_stage": "DATA_SYNC", "details": {"message": "Market data sync initiated"}}
{"timestamp": "2026-10-05 04:53:38 UTC", "ts": 1791176018.671826, "from_stage": "FEATURE_DISCOVERY", "to_stage": "FEATURE_PRECOMPUTATION", "details": {"message": "Precomputing features for 9 datasets"}}
{"timestamp": "2026-10-05 04:53:38 UTC", "ts": 1791176018.707542, "from_stage": "NODE_GENERATION", "to_stage": "EVALUATION", "details": {"nodes": 100}}
{"timestamp": "2026-10-05 04:53:38 UTC", "ts": 1791176018.711454, "from_stage": "DATA_SYNC", "to_stage": "DATA_VALIDATION", "details": {"message": "Validating bar ranges and OHLC integrity"}}
{"timestamp": "2026-10-05 04:53:38 UTC", "ts": 1791176018.743645, "from_stage": "DATA_SYNC", "to_stage": "DATA_VALIDATION", "details": {"message": "Validating bar ranges and OHLC integrity"}}
{"timestamp": "2026-10-05 04:53:38 UTC", "ts": 1791176018.778562, "from_stage": "DATA_VALIDATION", "to_stage": "FEATURE_DISCOVERY", "details": {"message": "Discovering cached indicator arrays"}}
{"timestamp": "2026-10-05 04:53:38 UTC", "ts": 1791176018.808557, "from_stage": "DATA_VALIDATION", "to_stage": "FEATURE_DISCOVERY", "details": {"message": "Discovering cached indicator arrays"}}
{"timestamp": "2026-10-05 04:53:38 UTC", "ts": 1791176018.899157, "from_stage": "FEATURE_DISCOVERY", "to_stage": "FEATURE_PRECOMPUTATION", "details": {"message": "Precomputing features for 9 datasets"}}
{"timestamp": "2026-10-05 04:53:38 UTC", "ts": 1791176018.930138, "from_stage": "FEATURE_DISCOVERY", "to_stage": "FEATURE_PRECOMPUTATION", "details": {"message": "Precomputing features for 9 datasets"}}
{"timestamp": "2026-10-05 04:56:22 UTC", "ts": 1791176182.633454, "from_stage": "RESEARCH", "to_stage": "BACKTESTING", "details": {"reason": "5 nodes ready for screening", "current_nodes": 5, "target": 50}}
{"timestamp": "2026-10-05 04:56:26 UTC", "ts": 1791176186.196408, "from_stage": "DATA_SYNC", "to_stage": "DATA_VALIDATION", "details": {}}
{"timestamp": "2026-10-05 04:56:26 UTC", "ts": 1791176186.201983, "from_stage": "DATA_VALIDATION", "to_stage": "FEATURE_DISCOVERY", "details": {}}
{"timestamp": "2026-10-05 04:56:26 UTC", "ts": 1791176186.207558, "from_stage": "FEATURE_DISCOVERY", "to_stage": "FEATURE_PRECOMPUTATION", "details": {}}
{"timestamp": "2026-10-05 04:56:26 UTC", "ts": 1791176186.213297, "from_stage": "FEATURE_PRECOMPUTATION", "to_stage": "FEATURE_VALIDATION", "details": {"message": "Verifying column schemas"}}
{"timestamp": "2026-10-05 04:56:26 UTC", "ts": 1791176186.218834, "from_stage": "FEATURE_VALIDATION", "to_stage": "DATASET_REGISTRATION", "details": {"message": "Registering dataset"}}
{"timestamp": "2026-10-05 04:56:26 UTC", "ts": 1791176186.224559, "from_stage": "DATASET_REGISTRATION", "to_stage": "RESEARCH_INITIALIZATION", "details": {"message": "Initializing population"}}
{"timestamp": "2026-10-05 04:56:26 UTC", "ts": 1791176186.230559, "from_stage": "RESEARCH_INITIALIZATION", "to_stage": "NODE_GENERATION", "details": {"message": "Generating candidates"}}
{"timestamp": "2026-10-05 04:56:26 UTC", "ts": 1791176186.236342, "from_stage": "NODE_GENERATION", "to_stage": "NODE_EVALUATION", "details": {"message": "Screening candidate nodes"}}
{"timestamp": "2026-10-05 04:56:27 UTC", "ts": 1791176187.927563, "from_stage": "INIT", "to_stage": "DATA_DISCOVERY", "details": {"message": "Scanning DATA_ROOT and discovering reusable artifacts"}}
{"timestamp": "2026-10-05 04:56:27 UTC", "ts": 1791176187.943438, "from_stage": "DATA_DISCOVERY", "to_stage": "DATA_SYNC", "details": {"message": "Market data sync initiated"}}
{"timestamp": "2026-10-05 04:56:27 UTC", "ts": 1791176187.968215, "from_stage": "DATA_SYNC", "to_stage": "DATA_VALIDATION", "details": {"message": "Validating bar ranges and OHLC integrity"}}
{"timestamp": "2026-10-05 04:56:27 UTC", "ts": 1791176187.973753, "from_stage": "DATA_VALIDATION", "to_stage": "FEATURE_DISCOVERY", "details": {"message": "Discovering cached indicator arrays"}}
{"timestamp": "2026-10-05 04:56:27 UTC", "ts": 1791176187.980005, "from_stage": "FEATURE_DISCOVERY", "to_stage": "FEATURE_PRECOMPUTATION", "details": {"message": "Precomputing features for 1 datasets"}}
{"timestamp": "2026-10-05 04:56:28 UTC", "ts": 1791176188.186595, "from_stage": "FEATURE_PRECOMPUTATION", "to_stage": "FEATURE_VALIDATION", "details": {"message": "Verifying column schemas and row counts"}}
{"timestamp": "2026-10-05 04:56:28 UTC", "ts": 1791176188.191814, "from_stage": "FEATURE_VALIDATION", "to_stage": "BLOCKED", "details": {"reason": "Feature validation failed", "action": "HALT_RESEARCH"}}
{"timestamp": "2026-10-05 04:56:28 UTC", "ts": 1791176188.232502, "from_stage": "RESEARCH", "to_stage": "BACKTESTING", "details": {"message": "Screening batch of 1 strategies"}}
{"timestamp": "2026-10-05 04:56:28 UTC", "ts": 1791176188.311522, "from_stage": "RESEARCH", "to_stage": "BACKTESTING", "details": {"message": "Screening batch of 1 strategies"}}
{"timestamp": "2026-10-05 04:56:29 UTC", "ts": 1791176189.110708, "from_stage": "DATA_SYNC", "to_stage": "DATA_VALIDATION", "details": {"test": true}}
{"timestamp": "2026-10-05 04:56:29 UTC", "ts": 1791176189.11656, "from_stage": "DATA_VALIDATION", "to_stage": "FEATURE_DISCOVERY", "details": {}}
{"timestamp": "2026-10-05 04:56:29 UTC", "ts": 1791176189.122231, "from_stage": "FEATURE_DISCOVERY", "to_stage": "FEATURE_PRECOMPUTATION", "details": {}}
{"timestamp": "2026-10-05 04:56:29 UTC", "ts": 1791176189.127737, "from_stage": "FEATURE_PRECOMPUTATION", "to_stage": "FEATURE_VALIDATION", "details": {}}
{"timestamp": "2026-10-05 04:56:29 UTC", "ts": 1791176189.133428, "from_stage": "FEATURE_VALIDATION", "to_stage": "DATASET_READY", "details": {}}
{"timestamp": "2026-10-05 04:56:29 UTC", "ts": 1791176189.13871, "from_stage": "DATASET_READY", "to_stage": "RESEARCH", "details": {}}
{"timestamp": "2026-10-05 04:56:29 UTC", "ts": 1791176189.157699, "from_stage": "INIT", "to_stage": "DATA_DISCOVERY", "details": {"message": "Scanning DATA_ROOT and discovering reusable artifacts"}}
{"timestamp": "2026-10-05 04:56:29 UTC", "ts": 1791176189.169827, "from_stage": "DATA_DISCOVERY", "to_stage": "DATA_SYNC", "details": {"message": "Market data sync initiated"}}
{"timestamp": "2026-10-05 04:56:29 UTC", "ts": 1791176189.175736, "from_stage": "DATA_SYNC", "to_stage": "DATA_VALIDATION", "details": {"message": "Validating bar ranges and OHLC integrity"}}
{"timestamp": "2026-10-05 04:56:29 UTC", "ts": 1791176189.184727, "from_stage": "DATA_VALIDATION", "to_stage": "FEATURE_DISCOVERY", "details": {"message": "Discovering cached indicator arrays"}}
{"timestamp": "2026-10-05 04:56:29 UTC", "ts": 1791176189.464071, "from_stage": "FEATURE_DISCOVERY", "to_stage": "FEATURE_PRECOMPUTATION", "details": {"message": "Precomputing features for 1 datasets"}}
{"timestamp": "2026-10-05 04:56:29 UTC", "ts": 1791176189.71763, "from_stage": "FEATURE_PRECOMPUTATION", "to_stage": "FEATURE_VALIDATION", "details": {"message": "Verifying column schemas and row counts"}}
{"timestamp": "2026-10-05 04:56:29 UTC", "ts": 1791176189.806778, "from_stage": "FEATURE_VALIDATION", "to_stage": "DATASET_REGISTRATION", "details": {"message": "All datasets and features registered in catalog"}}
{"timestamp": "2026-10-05 04:56:29 UTC", "ts": 1791176189.812694, "from_stage": "DATASET_REGISTRATION", "to_stage": "RESEARCH_INITIALIZATION", "details": {"message": "Initializing population and research loop"}}
{"timestamp": "2026-10-05 04:56:29 UTC", "ts": 1791176189.818594, "from_stage": "RESEARCH_INITIALIZATION", "to_stage": "RESEARCH", "details": {"message": "Starting research generation loop"}}
{"timestamp": "2026-10-05 04:56:29 UTC", "ts": 1791176189.82969, "from_stage": "DATA_SYNC", "to_stage": "RESEARCH", "details": {"reason": "Test transition"}}
{"timestamp": "2026-10-05 04:56:31 UTC", "ts": 1791176191.430335, "from_stage": "INIT", "to_stage": "DATA_DISCOVERY", "details": {"message": "Scanning DATA_ROOT and discovering reusable artifacts"}}
{"timestamp": "2026-10-05 04:56:31 UTC", "ts": 1791176191.460627, "from_stage": "DATA_DISCOVERY", "to_stage": "DATA_SYNC", "details": {"message": "Market data sync initiated"}}
{"timestamp": "2026-10-05 04:56:31 UTC", "ts": 1791176191.479172, "from_stage": "DATA_SYNC", "to_stage": "DATA_VALIDATION", "details": {"message": "Validating bar ranges and OHLC integrity"}}
{"timestamp": "2026-10-05 04:56:31 UTC", "ts": 1791176191.508478, "from_stage": "INIT", "to_stage": "DATA_DISCOVERY", "details": {"message": "Scanning DATA_ROOT and discovering reusable artifacts"}}
{"timestamp": "2026-10-05 04:56:31 UTC", "ts": 1791176191.530955, "from_stage": "DATA_VALIDATION", "to_stage": "FEATURE_DISCOVERY", "details": {"message": "Discovering cached indicator arrays"}}
{"timestamp": "2026-10-05 04:56:31 UTC", "ts": 1791176191.564254, "from_stage": "DATA_DISCOVERY", "to_stage": "DATA_SYNC", "details": {"message": "Market data sync initiated"}}
{"timestamp": "2026-10-05 04:56:31 UTC", "ts": 1791176191.588194, "from_stage": "INIT", "to_stage": "DATA_DISCOVERY", "details": {"message": "Scanning DATA_ROOT and discovering reusable artifacts"}}
{"timestamp": "2026-10-05 04:56:31 UTC", "ts": 1791176191.613447, "from_stage": "DATA_SYNC", "to_stage": "DATA_VALIDATION", "details": {"message": "Validating bar ranges and OHLC integrity"}}
{"timestamp": "2026-10-05 04:56:31 UTC", "ts": 1791176191.63478, "from_stage": "DATA_DISCOVERY", "to_stage": "DATA_SYNC", "details": {"message": "Market data sync initiated"}}
{"timestamp": "2026-10-05 04:56:31 UTC", "ts": 1791176191.683063, "from_stage": "NODE_GENERATION", "to_stage": "EVALUATION", "details": {"nodes": 100}}
{"timestamp": "2026-10-05 04:56:31 UTC", "ts": 1791176191.685629, "from_stage": "FEATURE_DISCOVERY", "to_stage": "FEATURE_PRECOMPUTATION", "details": {"message": "Precomputing features for 10 datasets"}}
{"timestamp": "2026-10-05 04:56:31 UTC", "ts": 1791176191.711467, "from_stage": "DATA_VALIDATION", "to_stage": "FEATURE_DISCOVERY", "details": {"message": "Discovering cached indicator arrays"}}
{"timestamp": "2026-10-05 04:56:31 UTC", "ts": 1791176191.741134, "from_stage": "DATA_SYNC", "to_stage": "DATA_VALIDATION", "details": {"message": "Validating bar ranges and OHLC integrity"}}
{"timestamp": "2026-10-05 04:56:31 UTC", "ts": 1791176191.806144, "from_stage": "DATA_VALIDATION", "to_stage": "FEATURE_DISCOVERY", "details": {"message": "Discovering cached indicator arrays"}}
{"timestamp": "2026-10-05 04:56:31 UTC", "ts": 1791176191.865814, "from_stage": "FEATURE_DISCOVERY", "to_stage": "FEATURE_PRECOMPUTATION", "details": {"message": "Precomputing features for 10 datasets"}}
{"timestamp": "2026-10-05 04:56:32 UTC", "ts": 1791176192.049451, "from_stage": "FEATURE_DISCOVERY", "to_stage": "FEATURE_PRECOMPUTATION", "details": {"message": "Precomputing features for 10 datasets"}}
{"timestamp": "2026-10-05 05:52:51 UTC", "ts": 1791179571.495723, "from_stage": "INIT", "to_stage": "DATA_DISCOVERY", "details": {"message": "Scanning DATA_ROOT and discovering reusable artifacts"}}
{"timestamp": "2026-10-05 05:52:51 UTC", "ts": 1791179571.589359, "from_stage": "DATA_DISCOVERY", "to_stage": "DATA_SYNC", "details": {"message": "Market data sync initiated"}}
{"timestamp": "2026-10-05 05:52:51 UTC", "ts": 1791179571.869593, "from_stage": "DATA_SYNC", "to_stage": "DATA_VALIDATION", "details": {"message": "Validating bar ranges and OHLC integrity"}}
{"timestamp": "2026-10-05 05:52:51 UTC", "ts": 1791179571.980295, "from_stage": "DATA_VALIDATION", "to_stage": "FEATURE_DISCOVERY", "details": {"message": "Discovering cached indicator arrays"}}
{"timestamp": "2026-10-05 05:52:52 UTC", "ts": 1791179572.020532, "from_stage": "FEATURE_DISCOVERY", "to_stage": "FEATURE_PRECOMPUTATION", "details": {"message": "Precomputing features for 17 datasets"}}
{"timestamp": "2026-10-05 05:53:05 UTC", "ts": 1791179585.386036, "from_stage": "FEATURE_PRECOMPUTATION", "to_stage": "FEATURE_VALIDATION", "details": {"message": "Verifying column schemas and row counts"}}
{"timestamp": "2026-10-05 05:53:06 UTC", "ts": 1791179586.393034, "from_stage": "FEATURE_VALIDATION", "to_stage": "DATASET_REGISTRATION", "details": {"message": "All datasets and features registered in catalog"}}
{"timestamp": "2026-10-05 05:53:06 UTC", "ts": 1791179586.417692, "from_stage": "DATASET_REGISTRATION", "to_stage": "RESEARCH_INITIALIZATION", "details": {"message": "Initializing population and research loop"}}
{"timestamp": "2026-10-05 05:53:06 UTC", "ts": 1791179586.44062, "from_stage": "RESEARCH_INITIALIZATION", "to_stage": "RESEARCH", "details": {"message": "Starting research generation loop"}}
{"timestamp": "2026-10-05 05:53:07 UTC", "ts": 1791179587.177413, "from_stage": "RESEARCH", "to_stage": "BACKTESTING", "details": {"reason": "Seeded 380 generation 0 strategies", "completed": 0, "current_nodes": 380, "target": 5000}}
{"timestamp": "2026-10-05 05:53:10 UTC", "ts": 1791179590.577682, "from_stage": "RESEARCH", "to_stage": "BACKTESTING", "details": {"message": "Screening batch of 380 strategies"}}
{"timestamp": "2026-10-05 05:53:13 UTC", "ts": 1791179593.861969, "from_stage": "BACKTESTING", "to_stage": "VALIDATION", "details": {"message": "Advancing from detailed testing to validation"}}
{"timestamp": "2026-10-05 05:53:13 UTC", "ts": 1791179593.897611, "from_stage": "VALIDATION", "to_stage": "VALIDATION", "details": {"reason": "Advancing 3 candidate strategies to validation", "current_nodes": 380, "target": 5000}}
{"timestamp": "2026-10-05 05:53:14 UTC", "ts": 1791179594.806271, "from_stage": "VALIDATION", "to_stage": "QUALIFICATION", "details": {"message": "Advancing to qualification and specialization"}}
{"timestamp": "2026-10-05 05:53:14 UTC", "ts": 1791179594.877523, "from_stage": "QUALIFICATION", "to_stage": "EVOLUTION", "details": {"reason": "Specialization pass complete; advancing to generation evaluation", "current_nodes": 382, "target": 5000}}
{"timestamp": "2026-10-05 05:53:14 UTC", "ts": 1791179594.916134, "from_stage": "EVOLUTION", "to_stage": "NEXT_RESEARCH_CYCLE", "details": {"generation": 9, "stats": {"generation": 9, "born": 2, "tested": 434, "failed": 809, "survived": 8, "validated": 3, "qualified": 133, "killed": 34, "retired": 183, "duplicates_blocked": 1, "best_fitness": 0.98255, "avg_fitness": 0.7343, "ts": 1791179594.879969}, "current_nodes": 382, "target": 5000}}
{"timestamp": "2026-10-05 05:53:14 UTC", "ts": 1791179594.963799, "from_stage": "NEXT_RESEARCH_CYCLE", "to_stage": "EVOLUTION", "details": {"reason": "generation complete and target not reached", "current_nodes": 382, "target": 5000, "action": "generate next candidate batch"}}
{"timestamp": "2026-10-05 05:53:16 UTC", "ts": 1791179596.180408, "from_stage": "EVOLUTION", "to_stage": "BACKTESTING", "details": {"reason": "285 new candidates ready for screening", "completed": 380, "current_nodes": 667, "target": 5000}}
{"timestamp": "2026-10-05 05:53:16 UTC", "ts": 1791179596.924584, "from_stage": "RESEARCH", "to_stage": "BACKTESTING", "details": {"message": "Screening batch of 50 strategies"}}
{"timestamp": "2026-10-05 05:53:17 UTC", "ts": 1791179597.287145, "from_stage": "BACKTESTING", "to_stage": "VALIDATION", "details": {"message": "Advancing from detailed testing to validation"}}
{"timestamp": "2026-10-05 05:53:17 UTC", "ts": 1791179597.323826, "from_stage": "VALIDATION", "to_stage": "VALIDATION", "details": {"reason": "Advancing 3 candidate strategies to validation", "current_nodes": 667, "target": 5000}}
{"timestamp": "2026-10-05 05:53:18 UTC", "ts": 1791179598.05172, "from_stage": "VALIDATION", "to_stage": "QUALIFICATION", "details": {"message": "Advancing to qualification and specialization"}}
{"timestamp": "2026-10-05 05:53:18 UTC", "ts": 1791179598.118115, "from_stage": "QUALIFICATION", "to_stage": "EVOLUTION", "details": {"reason": "Specialization pass complete; advancing to generation evaluation", "current_nodes": 668, "target": 5000}}
{"timestamp": "2026-10-05 05:53:18 UTC", "ts": 1791179598.160503, "from_stage": "EVOLUTION", "to_stage": "NEXT_RESEARCH_CYCLE", "details": {"generation": 10, "stats": {"generation": 10, "born": 1, "tested": 490, "failed": 1090, "survived": 9, "validated": 6, "qualified": 135, "killed": 37, "retired": 183, "duplicates_blocked": 417, "best_fitness": 0.98255, "avg_fitness": 0.7326, "ts": 1791179598.119235}, "current_nodes": 668, "target": 5000}}
{"timestamp": "2026-10-05 05:53:18 UTC", "ts": 1791179598.270033, "from_stage": "NEXT_RESEARCH_CYCLE", "to_stage": "EVOLUTION", "details": {"reason": "generation complete and target not reached", "current_nodes": 668, "target": 5000, "action": "generate next candidate batch"}}
{"timestamp": "2026-10-05 05:53:20 UTC", "ts": 1791179600.255733, "from_stage": "EVOLUTION", "to_stage": "BACKTESTING", "details": {"reason": "480 new candidates ready for screening", "completed": 430, "current_nodes": 1148, "target": 5000}}
{"timestamp": "2026-10-05 05:53:21 UTC", "ts": 1791179601.648707, "from_stage": "RESEARCH", "to_stage": "BACKTESTING", "details": {"message": "Screening batch of 117 strategies"}}
{"timestamp": "2026-10-05 05:53:23 UTC", "ts": 1791179603.724583, "from_stage": "BACKTESTING", "to_stage": "VALIDATION", "details": {"message": "Advancing from detailed testing to validation"}}
{"timestamp": "2026-10-05 05:53:23 UTC", "ts": 1791179603.869862, "from_stage": "VALIDATION", "to_stage": "VALIDATION", "details": {"reason": "Advancing 3 candidate strategies to validation", "current_nodes": 1148, "target": 5000}}
{"timestamp": "2026-10-05 05:53:24 UTC", "ts": 1791179604.37802, "from_stage": "VALIDATION", "to_stage": "QUALIFICATION", "details": {"message": "Advancing to qualification and specialization"}}
{"timestamp": "2026-10-05 05:53:24 UTC", "ts": 1791179604.460024, "from_stage": "QUALIFICATION", "to_stage": "EVOLUTION", "details": {"reason": "Specialization pass complete; advancing to generation evaluation", "current_nodes": 1150, "target": 5000}}
{"timestamp": "2026-10-05 05:53:24 UTC", "ts": 1791179604.49952, "from_stage": "EVOLUTION", "to_stage": "NEXT_RESEARCH_CYCLE", "details": {"generation": 12, "stats": {"generation": 12, "born": 2, "tested": 620, "failed": 1558, "survived": 8, "validated": 9, "qualified": 136, "killed": 46, "retired": 187, "duplicates_blocked": 1236, "best_fitness": 0.98255, "avg_fitness": 0.7283, "ts": 1791179604.461449}, "current_nodes": 1150, "target": 5000}}
{"timestamp": "2026-10-05 05:53:24 UTC", "ts": 1791179604.549783, "from_stage": "NEXT_RESEARCH_CYCLE", "to_stage": "EVOLUTION", "details": {"reason": "generation complete and target not reached", "current_nodes": 1150, "target": 5000, "action": "generate next candidate batch"}}
{"timestamp": "2026-10-05 05:53:26 UTC", "ts": 1791179606.30292, "from_stage": "EVOLUTION", "to_stage": "BACKTESTING", "details": {"reason": "480 new candidates ready for screening", "completed": 547, "current_nodes": 1630, "target": 5000}}
{"timestamp": "2026-10-05 05:53:27 UTC", "ts": 1791179607.944741, "from_stage": "QUALIFICATION", "to_stage": "EVOLUTION", "details": {"reason": "Specialization pass complete; advancing to generation evaluation", "current_nodes": 1633, "target": 5000}}
{"timestamp": "2026-10-05 05:53:29 UTC", "ts": 1791179609.709575, "from_stage": "EVOLUTION", "to_stage": "BACKTESTING", "details": {"reason": "480 new candidates ready for screening", "completed": 547, "current_nodes": 2113, "target": 5000}}
{"timestamp": "2026-10-05 05:53:31 UTC", "ts": 1791179611.326216, "from_stage": "QUALIFICATION", "to_stage": "EVOLUTION", "details": {"reason": "Specialization pass complete; advancing to generation evaluation", "current_nodes": 2115, "target": 5000}}
{"timestamp": "2026-10-05 05:53:34 UTC", "ts": 1791179614.074176, "from_stage": "EVOLUTION", "to_stage": "BACKTESTING", "details": {"reason": "480 new candidates ready for screening", "completed": 547, "current_nodes": 2595, "target": 5000}}
{"timestamp": "2026-10-05 05:53:36 UTC", "ts": 1791179616.040759, "from_stage": "BACKTESTING", "to_stage": "EVOLUTION", "details": {"reason": "Need 480 candidates to fill batch (0/640 active)", "current_nodes": 2595, "target": 5000, "action": "generate next candidate batch"}}
{"timestamp": "2026-10-05 05:53:38 UTC", "ts": 1791179618.235972, "from_stage": "EVOLUTION", "to_stage": "BACKTESTING", "details": {"reason": "480 new candidates ready for screening", "completed": 547, "current_nodes": 3075, "target": 5000}}
{"timestamp": "2026-10-05 05:53:38 UTC", "ts": 1791179618.362493, "from_stage": "BACKTESTING", "to_stage": "EVOLUTION", "details": {"reason": "Need 160 candidates to fill batch (480/640 active)", "current_nodes": 3075, "target": 5000, "action": "generate next candidate batch"}}
{"timestamp": "2026-10-05 05:53:39 UTC", "ts": 1791179619.146439, "from_stage": "EVOLUTION", "to_stage": "BACKTESTING", "details": {"reason": "160 new candidates ready for screening", "completed": 547, "current_nodes": 3235, "target": 5000}}
{"timestamp": "2026-10-05 05:53:41 UTC", "ts": 1791179621.828219, "from_stage": "BACKTESTING", "to_stage": "EVOLUTION", "details": {"reason": "Need 480 candidates to fill batch (0/640 active)", "current_nodes": 3235, "target": 5000, "action": "generate next candidate batch"}}
{"timestamp": "2026-10-05 05:53:44 UTC", "ts": 1791179624.316308, "from_stage": "EVOLUTION", "to_stage": "BACKTESTING", "details": {"reason": "480 new candidates ready for screening", "completed": 547, "current_nodes": 3715, "target": 5000}}
{"timestamp": "2026-10-05 05:53:44 UTC", "ts": 1791179624.425716, "from_stage": "BACKTESTING", "to_stage": "EVOLUTION", "details": {"reason": "Need 160 candidates to fill batch (480/640 active)", "current_nodes": 3715, "target": 5000, "action": "generate next candidate batch"}}
{"timestamp": "2026-10-05 05:53:45 UTC", "ts": 1791179625.199935, "from_stage": "EVOLUTION", "to_stage": "BACKTESTING", "details": {"reason": "160 new candidates ready for screening", "completed": 547, "current_nodes": 3875, "target": 5000}}
{"timestamp": "2026-10-05 05:53:47 UTC", "ts": 1791179627.957253, "from_stage": "BACKTESTING", "to_stage": "EVOLUTION", "details": {"reason": "Need 480 candidates to fill batch (0/640 active)", "current_nodes": 3875, "target": 5000, "action": "generate next candidate batch"}}
{"timestamp": "2026-10-05 05:53:50 UTC", "ts": 1791179630.493112, "from_stage": "EVOLUTION", "to_stage": "BACKTESTING", "details": {"reason": "480 new candidates ready for screening", "completed": 547, "current_nodes": 4355, "target": 5000}}
{"timestamp": "2026-10-05 05:53:50 UTC", "ts": 1791179630.581192, "from_stage": "BACKTESTING", "to_stage": "EVOLUTION", "details": {"reason": "Need 160 candidates to fill batch (480/640 active)", "current_nodes": 4355, "target": 5000, "action": "generate next candidate batch"}}
{"timestamp": "2026-10-05 05:53:51 UTC", "ts": 1791179631.4999, "from_stage": "EVOLUTION", "to_stage": "BACKTESTING", "details": {"reason": "160 new candidates ready for screening", "completed": 547, "current_nodes": 4515, "target": 5000}}
{"timestamp": "2026-10-05 05:53:54 UTC", "ts": 1791179634.7085, "from_stage": "BACKTESTING", "to_stage": "EVOLUTION", "details": {"reason": "Need 480 candidates to fill batch (0/640 active)", "current_nodes": 4515, "target": 5000, "action": "generate next candidate batch"}}
{"timestamp": "2026-10-05 05:53:57 UTC", "ts": 1791179637.54438, "from_stage": "EVOLUTION", "to_stage": "BACKTESTING", "details": {"reason": "480 new candidates ready for screening", "completed": 547, "current_nodes": 4995, "target": 5000}}
{"timestamp": "2026-10-05 05:53:57 UTC", "ts": 1791179637.646518, "from_stage": "BACKTESTING", "to_stage": "EVOLUTION", "details": {"reason": "Need 5 candidates to fill batch (480/640 active)", "current_nodes": 4995, "target": 5000, "action": "generate next candidate batch"}}
{"timestamp": "2026-10-05 05:53:57 UTC", "ts": 1791179637.825449, "from_stage": "EVOLUTION", "to_stage": "BACKTESTING", "details": {"reason": "5 new candidates ready for screening", "completed": 547, "current_nodes": 5000, "target": 5000}}
{"timestamp": "2026-10-05 05:54:00 UTC", "ts": 1791179640.440763, "from_stage": "BACKTESTING", "to_stage": "RESEARCH_COMPLETED", "details": {"target": 5000, "total_nodes": 5000, "message": "Target of 5000 nodes reached \u2014 all in-flight candidates fully evaluated."}}
{"timestamp": "2026-10-05 05:57:10 UTC", "ts": 1791179830.211297, "from_stage": "RESEARCH_COMPLETED", "to_stage": "EVOLUTION", "details": {"reason": "Need 480 candidates to fill batch (0/640 active)", "current_nodes": 5000, "target": 10000, "action": "generate next candidate batch"}}
{"timestamp": "2026-10-05 05:57:13 UTC", "ts": 1791179833.054856, "from_stage": "EVOLUTION", "to_stage": "BACKTESTING", "details": {"reason": "480 new candidates ready for screening", "completed": 547, "current_nodes": 5480, "target": 10000}}
{"timestamp": "2026-10-05 05:57:14 UTC", "ts": 1791179834.564318, "from_stage": "BACKTESTING", "to_stage": "EVOLUTION", "details": {"reason": "Need 480 candidates to fill batch (0/640 active)", "current_nodes": 5480, "target": 10000, "action": "generate next candidate batch"}}
{"timestamp": "2026-10-05 05:57:17 UTC", "ts": 1791179837.279183, "from_stage": "EVOLUTION", "to_stage": "BACKTESTING", "details": {"reason": "480 new candidates ready for screening", "completed": 547, "current_nodes": 5960, "target": 10000}}
{"timestamp": "2026-10-05 05:57:17 UTC", "ts": 1791179837.387827, "from_stage": "BACKTESTING", "to_stage": "EVOLUTION", "details": {"reason": "Need 160 candidates to fill batch (480/640 active)", "current_nodes": 5960, "target": 10000, "action": "generate next candidate batch"}}
{"timestamp": "2026-10-05 05:57:18 UTC", "ts": 1791179838.346076, "from_stage": "EVOLUTION", "to_stage": "BACKTESTING", "details": {"reason": "160 new candidates ready for screening", "completed": 547, "current_nodes": 6120, "target": 10000}}
{"timestamp": "2026-10-05 05:57:20 UTC", "ts": 1791179840.799151, "from_stage": "BACKTESTING", "to_stage": "EVOLUTION", "details": {"reason": "Need 480 candidates to fill batch (0/640 active)", "current_nodes": 6120, "target": 10000, "action": "generate next candidate batch"}}
{"timestamp": "2026-10-05 05:57:24 UTC", "ts": 1791179844.275691, "from_stage": "EVOLUTION", "to_stage": "BACKTESTING", "details": {"reason": "480 new candidates ready for screening", "completed": 547, "current_nodes": 6600, "target": 10000}}
{"timestamp": "2026-10-05 05:57:24 UTC", "ts": 1791179844.373021, "from_stage": "BACKTESTING", "to_stage": "EVOLUTION", "details": {"reason": "Need 160 candidates to fill batch (480/640 active)", "current_nodes": 6600, "target": 10000, "action": "generate next candidate batch"}}
{"timestamp": "2026-10-05 05:57:25 UTC", "ts": 1791179845.557753, "from_stage": "EVOLUTION", "to_stage": "BACKTESTING", "details": {"reason": "160 new candidates ready for screening", "completed": 547, "current_nodes": 6760, "target": 10000}}
{"timestamp": "2026-10-05 05:57:27 UTC", "ts": 1791179847.648018, "from_stage": "BACKTESTING", "to_stage": "EVOLUTION", "details": {"reason": "Need 480 candidates to fill batch (0/640 active)", "current_nodes": 6760, "target": 10000, "action": "generate next candidate batch"}}
{"timestamp": "2026-10-05 05:57:30 UTC", "ts": 1791179850.898664, "from_stage": "EVOLUTION", "to_stage": "BACKTESTING", "details": {"reason": "480 new candidates ready for screening", "completed": 547, "current_nodes": 7240, "target": 10000}}
{"timestamp": "2026-10-05 05:57:31 UTC", "ts": 1791179851.034499, "from_stage": "BACKTESTING", "to_stage": "EVOLUTION", "details": {"reason": "Need 160 candidates to fill batch (480/640 active)", "current_nodes": 7240, "target": 10000, "action": "generate next candidate batch"}}
{"timestamp": "2026-10-05 05:57:32 UTC", "ts": 1791179852.23628, "from_stage": "EVOLUTION", "to_stage": "BACKTESTING", "details": {"reason": "160 new candidates ready for screening", "completed": 547, "current_nodes": 7400, "target": 10000}}
{"timestamp": "2026-10-05 05:57:34 UTC", "ts": 1791179854.602809, "from_stage": "BACKTESTING", "to_stage": "EVOLUTION", "details": {"reason": "Need 480 candidates to fill batch (0/640 active)", "current_nodes": 7400, "target": 10000, "action": "generate next candidate batch"}}
{"timestamp": "2026-10-05 05:57:38 UTC", "ts": 1791179858.95319, "from_stage": "EVOLUTION", "to_stage": "BACKTESTING", "details": {"reason": "480 new candidates ready for screening", "completed": 547, "current_nodes": 7880, "target": 10000}}
{"timestamp": "2026-10-05 05:57:39 UTC", "ts": 1791179859.080663, "from_stage": "BACKTESTING", "to_stage": "EVOLUTION", "details": {"reason": "Need 160 candidates to fill batch (480/640 active)", "current_nodes": 7880, "target": 10000, "action": "generate next candidate batch"}}
{"timestamp": "2026-10-05 05:57:40 UTC", "ts": 1791179860.58326, "from_stage": "EVOLUTION", "to_stage": "BACKTESTING", "details": {"reason": "160 new candidates ready for screening", "completed": 547, "current_nodes": 8040, "target": 10000}}
{"timestamp": "2026-10-05 05:57:44 UTC", "ts": 1791179864.069845, "from_stage": "BACKTESTING", "to_stage": "EVOLUTION", "details": {"reason": "Need 480 candidates to fill batch (0/640 active)", "current_nodes": 8040, "target": 10000, "action": "generate next candidate batch"}}
{"timestamp": "2026-10-05 05:57:47 UTC", "ts": 1791179867.475271, "from_stage": "EVOLUTION", "to_stage": "BACKTESTING", "details": {"reason": "480 new candidates ready for screening", "completed": 547, "current_nodes": 8520, "target": 10000}}
{"timestamp": "2026-10-05 05:57:47 UTC", "ts": 1791179867.582498, "from_stage": "BACKTESTING", "to_stage": "EVOLUTION", "details": {"reason": "Need 160 candidates to fill batch (480/640 active)", "current_nodes": 8520, "target": 10000, "action": "generate next candidate batch"}}
{"timestamp": "2026-10-05 05:57:48 UTC", "ts": 1791179868.919727, "from_stage": "EVOLUTION", "to_stage": "BACKTESTING", "details": {"reason": "160 new candidates ready for screening", "completed": 547, "current_nodes": 8680, "target": 10000}}
{"timestamp": "2026-10-05 05:57:52 UTC", "ts": 1791179872.317489, "from_stage": "BACKTESTING", "to_stage": "EVOLUTION", "details": {"reason": "Need 480 candidates to fill batch (0/640 active)", "current_nodes": 8680, "target": 10000, "action": "generate next candidate batch"}}
{"timestamp": "2026-10-05 05:57:55 UTC", "ts": 1791179875.730535, "from_stage": "EVOLUTION", "to_stage": "BACKTESTING", "details": {"reason": "480 new candidates ready for screening", "completed": 547, "current_nodes": 9160, "target": 10000}}
{"timestamp": "2026-10-05 05:57:55 UTC", "ts": 1791179875.8394, "from_stage": "BACKTESTING", "to_stage": "EVOLUTION", "details": {"reason": "Need 160 candidates to fill batch (480/640 active)", "current_nodes": 9160, "target": 10000, "action": "generate next candidate batch"}}
{"timestamp": "2026-10-05 05:57:57 UTC", "ts": 1791179877.241428, "from_stage": "EVOLUTION", "to_stage": "BACKTESTING", "details": {"reason": "160 new candidates ready for screening", "completed": 547, "current_nodes": 9320, "target": 10000}}
{"timestamp": "2026-10-05 05:58:02 UTC", "ts": 1791179882.721616, "from_stage": "BACKTESTING", "to_stage": "EVOLUTION", "details": {"reason": "Need 480 candidates to fill batch (0/640 active)", "current_nodes": 9320, "target": 10000, "action": "generate next candidate batch"}}
{"timestamp": "2026-10-05 05:58:06 UTC", "ts": 1791179886.603342, "from_stage": "EVOLUTION", "to_stage": "BACKTESTING", "details": {"reason": "480 new candidates ready for screening", "completed": 547, "current_nodes": 9800, "target": 10000}}
{"timestamp": "2026-10-05 05:58:06 UTC", "ts": 1791179886.752155, "from_stage": "BACKTESTING", "to_stage": "EVOLUTION", "details": {"reason": "Need 160 candidates to fill batch (480/640 active)", "current_nodes": 9800, "target": 10000, "action": "generate next candidate batch"}}
{"timestamp": "2026-10-05 05:58:08 UTC", "ts": 1791179888.593156, "from_stage": "EVOLUTION", "to_stage": "BACKTESTING", "details": {"reason": "160 new candidates ready for screening", "completed": 547, "current_nodes": 9960, "target": 10000}}
{"timestamp": "2026-10-05 05:58:13 UTC", "ts": 1791179893.601211, "from_stage": "BACKTESTING", "to_stage": "EVOLUTION", "details": {"reason": "Need 40 candidates to fill batch (0/640 active)", "current_nodes": 9960, "target": 10000, "action": "generate next candidate batch"}}
{"timestamp": "2026-10-05 05:58:14 UTC", "ts": 1791179894.251816, "from_stage": "EVOLUTION", "to_stage": "BACKTESTING", "details": {"reason": "40 new candidates ready for screening", "completed": 547, "current_nodes": 10000, "target": 10000}}
